{"type":"FeatureCollection","bbox":[124.6098,36.8935,127.8494,38.292],"meta":{"asOf":"2026-07-31","boundaryVersion":"20260701","boundaries_metro":1187,"rendered":1187,"boundaries_without_population":0,"population_rows_metro":1193,"population_rows_without_boundary":6,"orphan_sample":["2871042500 인천광역시 강화군 서도면볼음출장소","2872031500 인천광역시 옹진군 북도면장봉출장소","2872034500 인천광역시 옹진군 대청면소청출장소","2872037500 인천광역시 옹진군 자월면이작출장소","4136025700 경기도 남양주시 화도읍동부출장소","4136025800 경기도 남양주시 화도읍남부출장소"],"total_population":26066115,"density_min":2,"density_median":12205,"density_max":51366,"points_before":121668,"points_after":34710,"reduction":"71.5%"},"features":[{"type":"Feature","properties":{"c":"1111053000","n":"서울특별시 종로구 사직동","sg":"종로구","sd":"서울특별시","p":8839,"a":1.168,"d":7569},"geometry":{"type":"MultiPolygon","coordinates":[[[[126.9769,37.5757],[126.977,37.5692],[126.9743,37.5693],[126.969,37.5682],[126.9657,37.5702],[126.966,37.5715],[126.9628,37.5767],[126.9628,37.5794],[126.9674,37.5796],[126.9681,37.5782],[126.969,37.5779],[126.9699,37.5793],[126.9738,37.5794],[126.9743,37.5757],[126.9769,37.5757]]]]}},{"type":"Feature","properties":{"c":"1111054000","n":"서울특별시 종로구 삼청동","sg":"종로구","sd":"서울특별시","p":2040,"a":1.364,"d":1496},"geometry":{"type":"MultiPolygon","coordinates":[[[[126.9827,37.5951],[126.9858,37.5928],[126.9895,37.5918],[126.9862,37.589],[126.9853,37.5861],[126.9837,37.585],[126.9829,37.5835],[126.984,37.5784],[126.9855,37.5767],[126.9831,37.5755],[126.9796,37.576],[126.9803,37.581],[126.9794,37.5859],[126.979,37.5872],[126.9757,37.5897],[126.9736,37.5933],[126.9759,37.5966],[126.9827,37.5951]]]]}},{"type":"Feature","properties":{"c":"1111055000","n":"서울특별시 종로구 부암동","sg":"종로구","sd":"서울특별시","p":8866,"a":2.206,"d":4019},"geometry":{"type":"MultiPolygon","coordinates":[[[[126.9759,37.5966],[126.9736,37.5933],[126.9719,37.5939],[126.9681,37.5936],[126.9664,37.5929],[126.9646,37.591],[126.9642,37.5891],[126.9632,37.5879],[126.9617,37.5867],[126.9589,37.586],[126.9578,37.585],[126.9579,37.5838],[126.9569,37.5854],[126.9579,37.5888],[126.9575,37.5927],[126.9563,37.5951],[126.9571,37.5984],[126.9541,37.5986],[126.9527,37.6004],[126.9534,37.6054],[126.9582,37.6035],[126.9615,37.6071],[126.9633,37.604],[126.9662,37.6009],[126.9733,37.5988],[126.9742,37.5976],[126.9737,37.5971],[126.9759,37.5966]]]]}},{"type":"Feature","properties":{"c":"1111056000","n":"서울특별시 종로구 평창동","sg":"종로구","sd":"서울특별시","p":16922,"a":9.033,"d":1873},"geometry":{"type":"MultiPolygon","coordinates":[[[[126.9751,37.6314],[126.9765,37.6301],[126.9767,37.6288],[126.9782,37.6284],[126.9795,37.6292],[126.9805,37.6291],[126.9797,37.628],[126.9792,37.6246],[126.9814,37.6217],[126.9828,37.6167],[126.9867,37.6147],[126.9871,37.6136],[126.9859,37.6071],[126.9877,37.6012],[126.9849,37.5994],[126.9816,37.5991],[126.9816,37.5972],[126.9827,37.5951],[126.974,37.5969],[126.9741,37.598],[126.9733,37.5988],[126.9671,37.6003],[126.9633,37.604],[126.9615,37.6071],[126.9582,37.6035],[126.954,37.6048],[126.9507,37.6083],[126.9504,37.6079],[126.95,37.6097],[126.9509,37.6124],[126.9503,37.6184],[126.9522,37.6248],[126.9568,37.6254],[126.9595,37.6285],[126.9693,37.6302],[126.9718,37.6323],[126.9751,37.6314]]]]}},{"type":"Feature","properties":{"c":"1111057000","n":"서울특별시 종로구 무악동","sg":"종로구","sd":"서울특별시","p":7710,"a":0.468,"d":16461},"geometry":{"type":"MultiPolygon","coordinates":[[[[126.9607,37.5808],[126.9628,37.5794],[126.9628,37.5767],[126.9607,37.5732],[126.9596,37.573],[126.9536,37.5789],[126.9555,37.579],[126.9558,37.5807],[126.957,37.5816],[126.9588,37.5816],[126.9607,37.5808]]]]}},{"type":"Feature","properties":{"c":"1111058000","n":"서울특별시 종로구 교남동","sg":"종로구","sd":"서울특별시","p":9481,"a":0.347,"d":27355},"geometry":{"type":"MultiPolygon","coordinates":[[[[126.969,37.5682],[126.9668,37.5658],[126.9596,37.573],[126.9607,37.5732],[126.9628,37.5767],[126.966,37.5715],[126.9657,37.5702],[126.969,37.5682]]]]}},{"type":"Feature","properties":{"c":"1111060000","n":"서울특별시 종로구 가회동","sg":"종로구","sd":"서울특별시","p":3509,"a":0.606,"d":5786},"geometry":{"type":"MultiPolygon","coordinates":[[[[126.9891,37.5913],[126.988,37.5855],[126.9889,37.5855],[126.9898,37.5823],[126.9893,37.5774],[126.9855,37.5767],[126.984,37.5784],[126.9828,37.5832],[126.9837,37.585],[126.9853,37.5861],[126.9862,37.589],[126.9891,37.5913]]]]}},{"type":"Feature","properties":{"c":"1111061500","n":"서울특별시 종로구 종로1·2·3·4가동","sg":"종로구","sd":"서울특별시","p":6589,"a":2.398,"d":2747},"geometry":{"type":"MultiPolygon","coordinates":[[[[126.9965,37.581],[126.9972,37.5769],[126.9997,37.5759],[126.9981,37.5738],[127.0016,37.5696],[126.9889,37.5681],[126.977,37.5692],[126.9769,37.5757],[126.9796,37.576],[126.9831,37.5755],[126.9855,37.5767],[126.9893,37.5774],[126.9898,37.5823],[126.9889,37.5855],[126.988,37.5855],[126.9883,37.5875],[126.9933,37.5869],[126.996,37.5833],[126.9965,37.581]]]]}},{"type":"Feature","properties":{"c":"1111063000","n":"서울특별시 종로구 종로5·6가동","sg":"종로구","sd":"서울특별시","p":5397,"a":0.635,"d":8505},"geometry":{"type":"MultiPolygon","coordinates":[[[[127.0102,37.5716],[127.0096,37.5698],[127.0016,37.5696],[126.998,37.5743],[126.9994,37.5758],[127.0086,37.5767],[127.0088,37.5727],[127.0102,37.5716]]]]}},{"type":"Feature","properties":{"c":"1111064000","n":"서울특별시 종로구 이화동","sg":"종로구","sd":"서울특별시","p":7076,"a":0.757,"d":9345},"geometry":{"type":"MultiPolygon","coordinates":[[[[127.0073,37.5832],[127.0088,37.5805],[127.0086,37.5767],[126.9997,37.5759],[126.9972,37.5769],[126.9965,37.581],[127.0018,37.5825],[127.0017,37.5831],[127.0027,37.5837],[127.0058,37.5848],[127.0073,37.5832]]]]}},{"type":"Feature","properties":{"c":"1111067000","n":"서울특별시 종로구 창신1동","sg":"종로구","sd":"서울특별시","p":4350,"a":0.314,"d":13837},"geometry":{"type":"MultiPolygon","coordinates":[[[[127.0157,37.573],[127.0188,37.571],[127.016,37.5698],[127.0096,37.5698],[127.0102,37.5716],[127.012,37.5726],[127.0126,37.5754],[127.0155,37.5768],[127.0157,37.573]]]]}},{"type":"Feature","properties":{"c":"1111068000","n":"서울특별시 종로구 창신2동","sg":"종로구","sd":"서울특별시","p":7061,"a":0.25,"d":28207},"geometry":{"type":"MultiPolygon","coordinates":[[[[127.0105,37.5803],[127.0126,37.5747],[127.012,37.5726],[127.0097,37.5715],[127.0088,37.5727],[127.0084,37.5762],[127.0088,37.5805],[127.0105,37.5803]]]]}},{"type":"Feature","properties":{"c":"1111069000","n":"서울특별시 종로구 창신3동","sg":"종로구","sd":"서울특별시","p":6050,"a":0.221,"d":27404},"geometry":{"type":"MultiPolygon","coordinates":[[[[127.015,37.5821],[127.0155,37.5768],[127.0126,37.5754],[127.0117,37.5762],[127.0105,37.5803],[127.0122,37.5815],[127.015,37.5821]]]]}},{"type":"Feature","properties":{"c":"1111070000","n":"서울특별시 종로구 숭인1동","sg":"종로구","sd":"서울특별시","p":5661,"a":0.238,"d":23832},"geometry":{"type":"MultiPolygon","coordinates":[[[[127.0188,37.5775],[127.0189,37.574],[127.0157,37.573],[127.015,37.5821],[127.0168,37.5815],[127.018,37.5781],[127.0188,37.5775]]]]}},{"type":"Feature","properties":{"c":"1111071000","n":"서울특별시 종로구 숭인2동","sg":"종로구","sd":"서울특별시","p":10224,"a":0.322,"d":31749},"geometry":{"type":"MultiPolygon","coordinates":[[[[127.0232,37.578],[127.0234,37.5717],[127.0188,37.571],[127.0157,37.573],[127.0189,37.574],[127.0188,37.5775],[127.0232,37.578]]]]}},{"type":"Feature","properties":{"c":"1111051500","n":"서울특별시 종로구 청운효자동","sg":"종로구","sd":"서울특별시","p":10635,"a":2.443,"d":4354},"geometry":{"type":"MultiPolygon","coordinates":[[[[126.9736,37.5933],[126.9757,37.5897],[126.979,37.5872],[126.9794,37.5859],[126.9803,37.581],[126.9796,37.576],[126.9743,37.5757],[126.9738,37.5794],[126.9699,37.5793],[126.969,37.5779],[126.9681,37.5782],[126.9674,37.5796],[126.9628,37.5794],[126.9607,37.5808],[126.9579,37.5838],[126.9578,37.585],[126.9589,37.586],[126.9617,37.5867],[126.9632,37.5879],[126.9642,37.5891],[126.9646,37.591],[126.9664,37.5929],[126.9681,37.5936],[126.9719,37.5939],[126.9736,37.5933]]]]}},{"type":"Feature","properties":{"c":"1111065000","n":"서울특별시 종로구 혜화동","sg":"종로구","sd":"서울특별시","p":15729,"a":1.167,"d":13482},"geometry":{"type":"MultiPolygon","coordinates":[[[[127.0042,37.588],[127.0043,37.5871],[127.0059,37.5869],[127.0065,37.5861],[127.0073,37.5832],[127.0058,37.5848],[127.0027,37.5837],[127.0017,37.5831],[127.0018,37.5825],[126.9965,37.581],[126.996,37.5833],[126.9933,37.5869],[126.9883,37.5875],[126.9891,37.5913],[126.9987,37.5925],[127.0016,37.5919],[127.0017,37.5901],[127.0042,37.588]]]]}},{"type":"Feature","properties":{"c":"1114052000","n":"서울특별시 중구 소공동","sg":"중구","sd":"서울특별시","p":2202,"a":0.937,"d":2349},"geometry":{"type":"MultiPolygon","coordinates":[[[[126.9811,37.5618],[126.9741,37.5598],[126.9714,37.5596],[126.9668,37.5658],[126.969,37.5682],[126.9754,37.5693],[126.9756,37.5678],[126.9784,37.5654],[126.9826,37.5659],[126.982,37.563],[126.9811,37.5618]]]]}},{"type":"Feature","properties":{"c":"1114054000","n":"서울특별시 중구 회현동","sg":"중구","sd":"서울특별시","p":4035,"a":0.895,"d":4511},"geometry":{"type":"MultiPolygon","coordinates":[[[[126.9854,37.5542],[126.9849,37.5533],[126.9837,37.553],[126.9815,37.5539],[126.9798,37.5534],[126.9767,37.555],[126.9767,37.5527],[126.9724,37.5544],[126.9691,37.5539],[126.9685,37.5554],[126.9693,37.558],[126.9706,37.5593],[126.9811,37.5618],[126.9832,37.558],[126.9836,37.5542],[126.9854,37.5542]]]]}},{"type":"Feature","properties":{"c":"1114055000","n":"서울특별시 중구 명동","sg":"중구","sd":"서울특별시","p":2484,"a":1.009,"d":2463},"geometry":{"type":"MultiPolygon","coordinates":[[[[126.977,37.5692],[126.9909,37.5682],[126.9906,37.5662],[126.9898,37.5661],[126.9885,37.5647],[126.9888,37.5629],[126.9903,37.563],[126.9905,37.5612],[126.9885,37.5604],[126.9869,37.5575],[126.9849,37.5563],[126.9854,37.5542],[126.9836,37.5542],[126.9832,37.558],[126.9811,37.5618],[126.982,37.563],[126.9826,37.5659],[126.9784,37.5654],[126.9753,37.5687],[126.9754,37.5693],[126.977,37.5692]]]]}},{"type":"Feature","properties":{"c":"1114057000","n":"서울특별시 중구 필동","sg":"중구","sd":"서울특별시","p":4307,"a":1.481,"d":2908},"geometry":{"type":"MultiPolygon","coordinates":[[[[126.9935,37.563],[126.9937,37.5618],[126.9948,37.5614],[127.0012,37.5629],[127.0004,37.5594],[127.0026,37.5585],[127.0035,37.5588],[127.0039,37.5581],[127.0025,37.5558],[126.9986,37.5543],[126.9974,37.5513],[126.9944,37.5523],[126.9924,37.5501],[126.9878,37.5515],[126.9854,37.5537],[126.9847,37.5561],[126.9869,37.5575],[126.9885,37.5604],[126.9905,37.5612],[126.9903,37.563],[126.9935,37.563]]]]}},{"type":"Feature","properties":{"c":"1114058000","n":"서울특별시 중구 장충동","sg":"중구","sd":"서울특별시","p":4570,"a":1.005,"d":4548},"geometry":{"type":"MultiPolygon","coordinates":[[[[127.0096,37.563],[127.0099,37.5603],[127.0073,37.5563],[127.0045,37.5539],[127.0038,37.5519],[127.0042,37.5504],[127.0027,37.5496],[126.9985,37.5499],[126.9953,37.5472],[126.9924,37.5501],[126.9926,37.5507],[126.9944,37.5523],[126.9974,37.5513],[126.9986,37.5543],[127.0035,37.5567],[127.0035,37.5588],[127.0026,37.5585],[127.0004,37.5594],[127.0012,37.5629],[127.0052,37.5625],[127.0067,37.5636],[127.0096,37.563]]]]}},{"type":"Feature","properties":{"c":"1114059000","n":"서울특별시 중구 광희동","sg":"중구","sd":"서울특별시","p":5718,"a":0.754,"d":7583},"geometry":{"type":"MultiPolygon","coordinates":[[[[127.0096,37.563],[127.0067,37.5636],[127.0052,37.5625],[127.0012,37.5629],[126.9948,37.5614],[126.9937,37.5617],[126.9934,37.5626],[126.9959,37.5655],[127.0015,37.5659],[127.0032,37.5653],[127.0055,37.5693],[127.0096,37.5698],[127.0118,37.5678],[127.0119,37.5665],[127.0105,37.5658],[127.0096,37.563]]]]}},{"type":"Feature","properties":{"c":"1114060500","n":"서울특별시 중구 을지로동","sg":"중구","sd":"서울특별시","p":3033,"a":0.601,"d":5050},"geometry":{"type":"MultiPolygon","coordinates":[[[[126.9935,37.563],[126.9888,37.5629],[126.9886,37.5652],[126.9906,37.5662],[126.9909,37.5682],[127.0016,37.5696],[127.0067,37.5696],[127.005,37.5688],[127.0032,37.5653],[127.0015,37.5659],[126.9959,37.5655],[126.9935,37.563]]]]}},{"type":"Feature","properties":{"c":"1114065000","n":"서울특별시 중구 신당5동","sg":"중구","sd":"서울특별시","p":9974,"a":0.316,"d":31543},"geometry":{"type":"MultiPolygon","coordinates":[[[[127.0236,37.5652],[127.0267,37.565],[127.0268,37.5643],[127.0263,37.563],[127.0235,37.5607],[127.0213,37.5611],[127.0188,37.5634],[127.016,37.5641],[127.0181,37.5656],[127.0206,37.5658],[127.0236,37.5652]]]]}},{"type":"Feature","properties":{"c":"1114067000","n":"서울특별시 중구 황학동","sg":"중구","sd":"서울특별시","p":13174,"a":0.315,"d":41766},"geometry":{"type":"MultiPolygon","coordinates":[[[[127.0236,37.5652],[127.0206,37.5658],[127.0181,37.5656],[127.0175,37.5703],[127.0188,37.571],[127.0234,37.5717],[127.0236,37.5652]]]]}},{"type":"Feature","properties":{"c":"1114068000","n":"서울특별시 중구 중림동","sg":"중구","sd":"서울특별시","p":11925,"a":0.493,"d":24181},"geometry":{"type":"MultiPolygon","coordinates":[[[[126.9714,37.5596],[126.9693,37.558],[126.9685,37.5554],[126.9657,37.5541],[126.9624,37.5515],[126.9617,37.5553],[126.9632,37.5572],[126.963,37.5582],[126.9615,37.5589],[126.9638,37.5593],[126.9669,37.5613],[126.9696,37.562],[126.9714,37.5596]]]]}},{"type":"Feature","properties":{"c":"1114061500","n":"서울특별시 중구 신당동","sg":"중구","sd":"서울특별시","p":7258,"a":0.542,"d":13384},"geometry":{"type":"MultiPolygon","coordinates":[[[[127.0181,37.5656],[127.016,37.5641],[127.0143,37.5611],[127.0128,37.5606],[127.0094,37.562],[127.0105,37.5658],[127.0119,37.5665],[127.0118,37.5678],[127.0096,37.5698],[127.016,37.5698],[127.0175,37.5703],[127.0181,37.5656]]]]}},{"type":"Feature","properties":{"c":"1114062500","n":"서울특별시 중구 다산동","sg":"중구","sd":"서울특별시","p":12833,"a":0.548,"d":23433},"geometry":{"type":"MultiPolygon","coordinates":[[[[127.0128,37.5606],[127.0136,37.5602],[127.0072,37.5483],[127.0053,37.5477],[127.0059,37.5482],[127.0047,37.5483],[127.0038,37.5519],[127.0045,37.5539],[127.0073,37.5563],[127.0099,37.5603],[127.0094,37.562],[127.0128,37.5606]]]]}},{"type":"Feature","properties":{"c":"1114063500","n":"서울특별시 중구 약수동","sg":"중구","sd":"서울특별시","p":15623,"a":0.513,"d":30465},"geometry":{"type":"MultiPolygon","coordinates":[[[[127.0163,37.553],[127.0107,37.5481],[127.0086,37.544],[127.0073,37.5438],[127.0048,37.5462],[127.0053,37.5477],[127.0072,37.5483],[127.0111,37.5555],[127.0122,37.5551],[127.0125,37.5539],[127.0135,37.5536],[127.0145,37.5544],[127.0163,37.553]]]]}},{"type":"Feature","properties":{"c":"1114064500","n":"서울특별시 중구 청구동","sg":"중구","sd":"서울특별시","p":10620,"a":0.331,"d":32120},"geometry":{"type":"MultiPolygon","coordinates":[[[[127.0194,37.5575],[127.0174,37.556],[127.0163,37.553],[127.0145,37.5544],[127.0135,37.5536],[127.0125,37.5539],[127.0122,37.5551],[127.0111,37.5555],[127.0136,37.5602],[127.0128,37.5606],[127.0143,37.5611],[127.0139,37.5603],[127.0189,37.5584],[127.0194,37.5575]]]]}},{"type":"Feature","properties":{"c":"1114066500","n":"서울특별시 중구 동화동","sg":"중구","sd":"서울특별시","p":9737,"a":0.346,"d":28180},"geometry":{"type":"MultiPolygon","coordinates":[[[[127.0233,37.5607],[127.0229,37.5579],[127.0194,37.5575],[127.0189,37.5584],[127.0139,37.5603],[127.016,37.5641],[127.0188,37.5634],[127.0213,37.5611],[127.0233,37.5607]]]]}},{"type":"Feature","properties":{"c":"1117051000","n":"서울특별시 용산구 후암동","sg":"용산구","sd":"서울특별시","p":15579,"a":0.862,"d":18070},"geometry":{"type":"MultiPolygon","coordinates":[[[[126.9854,37.5537],[126.9878,37.5515],[126.9874,37.5495],[126.986,37.5478],[126.9838,37.5465],[126.9751,37.5455],[126.9744,37.549],[126.9758,37.5523],[126.9767,37.5527],[126.9766,37.555],[126.9798,37.5534],[126.9815,37.5539],[126.9837,37.553],[126.9854,37.5537]]]]}},{"type":"Feature","properties":{"c":"1117052000","n":"서울특별시 용산구 용산2가동","sg":"용산구","sd":"서울특별시","p":8383,"a":1.99,"d":4213},"geometry":{"type":"MultiPolygon","coordinates":[[[[126.9924,37.5501],[126.9932,37.5491],[126.9914,37.5478],[126.9886,37.5431],[126.9868,37.5382],[126.9874,37.5344],[126.9886,37.5338],[126.9914,37.5299],[126.9917,37.5272],[126.9866,37.5271],[126.9798,37.5261],[126.9806,37.5347],[126.9785,37.546],[126.984,37.5466],[126.986,37.5478],[126.9874,37.5495],[126.9878,37.5515],[126.9924,37.5501]]]]}},{"type":"Feature","properties":{"c":"1117053000","n":"서울특별시 용산구 남영동","sg":"용산구","sd":"서울특별시","p":7017,"a":1.167,"d":6014},"geometry":{"type":"MultiPolygon","coordinates":[[[[126.9767,37.5527],[126.9751,37.5511],[126.9743,37.5475],[126.9751,37.5455],[126.9785,37.546],[126.9806,37.5347],[126.9761,37.5346],[126.9751,37.5354],[126.9732,37.5403],[126.9709,37.5391],[126.9709,37.5485],[126.9691,37.5539],[126.9724,37.5544],[126.9767,37.5527]]]]}},{"type":"Feature","properties":{"c":"1117057000","n":"서울특별시 용산구 원효로2동","sg":"용산구","sd":"서울특별시","p":13300,"a":0.797,"d":16696},"geometry":{"type":"MultiPolygon","coordinates":[[[[126.9607,37.5357],[126.9616,37.5331],[126.9597,37.5333],[126.9574,37.5327],[126.9486,37.5285],[126.9447,37.5338],[126.9461,37.5356],[126.9511,37.5362],[126.953,37.5378],[126.9607,37.5357]]]]}},{"type":"Feature","properties":{"c":"1117058000","n":"서울특별시 용산구 효창동","sg":"용산구","sd":"서울특별시","p":10406,"a":0.419,"d":24862},"geometry":{"type":"MultiPolygon","coordinates":[[[[126.9632,37.5487],[126.9635,37.5467],[126.9621,37.544],[126.9622,37.5419],[126.9646,37.5425],[126.9649,37.5415],[126.9639,37.5386],[126.9579,37.5399],[126.9565,37.5407],[126.9577,37.5421],[126.9586,37.5456],[126.9632,37.5487]]]]}},{"type":"Feature","properties":{"c":"1117059000","n":"서울특별시 용산구 용문동","sg":"용산구","sd":"서울특별시","p":11039,"a":0.269,"d":41106},"geometry":{"type":"MultiPolygon","coordinates":[[[[126.9639,37.5386],[126.9632,37.5374],[126.9607,37.5357],[126.953,37.5378],[126.9565,37.5407],[126.9579,37.5399],[126.9639,37.5386]]]]}},{"type":"Feature","properties":{"c":"1117063000","n":"서울특별시 용산구 이촌1동","sg":"용산구","sd":"서울특별시","p":24926,"a":2.898,"d":8601},"geometry":{"type":"MultiPolygon","coordinates":[[[[126.9762,37.5218],[126.983,37.5194],[126.9831,37.5161],[126.9807,37.5066],[126.9741,37.5073],[126.9658,37.5105],[126.9572,37.5154],[126.9618,37.5226],[126.9651,37.522],[126.9721,37.523],[126.9762,37.5218]]]]}},{"type":"Feature","properties":{"c":"1117064000","n":"서울특별시 용산구 이촌2동","sg":"용산구","sd":"서울특별시","p":7693,"a":1.179,"d":6526},"geometry":{"type":"MultiPolygon","coordinates":[[[[126.9618,37.5226],[126.9572,37.5154],[126.9496,37.5178],[126.9497,37.5268],[126.9486,37.5285],[126.9546,37.5315],[126.9554,37.527],[126.9575,37.525],[126.9618,37.5226]]]]}},{"type":"Feature","properties":{"c":"1117065000","n":"서울특별시 용산구 이태원1동","sg":"용산구","sd":"서울특별시","p":5386,"a":0.534,"d":10077},"geometry":{"type":"MultiPolygon","coordinates":[[[[126.9979,37.5326],[126.9948,37.5287],[126.9913,37.5295],[126.9879,37.5344],[126.9953,37.539],[126.997,37.5334],[126.9979,37.5326]]]]}},{"type":"Feature","properties":{"c":"1117066000","n":"서울특별시 용산구 이태원2동","sg":"용산구","sd":"서울특별시","p":8337,"a":0.893,"d":9333},"geometry":{"type":"MultiPolygon","coordinates":[[[[126.9953,37.5472],[126.9965,37.546],[126.9978,37.5413],[126.9951,37.5387],[126.9878,37.5343],[126.987,37.5357],[126.9868,37.5382],[126.9886,37.5431],[126.9914,37.5478],[126.9932,37.5491],[126.9953,37.5472]]]]}},{"type":"Feature","properties":{"c":"1117069000","n":"서울특별시 용산구 서빙고동","sg":"용산구","sd":"서울특별시","p":12144,"a":2.848,"d":4264},"geometry":{"type":"MultiPolygon","coordinates":[[[[126.9913,37.5295],[126.9954,37.5286],[126.9968,37.5278],[126.997,37.525],[127.0004,37.5221],[127.0004,37.5179],[126.9906,37.513],[126.9857,37.5066],[126.9807,37.5066],[126.9831,37.5161],[126.983,37.5194],[126.9762,37.5218],[126.9798,37.5261],[126.9866,37.5271],[126.9917,37.5272],[126.9913,37.5295]]]]}},{"type":"Feature","properties":{"c":"1117070000","n":"서울특별시 용산구 보광동","sg":"용산구","sd":"서울특별시","p":5003,"a":0.874,"d":5721},"geometry":{"type":"MultiPolygon","coordinates":[[[[127.008,37.5246],[127.0044,37.5203],[127.0004,37.5179],[127.0003,37.5225],[126.997,37.525],[126.9968,37.5278],[126.9948,37.5287],[126.9979,37.5326],[127.0009,37.5317],[127.0033,37.5302],[127.0037,37.5293],[127.0029,37.5281],[127.008,37.5246]]]]}},{"type":"Feature","properties":{"c":"1117055500","n":"서울특별시 용산구 청파동","sg":"용산구","sd":"서울특별시","p":18784,"a":0.924,"d":20320},"geometry":{"type":"MultiPolygon","coordinates":[[[[126.9691,37.5539],[126.9709,37.5485],[126.971,37.5417],[126.9649,37.5415],[126.9646,37.5425],[126.9622,37.5419],[126.9621,37.544],[126.9635,37.5467],[126.9632,37.5487],[126.9639,37.5498],[126.9624,37.5515],[126.9657,37.5541],[126.9685,37.5554],[126.9691,37.5539]]]]}},{"type":"Feature","properties":{"c":"1117056000","n":"서울특별시 용산구 원효로1동","sg":"용산구","sd":"서울특별시","p":17044,"a":0.565,"d":30171},"geometry":{"type":"MultiPolygon","coordinates":[[[[126.9709,37.5391],[126.9708,37.5367],[126.9695,37.5343],[126.9668,37.5338],[126.9649,37.5345],[126.9616,37.5331],[126.9607,37.5358],[126.9632,37.5374],[126.9649,37.5415],[126.9707,37.5416],[126.9709,37.5391]]]]}},{"type":"Feature","properties":{"c":"1117062500","n":"서울특별시 용산구 한강로동","sg":"용산구","sd":"서울특별시","p":20859,"a":2.83,"d":7372},"geometry":{"type":"MultiPolygon","coordinates":[[[[126.9806,37.5347],[126.9798,37.5261],[126.9762,37.5218],[126.9721,37.523],[126.9632,37.5222],[126.9575,37.525],[126.9554,37.527],[126.9546,37.5315],[126.9587,37.5331],[126.9616,37.5331],[126.9647,37.5345],[126.9668,37.5338],[126.9692,37.5341],[126.9708,37.5367],[126.9709,37.5391],[126.9732,37.5403],[126.9751,37.5354],[126.9761,37.5346],[126.9806,37.5347]]]]}},{"type":"Feature","properties":{"c":"1117068500","n":"서울특별시 용산구 한남동","sg":"용산구","sd":"서울특별시","p":13675,"a":3.2,"d":4273},"geometry":{"type":"MultiPolygon","coordinates":[[[[127.0053,37.5477],[127.0048,37.5462],[127.0073,37.5438],[127.0086,37.544],[127.0083,37.5419],[127.0093,37.5397],[127.0115,37.539],[127.0129,37.5393],[127.0148,37.5389],[127.0209,37.5351],[127.008,37.5246],[127.0029,37.5281],[127.0035,37.53],[126.997,37.5334],[126.9951,37.5382],[126.9955,37.5396],[126.9978,37.5413],[126.9979,37.5422],[126.9965,37.546],[126.9953,37.5472],[126.9985,37.5499],[127.0027,37.5496],[127.0042,37.5504],[127.0047,37.5483],[127.0059,37.5482],[127.0053,37.5477]]]]}},{"type":"Feature","properties":{"c":"1120052000","n":"서울특별시 성동구 왕십리2동","sg":"성동구","sd":"서울특별시","p":15611,"a":0.335,"d":46607},"geometry":{"type":"MultiPolygon","coordinates":[[[[127.0335,37.5625],[127.0311,37.5603],[127.0282,37.5603],[127.0243,37.5579],[127.0229,37.5579],[127.0233,37.5607],[127.0263,37.563],[127.0267,37.565],[127.0335,37.5625]]]]}},{"type":"Feature","properties":{"c":"1120054000","n":"서울특별시 성동구 마장동","sg":"성동구","sd":"서울특별시","p":21402,"a":1.129,"d":18953},"geometry":{"type":"MultiPolygon","coordinates":[[[[127.0482,37.5654],[127.0469,37.5653],[127.0453,37.5622],[127.0394,37.5619],[127.0365,37.566],[127.0347,37.5662],[127.033,37.5679],[127.0323,37.5701],[127.0365,37.5725],[127.0422,37.573],[127.0438,37.5709],[127.046,37.5696],[127.0482,37.5654]]]]}},{"type":"Feature","properties":{"c":"1120055000","n":"서울특별시 성동구 사근동","sg":"성동구","sd":"서울특별시","p":12120,"a":1.156,"d":10483},"geometry":{"type":"MultiPolygon","coordinates":[[[[127.0493,37.5526],[127.0398,37.5529],[127.039,37.5539],[127.0395,37.5557],[127.0388,37.5628],[127.0394,37.5619],[127.0453,37.5622],[127.0469,37.5653],[127.0482,37.5654],[127.05,37.5627],[127.0517,37.5583],[127.0512,37.555],[127.0493,37.5526]]]]}},{"type":"Feature","properties":{"c":"1120056000","n":"서울특별시 성동구 행당1동","sg":"성동구","sd":"서울특별시","p":15719,"a":0.568,"d":27694},"geometry":{"type":"MultiPolygon","coordinates":[[[[127.0388,37.5628],[127.0392,37.5542],[127.0342,37.5546],[127.034,37.5585],[127.0308,37.5579],[127.0311,37.5603],[127.0335,37.5625],[127.0355,37.5613],[127.0365,37.566],[127.0388,37.5628]]]]}},{"type":"Feature","properties":{"c":"1120057000","n":"서울특별시 성동구 행당2동","sg":"성동구","sd":"서울특별시","p":22242,"a":0.48,"d":46302},"geometry":{"type":"MultiPolygon","coordinates":[[[[127.0311,37.5603],[127.0308,37.5579],[127.034,37.5585],[127.0343,37.5549],[127.0314,37.5529],[127.0257,37.555],[127.0249,37.5557],[127.0243,37.5579],[127.0281,37.5602],[127.0311,37.5603]]]]}},{"type":"Feature","properties":{"c":"1120058000","n":"서울특별시 성동구 응봉동","sg":"성동구","sd":"서울특별시","p":14354,"a":0.564,"d":25449},"geometry":{"type":"MultiPolygon","coordinates":[[[[127.039,37.5539],[127.0405,37.5525],[127.0401,37.5513],[127.0325,37.5467],[127.0304,37.5463],[127.0295,37.5492],[127.029,37.5491],[127.0295,37.5539],[127.0314,37.5529],[127.0343,37.5549],[127.039,37.5539]]]]}},{"type":"Feature","properties":{"c":"1120059000","n":"서울특별시 성동구 금호1가동","sg":"성동구","sd":"서울특별시","p":14212,"a":0.408,"d":34802},"geometry":{"type":"MultiPolygon","coordinates":[[[[127.0295,37.5539],[127.029,37.5491],[127.0259,37.5483],[127.0261,37.55],[127.0252,37.5521],[127.0227,37.5533],[127.02,37.5557],[127.0194,37.5575],[127.0243,37.5579],[127.0249,37.5557],[127.0257,37.555],[127.0295,37.5539]]]]}},{"type":"Feature","properties":{"c":"1120062000","n":"서울특별시 성동구 금호4가동","sg":"성동구","sd":"서울특별시","p":13726,"a":0.78,"d":17587},"geometry":{"type":"MultiPolygon","coordinates":[[[[127.0304,37.5463],[127.0311,37.546],[127.0315,37.5425],[127.0229,37.5415],[127.0197,37.5451],[127.0168,37.5457],[127.0145,37.5481],[127.0168,37.5485],[127.0254,37.5481],[127.0295,37.5492],[127.0304,37.5463]]]]}},{"type":"Feature","properties":{"c":"1120065000","n":"서울특별시 성동구 성수1가1동","sg":"성동구","sd":"서울특별시","p":14748,"a":1.868,"d":7893},"geometry":{"type":"MultiPolygon","coordinates":[[[[127.0496,37.5442],[127.0519,37.5435],[127.0505,37.5401],[127.0508,37.5373],[127.0491,37.5326],[127.0467,37.534],[127.0403,37.5359],[127.0359,37.5358],[127.036,37.5379],[127.0334,37.5413],[127.0315,37.5425],[127.0311,37.546],[127.0304,37.5463],[127.0312,37.5466],[127.0311,37.5461],[127.0344,37.5454],[127.0367,37.5476],[127.0436,37.546],[127.0454,37.5461],[127.0491,37.5448],[127.0496,37.5442]]]]}},{"type":"Feature","properties":{"c":"1120066000","n":"서울특별시 성동구 성수1가2동","sg":"성동구","sd":"서울특별시","p":14289,"a":0.979,"d":14599},"geometry":{"type":"MultiPolygon","coordinates":[[[[127.0493,37.5526],[127.0525,37.5517],[127.0496,37.5442],[127.0491,37.5448],[127.0454,37.5461],[127.0436,37.546],[127.0367,37.5476],[127.0344,37.5454],[127.0311,37.5461],[127.0312,37.5466],[127.0325,37.5467],[127.0401,37.5513],[127.0405,37.5525],[127.0398,37.5529],[127.0493,37.5526]]]]}},{"type":"Feature","properties":{"c":"1120067000","n":"서울특별시 성동구 성수2가1동","sg":"성동구","sd":"서울특별시","p":13241,"a":1.152,"d":11489},"geometry":{"type":"MultiPolygon","coordinates":[[[[127.0628,37.5402],[127.0566,37.5291],[127.0491,37.5326],[127.0508,37.5373],[127.0505,37.5401],[127.0519,37.5435],[127.0628,37.5402]]]]}},{"type":"Feature","properties":{"c":"1120069000","n":"서울특별시 성동구 성수2가3동","sg":"성동구","sd":"서울특별시","p":9318,"a":1.048,"d":8891},"geometry":{"type":"MultiPolygon","coordinates":[[[[127.0675,37.5483],[127.0628,37.5402],[127.0496,37.5442],[127.0522,37.5508],[127.06,37.5483],[127.0675,37.5483]]]]}},{"type":"Feature","properties":{"c":"1120072000","n":"서울특별시 성동구 송정동","sg":"성동구","sd":"서울특별시","p":8992,"a":0.589,"d":15275},"geometry":{"type":"MultiPolygon","coordinates":[[[[127.0737,37.5594],[127.0675,37.5483],[127.06,37.5483],[127.0522,37.5508],[127.0525,37.5517],[127.0599,37.5497],[127.063,37.5501],[127.0695,37.5575],[127.0718,37.5595],[127.0737,37.5594]]]]}},{"type":"Feature","properties":{"c":"1120079000","n":"서울특별시 성동구 용답동","sg":"성동구","sd":"서울특별시","p":13164,"a":2.377,"d":5538},"geometry":{"type":"MultiPolygon","coordinates":[[[[127.0568,37.5638],[127.0591,37.5623],[127.0707,37.5606],[127.0737,37.5594],[127.0718,37.5595],[127.0684,37.5564],[127.0641,37.5508],[127.0624,37.5498],[127.0599,37.5497],[127.0493,37.5526],[127.0512,37.555],[127.0517,37.5583],[127.05,37.5627],[127.046,37.5696],[127.0438,37.5709],[127.0422,37.573],[127.0487,37.5699],[127.0568,37.5638]]]]}},{"type":"Feature","properties":{"c":"1120053500","n":"서울특별시 성동구 왕십리도선동","sg":"성동구","sd":"서울특별시","p":25501,"a":0.723,"d":35266},"geometry":{"type":"MultiPolygon","coordinates":[[[[127.0323,37.5701],[127.033,37.5679],[127.0347,37.5662],[127.0365,37.566],[127.0355,37.5613],[127.0274,37.5649],[127.0236,37.5652],[127.0234,37.5717],[127.0304,37.5698],[127.0323,37.5701]]]]}},{"type":"Feature","properties":{"c":"1120061500","n":"서울특별시 성동구 금호2·3가동","sg":"성동구","sd":"서울특별시","p":20594,"a":0.667,"d":30881},"geometry":{"type":"MultiPolygon","coordinates":[[[[127.0259,37.5483],[127.0145,37.5481],[127.0144,37.5491],[127.0132,37.5499],[127.0163,37.553],[127.0174,37.556],[127.0186,37.557],[127.0195,37.5573],[127.02,37.5557],[127.0227,37.5533],[127.0252,37.5521],[127.0261,37.55],[127.0259,37.5483]]]]}},{"type":"Feature","properties":{"c":"1120064500","n":"서울특별시 성동구 옥수동","sg":"성동구","sd":"서울특별시","p":25113,"a":1.932,"d":12998},"geometry":{"type":"MultiPolygon","coordinates":[[[[127.0145,37.5481],[127.0168,37.5457],[127.0197,37.5451],[127.0229,37.5415],[127.0315,37.5425],[127.0334,37.5413],[127.036,37.5379],[127.0359,37.5358],[127.0216,37.5355],[127.0209,37.5351],[127.0148,37.5389],[127.0095,37.5396],[127.0084,37.5429],[127.0107,37.5481],[127.0132,37.5499],[127.0144,37.5491],[127.0145,37.5481]]]]}},{"type":"Feature","properties":{"c":"1121571000","n":"서울특별시 광진구 화양동","sg":"광진구","sd":"서울특별시","p":22970,"a":1.18,"d":19465},"geometry":{"type":"MultiPolygon","coordinates":[[[[127.0741,37.5473],[127.0773,37.5459],[127.0824,37.545],[127.0813,37.5428],[127.0814,37.542],[127.0829,37.5414],[127.0823,37.54],[127.0799,37.539],[127.0753,37.5393],[127.0751,37.5387],[127.0639,37.5422],[127.0675,37.5483],[127.0741,37.5473]]]]}},{"type":"Feature","properties":{"c":"1121573000","n":"서울특별시 광진구 군자동","sg":"광진구","sd":"서울특별시","p":18485,"a":0.736,"d":25124},"geometry":{"type":"MultiPolygon","coordinates":[[[[127.0779,37.5578],[127.0792,37.5566],[127.0741,37.5473],[127.0675,37.5483],[127.0737,37.5594],[127.0779,37.5578]]]]}},{"type":"Feature","properties":{"c":"1121574000","n":"서울특별시 광진구 중곡1동","sg":"광진구","sd":"서울특별시","p":14794,"a":0.592,"d":24996},"geometry":{"type":"MultiPolygon","coordinates":[[[[127.0834,37.5642],[127.0799,37.5578],[127.0779,37.5578],[127.0721,37.56],[127.0758,37.5666],[127.0834,37.5642]]]]}},{"type":"Feature","properties":{"c":"1121575000","n":"서울특별시 광진구 중곡2동","sg":"광진구","sd":"서울특별시","p":19651,"a":0.545,"d":36027},"geometry":{"type":"MultiPolygon","coordinates":[[[[127.0869,37.5635],[127.0887,37.5533],[127.0796,37.5572],[127.0834,37.5642],[127.0869,37.5635]]]]}},{"type":"Feature","properties":{"c":"1121576000","n":"서울특별시 광진구 중곡3동","sg":"광진구","sd":"서울특별시","p":15188,"a":0.604,"d":25155},"geometry":{"type":"MultiPolygon","coordinates":[[[[127.0862,37.5708],[127.0869,37.5635],[127.0854,37.5635],[127.0758,37.5666],[127.0786,37.5719],[127.0862,37.5708]]]]}},{"type":"Feature","properties":{"c":"1121577000","n":"서울특별시 광진구 중곡4동","sg":"광진구","sd":"서울특별시","p":26787,"a":2.288,"d":11705},"geometry":{"type":"MultiPolygon","coordinates":[[[[127.1011,37.56],[127.0995,37.5582],[127.0961,37.5572],[127.0909,37.5528],[127.0896,37.5524],[127.0887,37.5533],[127.0862,37.5708],[127.0882,37.5708],[127.0884,37.5701],[127.0918,37.5696],[127.0926,37.5704],[127.0946,37.5706],[127.1009,37.5736],[127.1016,37.5726],[127.1038,37.5718],[127.1042,37.571],[127.1033,37.5696],[127.1011,37.56]]]]}},{"type":"Feature","properties":{"c":"1121578000","n":"서울특별시 광진구 능동","sg":"광진구","sd":"서울특별시","p":10586,"a":1.085,"d":9754},"geometry":{"type":"MultiPolygon","coordinates":[[[[127.0887,37.5533],[127.0895,37.5518],[127.0854,37.5487],[127.0857,37.5461],[127.0851,37.5451],[127.0795,37.5454],[127.0741,37.5473],[127.0792,37.5566],[127.0779,37.5578],[127.0799,37.5578],[127.0801,37.5569],[127.0887,37.5533]]]]}},{"type":"Feature","properties":{"c":"1121585000","n":"서울특별시 광진구 구의1동","sg":"광진구","sd":"서울특별시","p":23192,"a":0.553,"d":41918},"geometry":{"type":"MultiPolygon","coordinates":[[[[127.0851,37.5451],[127.0907,37.5447],[127.0891,37.5379],[127.0835,37.5366],[127.0829,37.5414],[127.0813,37.5422],[127.0824,37.545],[127.0816,37.5453],[127.0851,37.5451]]]]}},{"type":"Feature","properties":{"c":"1121586000","n":"서울특별시 광진구 구의2동","sg":"광진구","sd":"서울특별시","p":24775,"a":1.383,"d":17912},"geometry":{"type":"MultiPolygon","coordinates":[[[[127.1042,37.5599],[127.1034,37.5572],[127.0987,37.552],[127.0978,37.5455],[127.0967,37.5458],[127.0932,37.5437],[127.0907,37.5447],[127.0851,37.5451],[127.0857,37.5461],[127.0854,37.5487],[127.0895,37.5518],[127.0896,37.5524],[127.0909,37.5528],[127.0961,37.5572],[127.0995,37.5582],[127.1011,37.56],[127.1042,37.5599]]]]}},{"type":"Feature","properties":{"c":"1121587000","n":"서울특별시 광진구 구의3동","sg":"광진구","sd":"서울특별시","p":27363,"a":1.453,"d":18832},"geometry":{"type":"MultiPolygon","coordinates":[[[[127.0932,37.5437],[127.1032,37.5347],[127.099,37.528],[127.0923,37.5268],[127.0916,37.5333],[127.0901,37.5334],[127.0891,37.5379],[127.0907,37.5447],[127.0932,37.5437]]]]}},{"type":"Feature","properties":{"c":"1121581000","n":"서울특별시 광진구 광장동","sg":"광진구","sd":"서울특별시","p":32828,"a":2.761,"d":11892},"geometry":{"type":"MultiPolygon","coordinates":[[[[127.1138,37.5589],[127.1139,37.5533],[127.1121,37.5475],[127.1032,37.5347],[127.0932,37.5437],[127.0967,37.5458],[127.0978,37.5455],[127.0987,37.552],[127.1034,37.5572],[127.1042,37.5599],[127.109,37.5598],[127.11,37.5585],[127.1138,37.5589]]]]}},{"type":"Feature","properties":{"c":"1121582000","n":"서울특별시 광진구 자양1동","sg":"광진구","sd":"서울특별시","p":21422,"a":0.566,"d":37848},"geometry":{"type":"MultiPolygon","coordinates":[[[[127.0835,37.5366],[127.0853,37.5325],[127.084,37.5318],[127.0814,37.5315],[127.0757,37.5332],[127.0772,37.5382],[127.0751,37.5387],[127.0753,37.5393],[127.0799,37.539],[127.0823,37.54],[127.0829,37.5414],[127.0835,37.5366]]]]}},{"type":"Feature","properties":{"c":"1121583000","n":"서울특별시 광진구 자양2동","sg":"광진구","sd":"서울특별시","p":26269,"a":1.634,"d":16077},"geometry":{"type":"MultiPolygon","coordinates":[[[[127.0923,37.5268],[127.0843,37.5244],[127.0776,37.5236],[127.0726,37.5238],[127.0757,37.5332],[127.0814,37.5315],[127.084,37.5318],[127.0853,37.5325],[127.0835,37.5366],[127.0891,37.5379],[127.0901,37.5334],[127.0916,37.5333],[127.0923,37.5268]]]]}},{"type":"Feature","properties":{"c":"1121584000","n":"서울특별시 광진구 자양3동","sg":"광진구","sd":"서울특별시","p":26605,"a":1.137,"d":23406},"geometry":{"type":"MultiPolygon","coordinates":[[[[127.0751,37.5387],[127.0772,37.5382],[127.0726,37.5238],[127.0653,37.5256],[127.0672,37.5325],[127.0706,37.5398],[127.0751,37.5387]]]]}},{"type":"Feature","properties":{"c":"1121584700","n":"서울특별시 광진구 자양4동","sg":"광진구","sd":"서울특별시","p":19887,"a":1.157,"d":17186},"geometry":{"type":"MultiPolygon","coordinates":[[[[127.0706,37.5398],[127.0672,37.5325],[127.0653,37.5256],[127.0566,37.5291],[127.0639,37.5422],[127.0706,37.5398]]]]}},{"type":"Feature","properties":{"c":"1123071000","n":"서울특별시 동대문구 회기동","sg":"동대문구","sd":"서울특별시","p":10281,"a":0.805,"d":12767},"geometry":{"type":"MultiPolygon","coordinates":[[[[127.052,37.6],[127.0546,37.5957],[127.055,37.5936],[127.0569,37.5914],[127.0528,37.5873],[127.0483,37.5888],[127.0474,37.5946],[127.0482,37.5976],[127.051,37.6016],[127.052,37.6]]]]}},{"type":"Feature","properties":{"c":"1123072000","n":"서울특별시 동대문구 휘경1동","sg":"동대문구","sd":"서울특별시","p":16818,"a":0.511,"d":32891},"geometry":{"type":"MultiPolygon","coordinates":[[[[127.0696,37.5949],[127.0704,37.5925],[127.0549,37.5878],[127.0533,37.5878],[127.0578,37.5928],[127.0616,37.5932],[127.0651,37.5953],[127.0696,37.5949]]]]}},{"type":"Feature","properties":{"c":"1123073000","n":"서울특별시 동대문구 휘경2동","sg":"동대문구","sd":"서울특별시","p":23509,"a":1.198,"d":19630},"geometry":{"type":"MultiPolygon","coordinates":[[[[127.0707,37.5909],[127.0716,37.5879],[127.0772,37.581],[127.0673,37.5822],[127.0643,37.583],[127.0644,37.5846],[127.0621,37.5855],[127.0579,37.5851],[127.0577,37.5859],[127.0564,37.5863],[127.0549,37.5843],[127.0549,37.5878],[127.0704,37.5925],[127.0707,37.5909]]]]}},{"type":"Feature","properties":{"c":"1123070500","n":"서울특별시 동대문구 청량리동","sg":"동대문구","sd":"서울특별시","p":18282,"a":1.179,"d":15512},"geometry":{"type":"MultiPolygon","coordinates":[[[[127.0476,37.5963],[127.0477,37.5901],[127.0483,37.5888],[127.0528,37.5873],[127.0501,37.584],[127.0462,37.5809],[127.0435,37.5798],[127.0433,37.5813],[127.0441,37.5814],[127.0424,37.5867],[127.0404,37.5867],[127.0397,37.5886],[127.0406,37.5906],[127.04,37.5913],[127.0391,37.5913],[127.0408,37.5958],[127.0435,37.5969],[127.0476,37.5963]]]]}},{"type":"Feature","properties":{"c":"1123051500","n":"서울특별시 동대문구 신설동","sg":"동대문구","sd":"서울특별시","p":16369,"a":0.842,"d":19443},"geometry":{"type":"MultiPolygon","coordinates":[[[[127.0298,37.5812],[127.0307,37.5739],[127.0346,37.574],[127.0348,37.5732],[127.0365,37.5725],[127.0323,37.5701],[127.0304,37.5698],[127.0234,37.5717],[127.0232,37.578],[127.0295,37.5827],[127.0298,37.5812]]]]}},{"type":"Feature","properties":{"c":"1123054500","n":"서울특별시 동대문구 제기동","sg":"동대문구","sd":"서울특별시","p":22100,"a":1.183,"d":18677},"geometry":{"type":"MultiPolygon","coordinates":[[[[127.0435,37.5798],[127.0387,37.5782],[127.0328,37.5781],[127.0316,37.5813],[127.0298,37.5812],[127.0295,37.5827],[127.0364,37.5899],[127.0365,37.5912],[127.04,37.5913],[127.0406,37.5906],[127.0397,37.5886],[127.0404,37.5867],[127.0424,37.5867],[127.0441,37.5814],[127.0433,37.5813],[127.0435,37.5798]]]]}},{"type":"Feature","properties":{"c":"1123056000","n":"서울특별시 동대문구 전농1동","sg":"동대문구","sd":"서울특별시","p":32467,"a":1.177,"d":27591},"geometry":{"type":"MultiPolygon","coordinates":[[[[127.0549,37.5843],[127.0536,37.5835],[127.0577,37.5778],[127.0576,37.5754],[127.0542,37.5736],[127.0522,37.5734],[127.0507,37.5743],[127.0483,37.5741],[127.0472,37.5728],[127.0455,37.574],[127.0449,37.5774],[127.0425,37.5793],[127.0462,37.5809],[127.049,37.5831],[127.0533,37.5878],[127.0549,37.5878],[127.0549,37.5843]]]]}},{"type":"Feature","properties":{"c":"1123057000","n":"서울특별시 동대문구 전농2동","sg":"동대문구","sd":"서울특별시","p":17124,"a":0.997,"d":17178},"geometry":{"type":"MultiPolygon","coordinates":[[[[127.0684,37.5823],[127.067,37.5766],[127.0576,37.5754],[127.0577,37.5778],[127.0536,37.5835],[127.0556,37.5848],[127.0564,37.5863],[127.0577,37.5859],[127.0579,37.5851],[127.0617,37.5855],[127.0635,37.5852],[127.0644,37.5846],[127.0643,37.583],[127.0684,37.5823]]]]}},{"type":"Feature","properties":{"c":"1123061000","n":"서울특별시 동대문구 답십리2동","sg":"동대문구","sd":"서울특별시","p":27151,"a":0.826,"d":32854},"geometry":{"type":"MultiPolygon","coordinates":[[[[127.0663,37.5728],[127.0611,37.5656],[127.0578,37.563],[127.0568,37.5638],[127.0576,37.5754],[127.067,37.5766],[127.0663,37.5728]]]]}},{"type":"Feature","properties":{"c":"1123065000","n":"서울특별시 동대문구 장안1동","sg":"동대문구","sd":"서울특별시","p":37038,"a":1.368,"d":27080},"geometry":{"type":"MultiPolygon","coordinates":[[[[127.0786,37.5719],[127.0721,37.56],[127.0594,37.5622],[127.0578,37.563],[127.0611,37.5656],[127.0663,37.5728],[127.0709,37.5724],[127.0714,37.5718],[127.0688,37.5677],[127.0724,37.5678],[127.0744,37.5722],[127.0786,37.5719]]]]}},{"type":"Feature","properties":{"c":"1123066000","n":"서울특별시 동대문구 장안2동","sg":"동대문구","sd":"서울특별시","p":32998,"a":1.135,"d":29075},"geometry":{"type":"MultiPolygon","coordinates":[[[[127.0772,37.581],[127.0783,37.5768],[127.0786,37.5719],[127.0744,37.5722],[127.0724,37.5678],[127.0688,37.5677],[127.0714,37.5718],[127.0709,37.5724],[127.0663,37.5728],[127.0684,37.5823],[127.0772,37.581]]]]}},{"type":"Feature","properties":{"c":"1123074000","n":"서울특별시 동대문구 이문1동","sg":"동대문구","sd":"서울특별시","p":30777,"a":1.007,"d":30568},"geometry":{"type":"MultiPolygon","coordinates":[[[[127.0698,37.5977],[127.0696,37.5949],[127.0651,37.5953],[127.0616,37.5932],[127.0578,37.5928],[127.0569,37.5914],[127.055,37.5936],[127.0546,37.5957],[127.052,37.6],[127.06,37.6021],[127.0608,37.6036],[127.062,37.6015],[127.062,37.6003],[127.0698,37.5977]]]]}},{"type":"Feature","properties":{"c":"1123075000","n":"서울특별시 동대문구 이문2동","sg":"동대문구","sd":"서울특별시","p":17898,"a":0.807,"d":22190},"geometry":{"type":"MultiPolygon","coordinates":[[[[127.0717,37.6068],[127.0727,37.6017],[127.0698,37.5977],[127.062,37.6003],[127.062,37.6015],[127.0608,37.6036],[127.0623,37.6053],[127.0662,37.6058],[127.0687,37.6069],[127.0686,37.6093],[127.0694,37.6093],[127.0717,37.6068]]]]}},{"type":"Feature","properties":{"c":"1123060000","n":"서울특별시 동대문구 답십리1동","sg":"동대문구","sd":"서울특별시","p":27576,"a":0.8,"d":34474},"geometry":{"type":"MultiPolygon","coordinates":[[[[127.0576,37.5754],[127.0568,37.5638],[127.0487,37.5699],[127.0422,37.573],[127.0449,37.5774],[127.0455,37.574],[127.0472,37.5728],[127.0483,37.5741],[127.0507,37.5743],[127.0522,37.5734],[127.0542,37.5736],[127.0576,37.5754]]]]}},{"type":"Feature","properties":{"c":"1126052000","n":"서울특별시 중랑구 면목2동","sg":"중랑구","sd":"서울특별시","p":22837,"a":0.746,"d":30604},"geometry":{"type":"MultiPolygon","coordinates":[[[[127.0868,37.5928],[127.0841,37.5876],[127.0737,37.5854],[127.0716,37.5879],[127.0707,37.5909],[127.0787,37.593],[127.0801,37.5916],[127.0868,37.5928]]]]}},{"type":"Feature","properties":{"c":"1126054000","n":"서울특별시 중랑구 면목4동","sg":"중랑구","sd":"서울특별시","p":17439,"a":0.851,"d":20498},"geometry":{"type":"MultiPolygon","coordinates":[[[[127.0958,37.5711],[127.0907,37.5696],[127.0884,37.5701],[127.0882,37.5708],[127.0786,37.5719],[127.0783,37.5768],[127.0796,37.5774],[127.0807,37.5764],[127.0888,37.577],[127.0949,37.5725],[127.0958,37.5711]]]]}},{"type":"Feature","properties":{"c":"1126055000","n":"서울특별시 중랑구 면목5동","sg":"중랑구","sd":"서울특별시","p":13743,"a":0.592,"d":23221},"geometry":{"type":"MultiPolygon","coordinates":[[[[127.0835,37.5844],[127.0834,37.5811],[127.0783,37.5768],[127.0772,37.581],[127.0737,37.5854],[127.0841,37.5876],[127.0835,37.5844]]]]}},{"type":"Feature","properties":{"c":"1126057000","n":"서울특별시 중랑구 면목7동","sg":"중랑구","sd":"서울특별시","p":20389,"a":1.183,"d":17238},"geometry":{"type":"MultiPolygon","coordinates":[[[[127.1027,37.5789],[127.1009,37.5736],[127.0958,37.5711],[127.0949,37.5725],[127.0888,37.577],[127.0807,37.5764],[127.0797,37.5768],[127.0796,37.5774],[127.0834,37.5811],[127.095,37.5807],[127.1027,37.5789]]]]}},{"type":"Feature","properties":{"c":"1126058000","n":"서울특별시 중랑구 상봉1동","sg":"중랑구","sd":"서울특별시","p":22757,"a":0.863,"d":26356},"geometry":{"type":"MultiPolygon","coordinates":[[[[127.0958,37.6006],[127.0955,37.5995],[127.0928,37.5982],[127.0803,37.595],[127.0803,37.5959],[127.0831,37.5964],[127.0865,37.6007],[127.0871,37.6042],[127.0861,37.6087],[127.0865,37.6094],[127.088,37.6099],[127.0913,37.6073],[127.0936,37.605],[127.0943,37.6024],[127.0958,37.6006]]]]}},{"type":"Feature","properties":{"c":"1126059000","n":"서울특별시 중랑구 상봉2동","sg":"중랑구","sd":"서울특별시","p":21916,"a":0.657,"d":33372},"geometry":{"type":"MultiPolygon","coordinates":[[[[127.0932,37.5941],[127.0801,37.5916],[127.0787,37.593],[127.0707,37.5909],[127.0704,37.5925],[127.0928,37.5982],[127.0932,37.5941]]]]}},{"type":"Feature","properties":{"c":"1126060000","n":"서울특별시 중랑구 중화1동","sg":"중랑구","sd":"서울특별시","p":17838,"a":0.67,"d":26605},"geometry":{"type":"MultiPolygon","coordinates":[[[[127.0803,37.5959],[127.0787,37.6054],[127.0833,37.6066],[127.0865,37.6094],[127.0861,37.6087],[127.0871,37.6042],[127.0865,37.6007],[127.0831,37.5964],[127.0803,37.5959]]]]}},{"type":"Feature","properties":{"c":"1126061000","n":"서울특별시 중랑구 중화2동","sg":"중랑구","sd":"서울특별시","p":25570,"a":0.96,"d":26649},"geometry":{"type":"MultiPolygon","coordinates":[[[[127.0803,37.5959],[127.0803,37.595],[127.0704,37.5925],[127.0696,37.5949],[127.0698,37.5977],[127.0725,37.6011],[127.0723,37.6047],[127.0787,37.6054],[127.0803,37.5959]]]]}},{"type":"Feature","properties":{"c":"1126062000","n":"서울특별시 중랑구 묵1동","sg":"중랑구","sd":"서울특별시","p":32873,"a":1.21,"d":27172},"geometry":{"type":"MultiPolygon","coordinates":[[[[127.0895,37.6196],[127.0905,37.6175],[127.0888,37.615],[127.0859,37.6149],[127.0848,37.6117],[127.086,37.6094],[127.0857,37.6086],[127.0833,37.6066],[127.0787,37.6054],[127.0758,37.6171],[127.0857,37.6202],[127.0895,37.6196]]]]}},{"type":"Feature","properties":{"c":"1126063000","n":"서울특별시 중랑구 묵2동","sg":"중랑구","sd":"서울특별시","p":17489,"a":0.669,"d":26129},"geometry":{"type":"MultiPolygon","coordinates":[[[[127.0787,37.6054],[127.0723,37.6047],[127.0717,37.6068],[127.0714,37.6156],[127.0758,37.6171],[127.0787,37.6054]]]]}},{"type":"Feature","properties":{"c":"1126066000","n":"서울특별시 중랑구 망우3동","sg":"중랑구","sd":"서울특별시","p":15173,"a":0.993,"d":15281},"geometry":{"type":"MultiPolygon","coordinates":[[[[127.1124,37.5919],[127.1101,37.5874],[127.1082,37.5883],[127.1049,37.5881],[127.0974,37.5906],[127.0936,37.5897],[127.0932,37.5941],[127.1001,37.5956],[127.1009,37.5947],[127.1081,37.5945],[127.1124,37.5919]]]]}},{"type":"Feature","properties":{"c":"1126068000","n":"서울특별시 중랑구 신내1동","sg":"중랑구","sd":"서울특별시","p":36578,"a":2.495,"d":14662},"geometry":{"type":"MultiPolygon","coordinates":[[[[127.1157,37.6193],[127.117,37.6174],[127.1167,37.6158],[127.1176,37.6117],[127.1166,37.6088],[127.1131,37.6095],[127.1094,37.6121],[127.1037,37.6133],[127.1013,37.6132],[127.1011,37.6093],[127.1021,37.6091],[127.1033,37.6097],[127.1038,37.6088],[127.1032,37.6059],[127.1005,37.6005],[127.0955,37.5995],[127.0958,37.6006],[127.0966,37.601],[127.0951,37.6076],[127.0964,37.612],[127.0959,37.6151],[127.0905,37.6175],[127.0895,37.6196],[127.093,37.618],[127.097,37.617],[127.1015,37.6198],[127.1057,37.6208],[127.1109,37.6208],[127.1139,37.6194],[127.1157,37.6193]]]]}},{"type":"Feature","properties":{"c":"1126069000","n":"서울특별시 중랑구 신내2동","sg":"중랑구","sd":"서울특별시","p":18883,"a":0.937,"d":20158},"geometry":{"type":"MultiPolygon","coordinates":[[[[127.0958,37.6006],[127.0943,37.6024],[127.0936,37.605],[127.088,37.6099],[127.086,37.6094],[127.0848,37.6115],[127.0859,37.6149],[127.0888,37.615],[127.0905,37.6175],[127.0959,37.6151],[127.0964,37.612],[127.0951,37.6076],[127.0966,37.601],[127.0958,37.6006]]]]}},{"type":"Feature","properties":{"c":"1126056500","n":"서울특별시 중랑구 면목본동","sg":"중랑구","sd":"서울특별시","p":31485,"a":0.829,"d":37961},"geometry":{"type":"MultiPolygon","coordinates":[[[[127.0936,37.5897],[127.0949,37.5859],[127.0937,37.5837],[127.0835,37.5844],[127.0841,37.5876],[127.0868,37.5928],[127.0932,37.5941],[127.0936,37.5897]]]]}},{"type":"Feature","properties":{"c":"1126057500","n":"서울특별시 중랑구 면목3·8동","sg":"중랑구","sd":"서울특별시","p":23378,"a":1.403,"d":16658},"geometry":{"type":"MultiPolygon","coordinates":[[[[127.1101,37.5874],[127.1093,37.5847],[127.1027,37.5841],[127.0998,37.5831],[127.1028,37.5818],[127.1027,37.5789],[127.095,37.5807],[127.0834,37.5811],[127.0835,37.5844],[127.0937,37.5837],[127.0949,37.5859],[127.0936,37.5897],[127.0974,37.5906],[127.1049,37.5881],[127.1082,37.5883],[127.1101,37.5874]]]]}},{"type":"Feature","properties":{"c":"1126065500","n":"서울특별시 중랑구 망우본동","sg":"중랑구","sd":"서울특별시","p":37934,"a":2.953,"d":12846},"geometry":{"type":"MultiPolygon","coordinates":[[[[127.1166,37.6088],[127.1183,37.6076],[127.118,37.6046],[127.1138,37.6],[127.1184,37.595],[127.1178,37.594],[127.1139,37.5933],[127.1124,37.5919],[127.1081,37.5945],[127.1009,37.5947],[127.1001,37.5956],[127.0932,37.5941],[127.0928,37.5982],[127.0955,37.5995],[127.1005,37.6005],[127.1032,37.6059],[127.1038,37.6088],[127.1033,37.6097],[127.1021,37.6091],[127.1011,37.6093],[127.1013,37.6132],[127.1037,37.6133],[127.1094,37.6121],[127.1131,37.6095],[127.1166,37.6088]]]]}},{"type":"Feature","properties":{"c":"1129058000","n":"서울특별시 성북구 돈암1동","sg":"성북구","sd":"서울특별시","p":13633,"a":0.462,"d":29520},"geometry":{"type":"MultiPolygon","coordinates":[[[[127.025,37.5941],[127.0226,37.5956],[127.022,37.597],[127.0197,37.5973],[127.0188,37.5985],[127.0216,37.6016],[127.026,37.6032],[127.0302,37.604],[127.0268,37.6002],[127.0257,37.5949],[127.025,37.5941]]]]}},{"type":"Feature","properties":{"c":"1129059000","n":"서울특별시 성북구 돈암2동","sg":"성북구","sd":"서울특별시","p":22764,"a":0.525,"d":43391},"geometry":{"type":"MultiPolygon","coordinates":[[[[127.0141,37.6008],[127.0188,37.5985],[127.0197,37.5973],[127.0162,37.5969],[127.0151,37.5984],[127.0129,37.5982],[127.0127,37.5967],[127.0134,37.5952],[127.0095,37.5921],[127.0075,37.5916],[127.0084,37.5931],[127.0084,37.5946],[127.0072,37.5965],[127.0059,37.5967],[127.0057,37.5976],[127.0067,37.5987],[127.0113,37.5997],[127.0113,37.6008],[127.0126,37.6019],[127.0141,37.6008]]]]}},{"type":"Feature","properties":{"c":"1129060000","n":"서울특별시 성북구 안암동","sg":"성북구","sd":"서울특별시","p":15585,"a":1.277,"d":12207},"geometry":{"type":"MultiPolygon","coordinates":[[[[127.0365,37.5912],[127.0364,37.5899],[127.0295,37.5827],[127.0245,37.5792],[127.0219,37.583],[127.0201,37.5876],[127.0188,37.5887],[127.0197,37.5894],[127.0221,37.5891],[127.0237,37.591],[127.0239,37.5925],[127.025,37.5941],[127.0303,37.5912],[127.032,37.5911],[127.0355,37.5926],[127.0365,37.5912]]]]}},{"type":"Feature","properties":{"c":"1129061000","n":"서울특별시 성북구 보문동","sg":"성북구","sd":"서울특별시","p":15657,"a":0.591,"d":26493},"geometry":{"type":"MultiPolygon","coordinates":[[[[127.0245,37.5792],[127.0232,37.578],[127.0188,37.5775],[127.018,37.5781],[127.0168,37.5815],[127.0147,37.5822],[127.0147,37.5845],[127.0188,37.5887],[127.0201,37.5876],[127.0219,37.583],[127.0245,37.5792]]]]}},{"type":"Feature","properties":{"c":"1129062000","n":"서울특별시 성북구 정릉1동","sg":"성북구","sd":"서울특별시","p":17419,"a":0.39,"d":44622},"geometry":{"type":"MultiPolygon","coordinates":[[[[127.0216,37.6016],[127.0188,37.5985],[127.0139,37.6007],[127.0133,37.6034],[127.0158,37.6077],[127.0154,37.6095],[127.0134,37.6116],[127.0144,37.6136],[127.0178,37.6038],[127.0195,37.6024],[127.0216,37.6016]]]]}},{"type":"Feature","properties":{"c":"1129063000","n":"서울특별시 성북구 정릉2동","sg":"성북구","sd":"서울특별시","p":21418,"a":1.128,"d":18988},"geometry":{"type":"MultiPolygon","coordinates":[[[[127.0141,37.6008],[127.0132,37.6019],[127.0125,37.6019],[127.0113,37.6008],[127.0113,37.5997],[127.0067,37.5987],[127.0057,37.5976],[127.0059,37.5967],[127.0047,37.5968],[127.0029,37.598],[127.0029,37.5989],[127.0009,37.6015],[126.9996,37.6016],[126.9991,37.6033],[127.0046,37.6048],[127.0035,37.6079],[127.0042,37.6087],[127.008,37.606],[127.0094,37.6062],[127.009,37.6087],[127.0105,37.6081],[127.0116,37.6084],[127.012,37.6103],[127.0134,37.6116],[127.0154,37.6095],[127.0158,37.6077],[127.0133,37.6034],[127.0141,37.6008]]]]}},{"type":"Feature","properties":{"c":"1129064000","n":"서울특별시 성북구 정릉3동","sg":"성북구","sd":"서울특별시","p":13814,"a":3.364,"d":4107},"geometry":{"type":"MultiPolygon","coordinates":[[[[127.009,37.6087],[127.0094,37.6062],[127.008,37.606],[127.0042,37.6087],[127.0035,37.6079],[127.0046,37.6048],[126.9991,37.6033],[126.9996,37.6016],[126.9939,37.6027],[126.9895,37.6025],[126.9877,37.6012],[126.9859,37.6071],[126.9871,37.6136],[126.9867,37.6147],[126.9828,37.6167],[126.9814,37.6217],[126.9792,37.6246],[126.9797,37.628],[126.9812,37.6283],[126.9856,37.6236],[126.9935,37.6181],[126.9926,37.617],[126.9943,37.6133],[126.9955,37.6134],[126.9976,37.6155],[126.9997,37.6166],[127.0029,37.6163],[127.0058,37.6153],[127.008,37.6122],[127.009,37.6087]]]]}},{"type":"Feature","properties":{"c":"1129065000","n":"서울특별시 성북구 정릉4동","sg":"성북구","sd":"서울특별시","p":23379,"a":3.719,"d":6286},"geometry":{"type":"MultiPolygon","coordinates":[[[[126.9932,37.632],[126.9941,37.6299],[126.9989,37.6269],[127.0045,37.6244],[127.0079,37.6239],[127.0075,37.621],[127.0085,37.6186],[127.0115,37.6164],[127.0149,37.6154],[127.0153,37.6148],[127.012,37.6103],[127.0116,37.6084],[127.0105,37.6081],[127.009,37.6087],[127.008,37.6122],[127.0058,37.6153],[127.0029,37.6163],[126.9997,37.6166],[126.9976,37.6155],[126.9955,37.6134],[126.9943,37.6133],[126.9926,37.617],[126.9935,37.6181],[126.9856,37.6236],[126.9812,37.6283],[126.9801,37.6284],[126.9805,37.6291],[126.9795,37.6292],[126.9782,37.6284],[126.9767,37.6288],[126.9765,37.6301],[126.9751,37.6314],[126.9785,37.6338],[126.9846,37.6366],[126.9861,37.6352],[126.9932,37.632]]]]}},{"type":"Feature","properties":{"c":"1129066000","n":"서울특별시 성북구 길음1동","sg":"성북구","sd":"서울특별시","p":35330,"a":0.82,"d":43093},"geometry":{"type":"MultiPolygon","coordinates":[[[[127.022,37.6123],[127.0242,37.6056],[127.026,37.6032],[127.0216,37.6016],[127.0195,37.6024],[127.0178,37.6038],[127.0144,37.6136],[127.0153,37.6148],[127.0163,37.615],[127.0193,37.6138],[127.0205,37.6125],[127.022,37.6123]]]]}},{"type":"Feature","properties":{"c":"1129068500","n":"서울특별시 성북구 길음2동","sg":"성북구","sd":"서울특별시","p":21370,"a":0.617,"d":34624},"geometry":{"type":"MultiPolygon","coordinates":[[[[127.03,37.6123],[127.0322,37.6035],[127.0302,37.604],[127.026,37.6032],[127.0242,37.6056],[127.0222,37.6113],[127.0272,37.6126],[127.03,37.6123]]]]}},{"type":"Feature","properties":{"c":"1129071500","n":"서울특별시 성북구 월곡1동","sg":"성북구","sd":"서울특별시","p":24368,"a":0.766,"d":31807},"geometry":{"type":"MultiPolygon","coordinates":[[[[127.0436,37.6114],[127.0424,37.6076],[127.0386,37.6053],[127.0369,37.606],[127.0376,37.6033],[127.0385,37.6025],[127.0322,37.6035],[127.0304,37.6091],[127.0371,37.6127],[127.0405,37.6111],[127.0436,37.6114]]]]}},{"type":"Feature","properties":{"c":"1129072500","n":"서울특별시 성북구 월곡2동","sg":"성북구","sd":"서울특별시","p":18389,"a":1.336,"d":13760},"geometry":{"type":"MultiPolygon","coordinates":[[[[127.0454,37.6113],[127.0454,37.6095],[127.0474,37.6078],[127.0493,37.6083],[127.0516,37.6099],[127.0524,37.6091],[127.0506,37.6069],[127.0522,37.6047],[127.0522,37.6029],[127.0503,37.6011],[127.0476,37.5963],[127.0435,37.5969],[127.0408,37.5958],[127.0406,37.6003],[127.0376,37.6033],[127.0369,37.606],[127.0386,37.6053],[127.0404,37.6062],[127.0424,37.6076],[127.0436,37.6114],[127.0445,37.6107],[127.0454,37.6113]]]]}},{"type":"Feature","properties":{"c":"1129076000","n":"서울특별시 성북구 장위1동","sg":"성북구","sd":"서울특별시","p":22496,"a":0.726,"d":31005},"geometry":{"type":"MultiPolygon","coordinates":[[[[127.0504,37.6175],[127.0485,37.6159],[127.0489,37.6126],[127.0475,37.6116],[127.0445,37.6107],[127.0436,37.6114],[127.0409,37.611],[127.0371,37.6127],[127.0391,37.6163],[127.0402,37.6159],[127.0447,37.6195],[127.0467,37.6184],[127.0493,37.6205],[127.0504,37.6175]]]]}},{"type":"Feature","properties":{"c":"1129077000","n":"서울특별시 성북구 장위2동","sg":"성북구","sd":"서울특별시","p":15650,"a":0.667,"d":23464},"geometry":{"type":"MultiPolygon","coordinates":[[[[127.0607,37.6128],[127.0518,37.6081],[127.0524,37.6091],[127.0516,37.6099],[127.0483,37.6079],[127.0474,37.6078],[127.0454,37.6096],[127.0454,37.6113],[127.0488,37.6124],[127.0484,37.6158],[127.0504,37.6175],[127.0546,37.615],[127.055,37.6152],[127.0582,37.6123],[127.0607,37.6128]]]]}},{"type":"Feature","properties":{"c":"1129078000","n":"서울특별시 성북구 장위3동","sg":"성북구","sd":"서울특별시","p":18710,"a":0.684,"d":27350},"geometry":{"type":"MultiPolygon","coordinates":[[[[127.0629,37.6143],[127.0607,37.6128],[127.0582,37.6123],[127.055,37.6152],[127.0546,37.615],[127.0504,37.6175],[127.0493,37.6205],[127.0467,37.6184],[127.0447,37.6195],[127.0479,37.6232],[127.05,37.6244],[127.0542,37.6202],[127.0609,37.6149],[127.0629,37.6143]]]]}},{"type":"Feature","properties":{"c":"1129052500","n":"서울특별시 성북구 성북동","sg":"성북구","sd":"서울특별시","p":15524,"a":2.42,"d":6414},"geometry":{"type":"MultiPolygon","coordinates":[[[[126.9996,37.6016],[127.0009,37.6015],[127.0029,37.5989],[127.0029,37.598],[127.0047,37.5968],[127.0069,37.5966],[127.0079,37.596],[127.0084,37.5931],[127.0075,37.5916],[127.0095,37.5921],[127.0115,37.594],[127.0133,37.5918],[127.0062,37.5884],[127.0042,37.588],[127.0023,37.5892],[127.0017,37.5901],[127.0019,37.5912],[127.0009,37.5924],[126.9891,37.5913],[126.9895,37.5918],[126.9843,37.5936],[126.982,37.5958],[126.9816,37.5991],[126.9849,37.5994],[126.9895,37.6025],[126.9953,37.6027],[126.9996,37.6016]]]]}},{"type":"Feature","properties":{"c":"1129055500","n":"서울특별시 성북구 삼선동","sg":"성북구","sd":"서울특별시","p":21504,"a":0.914,"d":23537},"geometry":{"type":"MultiPolygon","coordinates":[[[[127.019,37.5888],[127.0147,37.5845],[127.0147,37.5822],[127.01,37.5802],[127.0088,37.5805],[127.0059,37.5869],[127.0042,37.5873],[127.0042,37.588],[127.0062,37.5884],[127.015,37.5924],[127.0165,37.5924],[127.017,37.5904],[127.019,37.5888]]]]}},{"type":"Feature","properties":{"c":"1129057500","n":"서울특별시 성북구 동선동","sg":"성북구","sd":"서울특별시","p":14882,"a":0.733,"d":20301},"geometry":{"type":"MultiPolygon","coordinates":[[[[127.0197,37.5973],[127.022,37.597],[127.0226,37.5956],[127.025,37.5941],[127.0239,37.5925],[127.0237,37.591],[127.0221,37.5891],[127.0197,37.5894],[127.019,37.5888],[127.017,37.5904],[127.0165,37.5924],[127.0133,37.5918],[127.0115,37.594],[127.0134,37.5952],[127.0127,37.5967],[127.0129,37.5982],[127.0151,37.5984],[127.0162,37.5969],[127.0197,37.5973]]]]}},{"type":"Feature","properties":{"c":"1129070500","n":"서울특별시 성북구 종암동","sg":"성북구","sd":"서울특별시","p":36678,"a":1.523,"d":24088},"geometry":{"type":"MultiPolygon","coordinates":[[[[127.0322,37.6035],[127.0385,37.6025],[127.0405,37.6005],[127.0408,37.5958],[127.0391,37.5913],[127.0365,37.5912],[127.0355,37.5926],[127.032,37.5911],[127.0303,37.5912],[127.025,37.5941],[127.0257,37.5949],[127.0271,37.6008],[127.0302,37.604],[127.0322,37.6035]]]]}},{"type":"Feature","properties":{"c":"1129081000","n":"서울특별시 성북구 석관동","sg":"성북구","sd":"서울특별시","p":32719,"a":1.734,"d":18868},"geometry":{"type":"MultiPolygon","coordinates":[[[[127.0714,37.6156],[127.0717,37.6068],[127.0694,37.6093],[127.0686,37.6093],[127.0687,37.6069],[127.0681,37.6065],[127.0623,37.6053],[127.06,37.6021],[127.052,37.6],[127.0513,37.6016],[127.0522,37.6029],[127.0522,37.6047],[127.0506,37.6068],[127.0507,37.6075],[127.0629,37.6143],[127.0661,37.6143],[127.068,37.6156],[127.0712,37.6164],[127.0714,37.6156]]]]}},{"type":"Feature","properties":{"c":"1130559500","n":"서울특별시 강북구 번1동","sg":"강북구","sd":"서울특별시","p":15914,"a":0.597,"d":26671},"geometry":{"type":"MultiPolygon","coordinates":[[[[127.0364,37.6369],[127.0385,37.6339],[127.034,37.6354],[127.0233,37.6347],[127.0236,37.6361],[127.0308,37.6429],[127.0329,37.6413],[127.0347,37.6376],[127.0364,37.6369]]]]}},{"type":"Feature","properties":{"c":"1130560300","n":"서울특별시 강북구 번2동","sg":"강북구","sd":"서울특별시","p":14124,"a":1.014,"d":13928},"geometry":{"type":"MultiPolygon","coordinates":[[[[127.0385,37.6339],[127.042,37.631],[127.0367,37.6264],[127.0377,37.6233],[127.0368,37.62],[127.0345,37.6211],[127.0326,37.6255],[127.0324,37.6276],[127.0298,37.6309],[127.029,37.633],[127.0276,37.6335],[127.0275,37.635],[127.034,37.6354],[127.0385,37.6339]]]]}},{"type":"Feature","properties":{"c":"1130560800","n":"서울특별시 강북구 번3동","sg":"강북구","sd":"서울특별시","p":15328,"a":1.093,"d":14024},"geometry":{"type":"MultiPolygon","coordinates":[[[[127.05,37.6244],[127.0479,37.6232],[127.044,37.6187],[127.0402,37.6159],[127.0387,37.6164],[127.0388,37.6195],[127.0368,37.62],[127.0377,37.6233],[127.0367,37.6264],[127.042,37.631],[127.0482,37.6265],[127.05,37.6244]]]]}},{"type":"Feature","properties":{"c":"1130561500","n":"서울특별시 강북구 수유1동","sg":"강북구","sd":"서울특별시","p":19228,"a":1.731,"d":11107},"geometry":{"type":"MultiPolygon","coordinates":[[[[127.0226,37.6303],[127.0178,37.6293],[127.0159,37.6275],[127.0101,37.6252],[127.0065,37.6251],[127.0045,37.6244],[126.9989,37.6269],[126.9941,37.6299],[126.9932,37.632],[127.0026,37.6323],[127.0233,37.6347],[127.0226,37.6303]]]]}},{"type":"Feature","properties":{"c":"1130562500","n":"서울특별시 강북구 수유2동","sg":"강북구","sd":"서울특별시","p":19749,"a":0.607,"d":32532},"geometry":{"type":"MultiPolygon","coordinates":[[[[127.0156,37.6491],[127.0178,37.6486],[127.0211,37.649],[127.0248,37.6472],[127.0252,37.6466],[127.0241,37.6453],[127.024,37.6437],[127.0205,37.6413],[127.0169,37.6408],[127.0139,37.6491],[127.0156,37.6491]]]]}},{"type":"Feature","properties":{"c":"1130563500","n":"서울특별시 강북구 수유3동","sg":"강북구","sd":"서울특별시","p":22221,"a":0.732,"d":30360},"geometry":{"type":"MultiPolygon","coordinates":[[[[127.0308,37.6429],[127.0236,37.6361],[127.0218,37.6363],[127.0195,37.6355],[127.0172,37.6373],[127.0169,37.6408],[127.0208,37.6414],[127.024,37.6437],[127.0241,37.6453],[127.0252,37.6466],[127.0308,37.6429]]]]}},{"type":"Feature","properties":{"c":"1130553400","n":"서울특별시 강북구 삼양동","sg":"강북구","sd":"서울특별시","p":24209,"a":0.953,"d":25393},"geometry":{"type":"MultiPolygon","coordinates":[[[[127.022,37.6252],[127.0184,37.6249],[127.0211,37.6195],[127.0134,37.6202],[127.0086,37.6186],[127.0075,37.621],[127.0079,37.6239],[127.0045,37.6244],[127.0065,37.6251],[127.0101,37.6252],[127.0159,37.6275],[127.0178,37.6293],[127.0226,37.6303],[127.0209,37.6291],[127.022,37.6252]]]]}},{"type":"Feature","properties":{"c":"1130553500","n":"서울특별시 강북구 미아동","sg":"강북구","sd":"서울특별시","p":20058,"a":0.855,"d":23450},"geometry":{"type":"MultiPolygon","coordinates":[[[[127.0326,37.6255],[127.0269,37.6245],[127.0259,37.6237],[127.0229,37.623],[127.0209,37.6291],[127.0226,37.6303],[127.0233,37.6347],[127.0275,37.635],[127.0276,37.6335],[127.029,37.633],[127.0298,37.6309],[127.0324,37.6276],[127.0326,37.6255]]]]}},{"type":"Feature","properties":{"c":"1130554500","n":"서울특별시 강북구 송중동","sg":"강북구","sd":"서울특별시","p":27163,"a":1.064,"d":25535},"geometry":{"type":"MultiPolygon","coordinates":[[[[127.0326,37.6255],[127.0345,37.6211],[127.0388,37.6195],[127.0385,37.6174],[127.0391,37.6163],[127.0371,37.6127],[127.0304,37.6091],[127.0298,37.6171],[127.0269,37.6245],[127.0326,37.6255]]]]}},{"type":"Feature","properties":{"c":"1130555500","n":"서울특별시 강북구 송천동","sg":"강북구","sd":"서울특별시","p":22646,"a":0.941,"d":24064},"geometry":{"type":"MultiPolygon","coordinates":[[[[127.0269,37.6245],[127.0298,37.6171],[127.03,37.6123],[127.0272,37.6126],[127.0222,37.6113],[127.0219,37.6167],[127.0206,37.621],[127.0184,37.6249],[127.022,37.6252],[127.0229,37.623],[127.0259,37.6237],[127.0269,37.6245]]]]}},{"type":"Feature","properties":{"c":"1130557500","n":"서울특별시 강북구 삼각산동","sg":"강북구","sd":"서울특별시","p":29816,"a":0.588,"d":50732},"geometry":{"type":"MultiPolygon","coordinates":[[[[127.0211,37.6195],[127.0222,37.6155],[127.022,37.6123],[127.0205,37.6125],[127.0176,37.6146],[127.0153,37.6148],[127.0148,37.6156],[127.0115,37.6164],[127.0086,37.6186],[127.0134,37.6202],[127.0211,37.6195]]]]}},{"type":"Feature","properties":{"c":"1130564500","n":"서울특별시 강북구 우이동","sg":"강북구","sd":"서울특별시","p":19339,"a":10.715,"d":1805},"geometry":{"type":"MultiPolygon","coordinates":[[[[127.0083,37.6847],[127.0084,37.6813],[127.0104,37.6795],[127.012,37.6793],[127.0139,37.6754],[127.0185,37.67],[127.0182,37.6688],[127.0154,37.6662],[127.0154,37.6635],[127.0163,37.6616],[127.0152,37.6616],[127.0146,37.6609],[127.0126,37.6527],[127.0132,37.6504],[127.0156,37.6491],[127.0139,37.6491],[127.0159,37.6443],[127.0107,37.645],[127.0063,37.6448],[127.0046,37.6444],[127.0006,37.6407],[126.997,37.639],[126.9915,37.6387],[126.9859,37.6406],[126.9839,37.6422],[126.9832,37.6437],[126.9849,37.6458],[126.9846,37.6475],[126.9794,37.6558],[126.985,37.6593],[126.988,37.6633],[126.9928,37.665],[126.9942,37.6663],[126.993,37.6776],[126.9917,37.6795],[126.9938,37.6802],[126.998,37.6838],[127.0042,37.6852],[127.0083,37.6847]]]]}},{"type":"Feature","properties":{"c":"1130566000","n":"서울특별시 강북구 인수동","sg":"강북구","sd":"서울특별시","p":27900,"a":2.865,"d":9738},"geometry":{"type":"MultiPolygon","coordinates":[[[[127.0159,37.6443],[127.0172,37.6373],[127.0195,37.6355],[127.0218,37.6363],[127.0236,37.6361],[127.0233,37.6347],[127.0026,37.6323],[126.9932,37.632],[126.9861,37.6352],[126.9846,37.6366],[126.9864,37.6407],[126.9915,37.6387],[126.9965,37.6388],[127.0006,37.6407],[127.0046,37.6444],[127.0107,37.645],[127.0159,37.6443]]]]}},{"type":"Feature","properties":{"c":"1132066000","n":"서울특별시 도봉구 쌍문1동","sg":"도봉구","sd":"서울특별시","p":20485,"a":1.163,"d":17614},"geometry":{"type":"MultiPolygon","coordinates":[[[[127.0163,37.6616],[127.0185,37.6575],[127.0209,37.6545],[127.0246,37.6542],[127.0281,37.6531],[127.0287,37.6507],[127.0252,37.6466],[127.0246,37.6474],[127.0213,37.649],[127.017,37.6487],[127.0132,37.6504],[127.0126,37.6527],[127.0138,37.6585],[127.0152,37.6616],[127.0163,37.6616]]]]}},{"type":"Feature","properties":{"c":"1132067000","n":"서울특별시 도봉구 쌍문2동","sg":"도봉구","sd":"서울특별시","p":17228,"a":0.533,"d":32329},"geometry":{"type":"MultiPolygon","coordinates":[[[[127.0422,37.6617],[127.0363,37.6514],[127.0333,37.6511],[127.0331,37.6532],[127.0338,37.654],[127.0344,37.6567],[127.0338,37.6601],[127.0378,37.6618],[127.0422,37.6617]]]]}},{"type":"Feature","properties":{"c":"1132068000","n":"서울특별시 도봉구 쌍문3동","sg":"도봉구","sd":"서울특별시","p":15870,"a":0.5,"d":31718},"geometry":{"type":"MultiPolygon","coordinates":[[[[127.0335,37.6465],[127.0308,37.6429],[127.0252,37.6466],[127.0287,37.6507],[127.0363,37.6514],[127.0335,37.6465]]]]}},{"type":"Feature","properties":{"c":"1132068100","n":"서울특별시 도봉구 쌍문4동","sg":"도봉구","sd":"서울특별시","p":17557,"a":0.578,"d":30376},"geometry":{"type":"MultiPolygon","coordinates":[[[[127.0333,37.6511],[127.0287,37.6507],[127.0281,37.6531],[127.0255,37.654],[127.0261,37.6567],[127.0278,37.6588],[127.0338,37.6601],[127.0344,37.6567],[127.0338,37.654],[127.0331,37.6532],[127.0333,37.6511]]]]}},{"type":"Feature","properties":{"c":"1132069000","n":"서울특별시 도봉구 방학1동","sg":"도봉구","sd":"서울특별시","p":27718,"a":1.062,"d":26088},"geometry":{"type":"MultiPolygon","coordinates":[[[[127.0436,37.6698],[127.0488,37.6691],[127.0513,37.664],[127.0516,37.6607],[127.0446,37.662],[127.0378,37.6618],[127.0349,37.6603],[127.0348,37.6638],[127.039,37.667],[127.0396,37.67],[127.0436,37.6698]]]]}},{"type":"Feature","properties":{"c":"1132070000","n":"서울특별시 도봉구 방학2동","sg":"도봉구","sd":"서울특별시","p":17398,"a":1.111,"d":15666},"geometry":{"type":"MultiPolygon","coordinates":[[[[127.0396,37.67],[127.039,37.667],[127.0351,37.6642],[127.0347,37.6625],[127.0315,37.6622],[127.0305,37.6634],[127.0305,37.6655],[127.0279,37.6681],[127.0228,37.6716],[127.0312,37.6749],[127.0372,37.6714],[127.0388,37.6721],[127.0398,37.6718],[127.0396,37.67]]]]}},{"type":"Feature","properties":{"c":"1132071000","n":"서울특별시 도봉구 방학3동","sg":"도봉구","sd":"서울특별시","p":25217,"a":1.864,"d":13531},"geometry":{"type":"MultiPolygon","coordinates":[[[[127.0254,37.6694],[127.0279,37.6681],[127.0305,37.6655],[127.0305,37.6634],[127.0315,37.6622],[127.0347,37.6625],[127.0349,37.6603],[127.0278,37.6588],[127.0261,37.6567],[127.0255,37.654],[127.022,37.6542],[127.0206,37.6548],[127.0185,37.6575],[127.0154,37.6635],[127.0154,37.6662],[127.0182,37.6688],[127.0192,37.6712],[127.0216,37.6712],[127.0228,37.6695],[127.0254,37.6694]]]]}},{"type":"Feature","properties":{"c":"1132051100","n":"서울특별시 도봉구 창1동","sg":"도봉구","sd":"서울특별시","p":22592,"a":1.095,"d":20633},"geometry":{"type":"MultiPolygon","coordinates":[[[[127.0483,37.6517],[127.0512,37.6452],[127.0506,37.6451],[127.0464,37.6392],[127.045,37.6397],[127.0437,37.6439],[127.04,37.6464],[127.0335,37.6465],[127.0363,37.6514],[127.0416,37.6517],[127.0457,37.6511],[127.0483,37.6517]]]]}},{"type":"Feature","properties":{"c":"1132051200","n":"서울특별시 도봉구 창2동","sg":"도봉구","sd":"서울특별시","p":27436,"a":0.684,"d":40117},"geometry":{"type":"MultiPolygon","coordinates":[[[[127.0437,37.6439],[127.0364,37.6369],[127.0347,37.6376],[127.0329,37.6413],[127.0308,37.6429],[127.0335,37.6465],[127.04,37.6464],[127.0437,37.6439]]]]}},{"type":"Feature","properties":{"c":"1132051300","n":"서울특별시 도봉구 창3동","sg":"도봉구","sd":"서울특별시","p":12535,"a":0.639,"d":19621},"geometry":{"type":"MultiPolygon","coordinates":[[[[127.0464,37.6392],[127.0439,37.6334],[127.0415,37.6313],[127.0385,37.6339],[127.0364,37.6369],[127.0437,37.6439],[127.045,37.6397],[127.0464,37.6392]]]]}},{"type":"Feature","properties":{"c":"1132051400","n":"서울특별시 도봉구 창4동","sg":"도봉구","sd":"서울특별시","p":25836,"a":1.117,"d":23138},"geometry":{"type":"MultiPolygon","coordinates":[[[[127.0516,37.6607],[127.0542,37.6545],[127.0544,37.6504],[127.0559,37.646],[127.0549,37.6408],[127.0544,37.6406],[127.0523,37.6426],[127.0453,37.6584],[127.0446,37.662],[127.0516,37.6607]]]]}},{"type":"Feature","properties":{"c":"1132051500","n":"서울특별시 도봉구 창5동","sg":"도봉구","sd":"서울특별시","p":23225,"a":0.691,"d":33589},"geometry":{"type":"MultiPolygon","coordinates":[[[[127.0483,37.6517],[127.0457,37.6511],[127.0416,37.6517],[127.0363,37.6514],[127.0422,37.6617],[127.0446,37.662],[127.0453,37.6584],[127.0483,37.6517]]]]}},{"type":"Feature","properties":{"c":"1132052100","n":"서울특별시 도봉구 도봉1동","sg":"도봉구","sd":"서울특별시","p":19343,"a":8.523,"d":2270},"geometry":{"type":"MultiPolygon","coordinates":[[[[127.0451,37.6924],[127.0461,37.685],[127.0436,37.6698],[127.0396,37.67],[127.0398,37.6718],[127.0388,37.6721],[127.0372,37.6714],[127.0312,37.6749],[127.0229,37.672],[127.0254,37.6694],[127.0228,37.6695],[127.0216,37.6712],[127.0192,37.6712],[127.0184,37.6701],[127.0139,37.6754],[127.012,37.6793],[127.0104,37.6795],[127.0084,37.6813],[127.0083,37.6847],[127.009,37.687],[127.0081,37.6905],[127.0088,37.6946],[127.0119,37.6982],[127.0149,37.6985],[127.0158,37.701],[127.0196,37.7011],[127.0221,37.6996],[127.0249,37.6994],[127.0272,37.7007],[127.028,37.7006],[127.0293,37.6988],[127.0311,37.6929],[127.0325,37.6917],[127.0359,37.6922],[127.0416,37.6954],[127.0431,37.6952],[127.0451,37.6924]]]]}},{"type":"Feature","properties":{"c":"1132052200","n":"서울특별시 도봉구 도봉2동","sg":"도봉구","sd":"서울특별시","p":25627,"a":1.197,"d":21407},"geometry":{"type":"MultiPolygon","coordinates":[[[[127.0508,37.687],[127.052,37.6837],[127.0491,37.6731],[127.0488,37.6691],[127.0436,37.6698],[127.0461,37.685],[127.0451,37.6924],[127.0482,37.6939],[127.0494,37.6929],[127.0508,37.687]]]]}},{"type":"Feature","properties":{"c":"1135056000","n":"서울특별시 노원구 월계1동","sg":"노원구","sd":"서울특별시","p":20183,"a":1.181,"d":17092},"geometry":{"type":"MultiPolygon","coordinates":[[[[127.068,37.6156],[127.0659,37.6143],[127.0615,37.6146],[127.0538,37.6205],[127.05,37.6244],[127.059,37.6302],[127.066,37.6151],[127.068,37.6156]]]]}},{"type":"Feature","properties":{"c":"1135057000","n":"서울특별시 노원구 월계2동","sg":"노원구","sd":"서울특별시","p":24508,"a":1.995,"d":12283},"geometry":{"type":"MultiPolygon","coordinates":[[[[127.0549,37.6408],[127.0596,37.6365],[127.0586,37.6363],[127.059,37.6302],[127.05,37.6244],[127.0482,37.6265],[127.0415,37.6313],[127.0439,37.6334],[127.0453,37.6375],[127.0506,37.6451],[127.0512,37.6452],[127.0532,37.6414],[127.0541,37.6407],[127.0549,37.6408]]]]}},{"type":"Feature","properties":{"c":"1135058000","n":"서울특별시 노원구 월계3동","sg":"노원구","sd":"서울특별시","p":27563,"a":1.17,"d":23563},"geometry":{"type":"MultiPolygon","coordinates":[[[[127.0644,37.6308],[127.0649,37.6286],[127.07,37.6236],[127.0708,37.6216],[127.0712,37.6164],[127.066,37.6151],[127.0592,37.6298],[127.0586,37.6363],[127.0596,37.6365],[127.0644,37.6308]]]]}},{"type":"Feature","properties":{"c":"1135060000","n":"서울특별시 노원구 공릉2동","sg":"노원구","sd":"서울특별시","p":40661,"a":7.278,"d":5587},"geometry":{"type":"MultiPolygon","coordinates":[[[[127.1112,37.6424],[127.112,37.6403],[127.112,37.6326],[127.1108,37.6305],[127.1054,37.6271],[127.1035,37.6229],[127.1041,37.6217],[127.1057,37.6208],[127.1015,37.6198],[127.097,37.617],[127.088,37.6199],[127.0857,37.6202],[127.0816,37.6193],[127.0785,37.621],[127.0764,37.6272],[127.0713,37.6311],[127.0753,37.6308],[127.0766,37.6347],[127.0807,37.6366],[127.0831,37.6401],[127.086,37.6409],[127.0906,37.6411],[127.0941,37.6426],[127.0945,37.6458],[127.0978,37.6453],[127.1066,37.6455],[127.108,37.6446],[127.1096,37.6426],[127.1112,37.6424]]]]}},{"type":"Feature","properties":{"c":"1135061100","n":"서울특별시 노원구 하계1동","sg":"노원구","sd":"서울특별시","p":25144,"a":1.443,"d":17419},"geometry":{"type":"MultiPolygon","coordinates":[[[[127.0765,37.646],[127.0782,37.6444],[127.0809,37.6437],[127.0831,37.6401],[127.0807,37.6366],[127.0766,37.6347],[127.0753,37.6308],[127.0713,37.6311],[127.0703,37.6314],[127.0668,37.6387],[127.0694,37.6394],[127.0719,37.6431],[127.0708,37.6453],[127.0742,37.6463],[127.076,37.6445],[127.0765,37.646]]]]}},{"type":"Feature","properties":{"c":"1135061200","n":"서울특별시 노원구 하계2동","sg":"노원구","sd":"서울특별시","p":19453,"a":0.507,"d":38398},"geometry":{"type":"MultiPolygon","coordinates":[[[[127.0668,37.6387],[127.0703,37.6314],[127.0644,37.6308],[127.0589,37.6376],[127.0601,37.6395],[127.0614,37.6372],[127.0668,37.6387]]]]}},{"type":"Feature","properties":{"c":"1135061900","n":"서울특별시 노원구 중계본동","sg":"노원구","sd":"서울특별시","p":21964,"a":2.065,"d":10635},"geometry":{"type":"MultiPolygon","coordinates":[[[[127.0945,37.6458],[127.0941,37.6426],[127.0906,37.6411],[127.086,37.6409],[127.0831,37.6401],[127.0809,37.6437],[127.0782,37.6444],[127.0765,37.646],[127.0767,37.6502],[127.0782,37.6534],[127.086,37.6559],[127.0892,37.655],[127.0928,37.6549],[127.0936,37.6533],[127.0923,37.6499],[127.0945,37.6458]]]]}},{"type":"Feature","properties":{"c":"1135062100","n":"서울특별시 노원구 중계1동","sg":"노원구","sd":"서울특별시","p":25742,"a":0.61,"d":42232},"geometry":{"type":"MultiPolygon","coordinates":[[[[127.0782,37.6534],[127.0767,37.6502],[127.076,37.6445],[127.0742,37.6463],[127.0708,37.6453],[127.0686,37.6505],[127.0714,37.6531],[127.0721,37.6552],[127.0782,37.6534]]]]}},{"type":"Feature","properties":{"c":"1135062400","n":"서울특별시 노원구 중계4동","sg":"노원구","sd":"서울특별시","p":18473,"a":1.46,"d":12650},"geometry":{"type":"MultiPolygon","coordinates":[[[[127.094,37.6626],[127.0924,37.6581],[127.0884,37.6566],[127.0782,37.6534],[127.0721,37.6552],[127.0716,37.6584],[127.0759,37.6626],[127.0788,37.6618],[127.0888,37.6637],[127.094,37.6626]]]]}},{"type":"Feature","properties":{"c":"1135063000","n":"서울특별시 노원구 상계1동","sg":"노원구","sd":"서울특별시","p":35830,"a":5.013,"d":7147},"geometry":{"type":"MultiPolygon","coordinates":[[[[127.0811,37.6961],[127.0843,37.694],[127.0851,37.691],[127.0792,37.6885],[127.077,37.6862],[127.0736,37.6768],[127.0713,37.6748],[127.0691,37.6739],[127.0677,37.6742],[127.0627,37.6724],[127.0598,37.6723],[127.0562,37.6705],[127.0489,37.6712],[127.052,37.6837],[127.0508,37.687],[127.0548,37.6893],[127.0568,37.6896],[127.0604,37.6887],[127.0651,37.6898],[127.0694,37.6944],[127.0726,37.6943],[127.0773,37.6964],[127.0811,37.6961]]]]}},{"type":"Feature","properties":{"c":"1135064000","n":"서울특별시 노원구 상계2동","sg":"노원구","sd":"서울특별시","p":18509,"a":0.592,"d":31264},"geometry":{"type":"MultiPolygon","coordinates":[[[[127.0716,37.6584],[127.0719,37.6541],[127.0686,37.6505],[127.067,37.6558],[127.0608,37.6544],[127.0604,37.6557],[127.0617,37.656],[127.0616,37.6574],[127.0626,37.6589],[127.0652,37.6594],[127.0657,37.6616],[127.0716,37.6584]]]]}},{"type":"Feature","properties":{"c":"1135067000","n":"서울특별시 노원구 상계5동","sg":"노원구","sd":"서울특별시","p":21965,"a":0.493,"d":44554},"geometry":{"type":"MultiPolygon","coordinates":[[[[127.0701,37.668],[127.0709,37.6674],[127.0708,37.6652],[127.0744,37.6615],[127.0716,37.6584],[127.0657,37.6616],[127.0667,37.6678],[127.0701,37.668]]]]}},{"type":"Feature","properties":{"c":"1135070000","n":"서울특별시 노원구 상계8동","sg":"노원구","sd":"서울특별시","p":21214,"a":0.663,"d":31996},"geometry":{"type":"MultiPolygon","coordinates":[[[[127.0562,37.6705],[127.0587,37.6612],[127.0515,37.6618],[127.051,37.6646],[127.049,37.6681],[127.0489,37.6712],[127.0562,37.6705]]]]}},{"type":"Feature","properties":{"c":"1135071000","n":"서울특별시 노원구 상계9동","sg":"노원구","sd":"서울특별시","p":18835,"a":0.839,"d":22446},"geometry":{"type":"MultiPolygon","coordinates":[[[[127.0701,37.668],[127.0667,37.6678],[127.0657,37.6614],[127.0629,37.6614],[127.0634,37.6648],[127.0616,37.6652],[127.058,37.6646],[127.058,37.6637],[127.0577,37.6642],[127.0562,37.6705],[127.0598,37.6723],[127.0627,37.6724],[127.0666,37.6738],[127.0663,37.6705],[127.0701,37.668]]]]}},{"type":"Feature","properties":{"c":"1135072000","n":"서울특별시 노원구 상계10동","sg":"노원구","sd":"서울특별시","p":17837,"a":0.83,"d":21502},"geometry":{"type":"MultiPolygon","coordinates":[[[[127.0657,37.6614],[127.0652,37.6594],[127.0626,37.6589],[127.0616,37.6574],[127.0617,37.656],[127.0542,37.6545],[127.0515,37.6618],[127.0587,37.6612],[127.058,37.6646],[127.0619,37.6652],[127.0634,37.6648],[127.0629,37.6614],[127.0657,37.6614]]]]}},{"type":"Feature","properties":{"c":"1135066500","n":"서울특별시 노원구 상계3·4동","sg":"노원구","sd":"서울특별시","p":26367,"a":5.793,"d":4552},"geometry":{"type":"MultiPolygon","coordinates":[[[[127.0959,37.6877],[127.0959,37.6848],[127.0928,37.6818],[127.0918,37.6792],[127.0923,37.6775],[127.0936,37.6766],[127.0957,37.6723],[127.094,37.6626],[127.0888,37.6637],[127.0788,37.6618],[127.0759,37.6626],[127.0744,37.6615],[127.0708,37.6652],[127.0709,37.6674],[127.0663,37.6705],[127.0666,37.6738],[127.0705,37.6743],[127.0736,37.6768],[127.076,37.6843],[127.0792,37.6885],[127.0849,37.6908],[127.089,37.6898],[127.095,37.6892],[127.0958,37.6889],[127.0959,37.6877]]]]}},{"type":"Feature","properties":{"c":"1135069500","n":"서울특별시 노원구 상계6·7동","sg":"노원구","sd":"서울특별시","p":30097,"a":1.428,"d":21075},"geometry":{"type":"MultiPolygon","coordinates":[[[[127.0686,37.6505],[127.0658,37.6493],[127.0613,37.6451],[127.0608,37.6415],[127.0589,37.6376],[127.0549,37.6408],[127.0559,37.646],[127.0544,37.6504],[127.0542,37.6545],[127.0604,37.6557],[127.0608,37.6544],[127.067,37.6558],[127.0686,37.6505]]]]}},{"type":"Feature","properties":{"c":"1135062500","n":"서울특별시 노원구 중계2·3동","sg":"노원구","sd":"서울특별시","p":31044,"a":0.948,"d":32742},"geometry":{"type":"MultiPolygon","coordinates":[[[[127.0708,37.6453],[127.0719,37.6431],[127.0694,37.6394],[127.0614,37.6372],[127.0601,37.6395],[127.0612,37.6449],[127.0658,37.6493],[127.0686,37.6505],[127.0708,37.6453]]]]}},{"type":"Feature","properties":{"c":"1135059500","n":"서울특별시 노원구 공릉1동","sg":"노원구","sd":"서울특별시","p":35160,"a":1.211,"d":29042},"geometry":{"type":"MultiPolygon","coordinates":[[[[127.0713,37.6311],[127.0761,37.6276],[127.0774,37.6254],[127.0783,37.6213],[127.0816,37.6193],[127.0714,37.6156],[127.0708,37.6216],[127.07,37.6236],[127.0649,37.6286],[127.0644,37.6308],[127.0703,37.6314],[127.0713,37.6311]]]]}},{"type":"Feature","properties":{"c":"1138051000","n":"서울특별시 은평구 녹번동","sg":"은평구","sd":"서울특별시","p":35046,"a":1.918,"d":18268},"geometry":{"type":"MultiPolygon","coordinates":[[[[126.95,37.6097],[126.9503,37.6078],[126.9472,37.6078],[126.9449,37.6048],[126.9424,37.6048],[126.9404,37.6029],[126.9402,37.6018],[126.9412,37.6009],[126.9409,37.5991],[126.9386,37.5976],[126.9355,37.6008],[126.9275,37.6016],[126.9264,37.6024],[126.9224,37.6016],[126.9206,37.6017],[126.9233,37.6071],[126.9271,37.6091],[126.9288,37.6084],[126.9307,37.6085],[126.9328,37.6095],[126.9414,37.6109],[126.943,37.6102],[126.95,37.6097]]]]}},{"type":"Feature","properties":{"c":"1138052000","n":"서울특별시 은평구 불광1동","sg":"은평구","sd":"서울특별시","p":33607,"a":3.352,"d":10025},"geometry":{"type":"MultiPolygon","coordinates":[[[[126.9532,37.6252],[126.9517,37.6243],[126.9512,37.6228],[126.9503,37.6184],[126.9509,37.6124],[126.95,37.6097],[126.943,37.6102],[126.9406,37.6108],[126.9314,37.6088],[126.9266,37.6144],[126.9213,37.6189],[126.9264,37.6213],[126.9335,37.6217],[126.9369,37.62],[126.9375,37.6202],[126.9388,37.621],[126.9397,37.6239],[126.9409,37.6257],[126.9429,37.6252],[126.9481,37.6274],[126.9532,37.6252]]]]}},{"type":"Feature","properties":{"c":"1138055100","n":"서울특별시 은평구 갈현1동","sg":"은평구","sd":"서울특별시","p":13925,"a":0.955,"d":14580},"geometry":{"type":"MultiPolygon","coordinates":[[[[126.9196,37.628],[126.9201,37.626],[126.9199,37.6216],[126.9213,37.6189],[126.9201,37.6185],[126.9114,37.6226],[126.9079,37.6254],[126.9088,37.6291],[126.9112,37.6296],[126.9121,37.6304],[126.9155,37.6311],[126.9196,37.628]]]]}},{"type":"Feature","properties":{"c":"1138055200","n":"서울특별시 은평구 갈현2동","sg":"은평구","sd":"서울특별시","p":26577,"a":1.055,"d":25186},"geometry":{"type":"MultiPolygon","coordinates":[[[[126.9201,37.6185],[126.9181,37.6153],[126.9173,37.6113],[126.9101,37.6143],[126.9069,37.6169],[126.9052,37.62],[126.9064,37.624],[126.9079,37.6254],[126.9114,37.6226],[126.9201,37.6185]]]]}},{"type":"Feature","properties":{"c":"1138056000","n":"서울특별시 은평구 구산동","sg":"은평구","sd":"서울특별시","p":30529,"a":1.355,"d":22531},"geometry":{"type":"MultiPolygon","coordinates":[[[[126.9173,37.6113],[126.9152,37.6074],[126.9115,37.6075],[126.9095,37.6054],[126.9074,37.6049],[126.905,37.6047],[126.9017,37.6057],[126.902,37.6094],[126.901,37.6125],[126.9034,37.6188],[126.9052,37.6195],[126.9069,37.6169],[126.9101,37.6143],[126.9173,37.6113]]]]}},{"type":"Feature","properties":{"c":"1138057000","n":"서울특별시 은평구 대조동","sg":"은평구","sd":"서울특별시","p":26859,"a":0.873,"d":30781},"geometry":{"type":"MultiPolygon","coordinates":[[[[126.9314,37.6088],[126.9288,37.6084],[126.9271,37.6091],[126.9239,37.6075],[126.9229,37.6063],[126.9173,37.6113],[126.9181,37.6153],[126.9201,37.6185],[126.9213,37.6189],[126.9263,37.6146],[126.9314,37.6088]]]]}},{"type":"Feature","properties":{"c":"1138058000","n":"서울특별시 은평구 응암1동","sg":"은평구","sd":"서울특별시","p":31894,"a":1.162,"d":27441},"geometry":{"type":"MultiPolygon","coordinates":[[[[126.9386,37.5976],[126.9378,37.5977],[126.933,37.596],[126.9304,37.5942],[126.9284,37.5919],[126.9267,37.5929],[126.9263,37.5956],[126.9239,37.5966],[126.9222,37.5969],[126.9191,37.596],[126.9157,37.5971],[126.9161,37.5992],[126.9206,37.6017],[126.9224,37.6016],[126.9264,37.6024],[126.9275,37.6016],[126.9355,37.6008],[126.9386,37.5976]]]]}},{"type":"Feature","properties":{"c":"1138059000","n":"서울특별시 은평구 응암2동","sg":"은평구","sd":"서울특별시","p":26723,"a":0.748,"d":35715},"geometry":{"type":"MultiPolygon","coordinates":[[[[126.9284,37.5919],[126.9281,37.5884],[126.9228,37.5856],[126.9226,37.5888],[126.9173,37.5902],[126.9182,37.5948],[126.9191,37.596],[126.9222,37.5969],[126.9263,37.5956],[126.9267,37.5929],[126.9284,37.5919]]]]}},{"type":"Feature","properties":{"c":"1138063100","n":"서울특별시 은평구 신사1동","sg":"은평구","sd":"서울특별시","p":25755,"a":0.832,"d":30967},"geometry":{"type":"MultiPolygon","coordinates":[[[[126.9161,37.5992],[126.9145,37.5923],[126.906,37.5982],[126.9014,37.5983],[126.9003,37.6032],[126.9021,37.6038],[126.9077,37.6016],[126.9103,37.602],[126.9136,37.601],[126.9161,37.5992]]]]}},{"type":"Feature","properties":{"c":"1138063200","n":"서울특별시 은평구 신사2동","sg":"은평구","sd":"서울특별시","p":19343,"a":1.043,"d":18548},"geometry":{"type":"MultiPolygon","coordinates":[[[[126.9145,37.5923],[126.9136,37.5887],[126.9102,37.5894],[126.9043,37.5883],[126.8998,37.5899],[126.899,37.5927],[126.9006,37.5943],[126.9014,37.5983],[126.906,37.5982],[126.9145,37.5923]]]]}},{"type":"Feature","properties":{"c":"1138064000","n":"서울특별시 은평구 증산동","sg":"은평구","sd":"서울특별시","p":15149,"a":0.921,"d":16440},"geometry":{"type":"MultiPolygon","coordinates":[[[[126.9136,37.5887],[126.9126,37.586],[126.9031,37.5769],[126.9028,37.5771],[126.9016,37.5759],[126.8982,37.5783],[126.9021,37.5807],[126.9014,37.5851],[126.9033,37.5879],[126.9055,37.5887],[126.9102,37.5894],[126.9136,37.5887]]]]}},{"type":"Feature","properties":{"c":"1138065000","n":"서울특별시 은평구 수색동","sg":"은평구","sd":"서울특별시","p":21076,"a":1.142,"d":18454},"geometry":{"type":"MultiPolygon","coordinates":[[[[126.8998,37.5899],[126.9043,37.5883],[126.9026,37.5873],[126.9016,37.5856],[126.9021,37.5807],[126.8982,37.5783],[126.8962,37.5809],[126.8899,37.5844],[126.8822,37.5909],[126.8848,37.5934],[126.8866,37.5938],[126.8854,37.5911],[126.8873,37.5886],[126.897,37.5886],[126.8998,37.5899]]]]}},{"type":"Feature","properties":{"c":"1138069000","n":"서울특별시 은평구 진관동","sg":"은평구","sd":"서울특별시","p":53557,"a":12.933,"d":4141},"geometry":{"type":"MultiPolygon","coordinates":[[[[126.9718,37.6323],[126.9693,37.6302],[126.9595,37.6285],[126.9568,37.6254],[126.9532,37.6252],[126.9481,37.6274],[126.9429,37.6252],[126.9404,37.626],[126.9321,37.6264],[126.9292,37.6284],[126.9261,37.6296],[126.9196,37.628],[126.9155,37.6311],[126.9088,37.6291],[126.9072,37.6306],[126.9065,37.6325],[126.9098,37.6351],[126.9108,37.6402],[126.9125,37.6417],[126.9122,37.6444],[126.9076,37.6465],[126.9053,37.6489],[126.9139,37.6447],[126.9213,37.6456],[126.9254,37.6474],[126.9297,37.6504],[126.9347,37.6506],[126.937,37.6519],[126.941,37.6571],[126.9473,37.6589],[126.9513,37.655],[126.9546,37.6548],[126.9568,37.6526],[126.9617,37.6452],[126.965,37.6428],[126.9688,37.6387],[126.9688,37.637],[126.9718,37.6323]]]]}},{"type":"Feature","properties":{"c":"1138053000","n":"서울특별시 은평구 불광2동","sg":"은평구","sd":"서울특별시","p":26086,"a":1.341,"d":19459},"geometry":{"type":"MultiPolygon","coordinates":[[[[126.9409,37.6257],[126.9397,37.6239],[126.9388,37.621],[126.9375,37.6202],[126.9369,37.62],[126.9335,37.6217],[126.9264,37.6213],[126.9213,37.6189],[126.9201,37.6208],[126.9196,37.628],[126.9256,37.6295],[126.9292,37.6284],[126.9321,37.6264],[126.9409,37.6257]]]]}},{"type":"Feature","properties":{"c":"1138060000","n":"서울특별시 은평구 응암3동","sg":"은평구","sd":"서울특별시","p":22695,"a":0.735,"d":30896},"geometry":{"type":"MultiPolygon","coordinates":[[[[126.9191,37.596],[126.9182,37.5948],[126.9173,37.5902],[126.9226,37.5888],[126.923,37.585],[126.9208,37.5829],[126.9189,37.5834],[126.9158,37.5831],[126.9154,37.5855],[126.9131,37.587],[126.9157,37.5971],[126.9191,37.596]]]]}},{"type":"Feature","properties":{"c":"1138062500","n":"서울특별시 은평구 역촌동","sg":"은평구","sd":"서울특별시","p":44235,"a":1.089,"d":40623},"geometry":{"type":"MultiPolygon","coordinates":[[[[126.9229,37.6063],[126.9206,37.6017],[126.9161,37.5992],[126.9133,37.6012],[126.9103,37.602],[126.9077,37.6016],[126.9021,37.6038],[126.9017,37.6057],[126.905,37.6047],[126.9074,37.6049],[126.9095,37.6054],[126.9115,37.6075],[126.9152,37.6074],[126.9173,37.6113],[126.9229,37.6063]]]]}},{"type":"Feature","properties":{"c":"1141052000","n":"서울특별시 서대문구 천연동","sg":"서대문구","sd":"서울특별시","p":16290,"a":0.895,"d":18193},"geometry":{"type":"MultiPolygon","coordinates":[[[[126.9596,37.573],[126.9658,37.5667],[126.9589,37.5655],[126.9564,37.5668],[126.9537,37.5693],[126.9537,37.5705],[126.9518,37.5717],[126.9508,37.5739],[126.9508,37.5749],[126.9529,37.5782],[126.9539,37.5785],[126.9596,37.573]]]]}},{"type":"Feature","properties":{"c":"1141062000","n":"서울특별시 서대문구 홍제1동","sg":"서대문구","sd":"서울특별시","p":24212,"a":1.564,"d":15482},"geometry":{"type":"MultiPolygon","coordinates":[[[[126.9418,37.5909],[126.9492,37.584],[126.9539,37.5785],[126.9528,37.5782],[126.9508,37.5749],[126.9518,37.5717],[126.9537,37.5705],[126.9537,37.5693],[126.9497,37.5685],[126.9477,37.5728],[126.9488,37.574],[126.949,37.5757],[126.9447,37.5775],[126.9419,37.5808],[126.9408,37.5839],[126.9372,37.5825],[126.9359,37.5845],[126.9354,37.5863],[126.9361,37.5881],[126.941,37.5912],[126.9418,37.5909]]]]}},{"type":"Feature","properties":{"c":"1141064000","n":"서울특별시 서대문구 홍제3동","sg":"서대문구","sd":"서울특별시","p":17132,"a":1.033,"d":16579},"geometry":{"type":"MultiPolygon","coordinates":[[[[126.9563,37.5957],[126.9575,37.5927],[126.9579,37.5888],[126.9569,37.5854],[126.9514,37.5892],[126.9466,37.5889],[126.945,37.5881],[126.9418,37.5909],[126.9447,37.5918],[126.9472,37.5947],[126.9465,37.5967],[126.9474,37.5985],[126.9498,37.5981],[126.9514,37.5957],[126.9563,37.5957]]]]}},{"type":"Feature","properties":{"c":"1141065500","n":"서울특별시 서대문구 홍제2동","sg":"서대문구","sd":"서울특별시","p":11803,"a":0.714,"d":16536},"geometry":{"type":"MultiPolygon","coordinates":[[[[126.9569,37.5854],[126.9607,37.5808],[126.9588,37.5816],[126.957,37.5816],[126.9558,37.5807],[126.9555,37.579],[126.9536,37.5789],[126.945,37.5881],[126.9466,37.5889],[126.951,37.5893],[126.9569,37.5854]]]]}},{"type":"Feature","properties":{"c":"1141066000","n":"서울특별시 서대문구 홍은1동","sg":"서대문구","sd":"서울특별시","p":23335,"a":1.553,"d":15024},"geometry":{"type":"MultiPolygon","coordinates":[[[[126.9534,37.6054],[126.9527,37.6004],[126.9541,37.5986],[126.9571,37.5986],[126.9563,37.5957],[126.9514,37.5957],[126.9498,37.5981],[126.9474,37.5985],[126.9465,37.5967],[126.9472,37.5947],[126.9447,37.5918],[126.9418,37.5909],[126.9409,37.5943],[126.9386,37.5976],[126.9409,37.5991],[126.9412,37.6009],[126.9402,37.6018],[126.9404,37.6029],[126.9424,37.6048],[126.9449,37.6048],[126.9472,37.6078],[126.95,37.6077],[126.9507,37.6083],[126.9534,37.6054]]]]}},{"type":"Feature","properties":{"c":"1141068500","n":"서울특별시 서대문구 홍은2동","sg":"서대문구","sd":"서울특별시","p":27021,"a":2.052,"d":13170},"geometry":{"type":"MultiPolygon","coordinates":[[[[126.9386,37.5976],[126.9409,37.5943],[126.9415,37.5914],[126.9368,37.5887],[126.9355,37.587],[126.9356,37.5852],[126.9378,37.5819],[126.9377,37.5811],[126.9273,37.5759],[126.9228,37.5856],[126.9281,37.5884],[126.9283,37.5917],[126.9307,37.5945],[126.9337,37.5964],[126.9386,37.5976]]]]}},{"type":"Feature","properties":{"c":"1141069000","n":"서울특별시 서대문구 남가좌1동","sg":"서대문구","sd":"서울특별시","p":17261,"a":0.448,"d":38537},"geometry":{"type":"MultiPolygon","coordinates":[[[[126.9219,37.5719],[126.9169,37.5679],[126.9118,37.5703],[126.9113,37.5722],[126.9151,37.5752],[126.917,37.575],[126.9219,37.5719]]]]}},{"type":"Feature","properties":{"c":"1141070000","n":"서울특별시 서대문구 남가좌2동","sg":"서대문구","sd":"서울특별시","p":28276,"a":0.814,"d":34744},"geometry":{"type":"MultiPolygon","coordinates":[[[[126.9273,37.5759],[126.9219,37.5719],[126.917,37.575],[126.9145,37.5752],[126.9156,37.5784],[126.9181,37.5805],[126.9215,37.5809],[126.9208,37.5829],[126.923,37.585],[126.9273,37.5759]]]]}},{"type":"Feature","properties":{"c":"1141071000","n":"서울특별시 서대문구 북가좌1동","sg":"서대문구","sd":"서울특별시","p":17043,"a":0.582,"d":29279},"geometry":{"type":"MultiPolygon","coordinates":[[[[126.9145,37.5752],[126.9151,37.5752],[126.9114,37.5726],[126.9118,37.5703],[126.9048,37.5734],[126.9016,37.5755],[126.9063,37.5801],[126.9128,37.5756],[126.9145,37.5752]]]]}},{"type":"Feature","properties":{"c":"1141072000","n":"서울특별시 서대문구 북가좌2동","sg":"서대문구","sd":"서울특별시","p":29501,"a":0.797,"d":37029},"geometry":{"type":"MultiPolygon","coordinates":[[[[126.9208,37.5829],[126.9215,37.5809],[126.9181,37.5805],[126.9156,37.5784],[126.9145,37.5752],[126.9128,37.5756],[126.9063,37.5801],[126.9131,37.587],[126.9154,37.5855],[126.9158,37.5831],[126.9189,37.5834],[126.9208,37.5829]]]]}},{"type":"Feature","properties":{"c":"1141056500","n":"서울특별시 서대문구 충현동","sg":"서대문구","sd":"서울특별시","p":19058,"a":1.139,"d":16734},"geometry":{"type":"MultiPolygon","coordinates":[[[[126.9658,37.5667],[126.9696,37.562],[126.9669,37.5613],[126.9638,37.5593],[126.9621,37.5593],[126.9592,37.562],[126.9534,37.5612],[126.9499,37.5598],[126.9496,37.5602],[126.9497,37.5685],[126.9537,37.5693],[126.9564,37.5668],[126.9589,37.5655],[126.9658,37.5667]]]]}},{"type":"Feature","properties":{"c":"1141055500","n":"서울특별시 서대문구 북아현동","sg":"서대문구","sd":"서울특별시","p":15030,"a":0.445,"d":33739},"geometry":{"type":"MultiPolygon","coordinates":[[[[126.9621,37.5593],[126.9587,37.5567],[126.9585,37.5572],[126.9571,37.5575],[126.9488,37.557],[126.9499,37.5598],[126.9534,37.5612],[126.9592,37.562],[126.9621,37.5593]]]]}},{"type":"Feature","properties":{"c":"1141058500","n":"서울특별시 서대문구 신촌동","sg":"서대문구","sd":"서울특별시","p":20565,"a":2.571,"d":7998},"geometry":{"type":"MultiPolygon","coordinates":[[[[126.9497,37.5685],[126.95,37.5665],[126.9492,37.5652],[126.9499,37.5598],[126.9488,37.557],[126.941,37.5564],[126.9369,37.5551],[126.9266,37.5588],[126.9272,37.5618],[126.9285,37.561],[126.9312,37.5611],[126.9331,37.5631],[126.9345,37.5662],[126.9393,37.5694],[126.9434,37.5709],[126.944,37.5722],[126.9435,37.5745],[126.9447,37.5766],[126.9468,37.5768],[126.949,37.5757],[126.9488,37.574],[126.9477,37.5728],[126.9497,37.5685]]]]}},{"type":"Feature","properties":{"c":"1141061500","n":"서울특별시 서대문구 연희동","sg":"서대문구","sd":"서울특별시","p":33004,"a":2.831,"d":11659},"geometry":{"type":"MultiPolygon","coordinates":[[[[126.9468,37.5768],[126.9447,37.5766],[126.9435,37.5747],[126.944,37.5722],[126.9434,37.5709],[126.9393,37.5694],[126.9345,37.5662],[126.9331,37.5631],[126.9308,37.561],[126.9285,37.561],[126.9272,37.5618],[126.9282,37.5633],[126.9257,37.5653],[126.9169,37.5679],[126.9273,37.5759],[126.9374,37.5806],[126.9379,37.5816],[126.9372,37.5825],[126.9408,37.5839],[126.9419,37.5808],[126.9447,37.5775],[126.9468,37.5768]]]]}},{"type":"Feature","properties":{"c":"1144059000","n":"서울특별시 마포구 용강동","sg":"마포구","sd":"서울특별시","p":21170,"a":0.777,"d":27235},"geometry":{"type":"MultiPolygon","coordinates":[[[[126.9445,37.5451],[126.9478,37.5434],[126.9492,37.5433],[126.9497,37.5438],[126.9507,37.5434],[126.9412,37.5365],[126.9358,37.539],[126.9371,37.5422],[126.9407,37.5466],[126.9445,37.5451]]]]}},{"type":"Feature","properties":{"c":"1144060000","n":"서울특별시 마포구 대흥동","sg":"마포구","sd":"서울특별시","p":14194,"a":0.837,"d":16949},"geometry":{"type":"MultiPolygon","coordinates":[[[[126.9468,37.5568],[126.9467,37.5531],[126.9437,37.5474],[126.9445,37.5451],[126.9407,37.5466],[126.9375,37.5506],[126.9337,37.5531],[126.9369,37.5551],[126.941,37.5564],[126.9468,37.5568]]]]}},{"type":"Feature","properties":{"c":"1144061000","n":"서울특별시 마포구 염리동","sg":"마포구","sd":"서울특별시","p":16737,"a":0.541,"d":30945},"geometry":{"type":"MultiPolygon","coordinates":[[[[126.9497,37.5438],[126.9492,37.5433],[126.9478,37.5434],[126.9455,37.5445],[126.9445,37.5451],[126.9437,37.547],[126.9467,37.5531],[126.9468,37.5568],[126.9488,37.557],[126.9488,37.5554],[126.9496,37.555],[126.9506,37.553],[126.95,37.5476],[126.9478,37.5454],[126.9479,37.5446],[126.9497,37.5438]]]]}},{"type":"Feature","properties":{"c":"1144063000","n":"서울특별시 마포구 신수동","sg":"마포구","sd":"서울특별시","p":21989,"a":0.822,"d":26756},"geometry":{"type":"MultiPolygon","coordinates":[[[[126.9407,37.5466],[126.9371,37.5422],[126.9358,37.539],[126.9303,37.5413],[126.928,37.5415],[126.9304,37.5451],[126.9319,37.5455],[126.9337,37.5531],[126.9375,37.5506],[126.9407,37.5466]]]]}},{"type":"Feature","properties":{"c":"1144066000","n":"서울특별시 마포구 서교동","sg":"마포구","sd":"서울특별시","p":23414,"a":1.65,"d":14186},"geometry":{"type":"MultiPolygon","coordinates":[[[[126.9135,37.5495],[126.9117,37.5542],[126.9091,37.5577],[126.9176,37.5588],[126.9188,37.5575],[126.9216,37.5595],[126.9271,37.5618],[126.9266,37.5588],[126.9369,37.5551],[126.9341,37.5534],[126.9309,37.5547],[126.925,37.5532],[126.9241,37.5522],[126.9242,37.5509],[126.9203,37.5483],[126.9151,37.5492],[126.9144,37.5498],[126.9154,37.5509],[126.9135,37.5495]]]]}},{"type":"Feature","properties":{"c":"1144068000","n":"서울특별시 마포구 합정동","sg":"마포구","sd":"서울특별시","p":15449,"a":1.67,"d":9250},"geometry":{"type":"MultiPolygon","coordinates":[[[[126.9135,37.5495],[126.9154,37.5509],[126.9144,37.5498],[126.9151,37.5492],[126.9203,37.5483],[126.9167,37.5435],[126.9171,37.5414],[126.905,37.5413],[126.899,37.5479],[126.9028,37.5515],[126.9117,37.5542],[126.9135,37.5495]]]]}},{"type":"Feature","properties":{"c":"1144069000","n":"서울특별시 마포구 망원1동","sg":"마포구","sd":"서울특별시","p":18331,"a":1.092,"d":16790},"geometry":{"type":"MultiPolygon","coordinates":[[[[126.9088,37.5574],[126.9117,37.5542],[126.9028,37.5515],[126.899,37.5479],[126.8906,37.5512],[126.8944,37.5575],[126.8969,37.5554],[126.9082,37.558],[126.9088,37.5574]]]]}},{"type":"Feature","properties":{"c":"1144070000","n":"서울특별시 마포구 망원2동","sg":"마포구","sd":"서울특별시","p":17029,"a":0.645,"d":26412},"geometry":{"type":"MultiPolygon","coordinates":[[[[126.9043,37.5624],[126.9082,37.558],[126.8969,37.5554],[126.8929,37.559],[126.9024,37.5632],[126.9033,37.5633],[126.9043,37.5624]]]]}},{"type":"Feature","properties":{"c":"1144071000","n":"서울특별시 마포구 연남동","sg":"마포구","sd":"서울특별시","p":13825,"a":0.649,"d":21318},"geometry":{"type":"MultiPolygon","coordinates":[[[[126.9272,37.5618],[126.9216,37.5595],[126.9188,37.5575],[126.9176,37.5588],[126.9181,37.561],[126.9167,37.5669],[126.9177,37.5674],[126.9257,37.5653],[126.9282,37.5633],[126.9272,37.5618]]]]}},{"type":"Feature","properties":{"c":"1144072000","n":"서울특별시 마포구 성산1동","sg":"마포구","sd":"서울특별시","p":18264,"a":0.866,"d":21101},"geometry":{"type":"MultiPolygon","coordinates":[[[[126.9176,37.5588],[126.9088,37.5574],[126.9036,37.5634],[126.9167,37.5669],[126.9181,37.561],[126.9176,37.5588]]]]}},{"type":"Feature","properties":{"c":"1144073000","n":"서울특별시 마포구 성산2동","sg":"마포구","sd":"서울특별시","p":37867,"a":1.967,"d":19255},"geometry":{"type":"MultiPolygon","coordinates":[[[[126.9118,37.5703],[126.9177,37.5674],[126.9036,37.5634],[126.9043,37.5624],[126.9033,37.5633],[126.9024,37.5632],[126.8943,37.5599],[126.8936,37.5614],[126.8951,37.5652],[126.8949,37.5665],[126.8928,37.5676],[126.8912,37.5697],[126.8921,37.5729],[126.8991,37.5733],[126.9016,37.5755],[126.9048,37.5734],[126.9118,37.5703]]]]}},{"type":"Feature","properties":{"c":"1144074000","n":"서울특별시 마포구 상암동","sg":"마포구","sd":"서울특별시","p":29029,"a":8.619,"d":3368},"geometry":{"type":"MultiPolygon","coordinates":[[[[126.8982,37.5783],[126.9016,37.5759],[126.9028,37.5771],[126.9031,37.5769],[126.8991,37.5733],[126.8946,37.5727],[126.8935,37.5733],[126.8921,37.5727],[126.8912,37.5697],[126.8928,37.5676],[126.8949,37.5665],[126.8951,37.5652],[126.8936,37.5614],[126.8943,37.5599],[126.8929,37.559],[126.8944,37.5575],[126.8906,37.5512],[126.872,37.56],[126.8631,37.565],[126.8552,37.57],[126.8536,37.5718],[126.8541,37.5739],[126.8617,37.5759],[126.865,37.5758],[126.868,37.5774],[126.8733,37.5788],[126.8771,37.5789],[126.8776,37.5797],[126.8766,37.5816],[126.8767,37.5841],[126.8803,37.5896],[126.8822,37.5909],[126.8899,37.5844],[126.8962,37.5809],[126.8982,37.5783]]]]}},{"type":"Feature","properties":{"c":"1144058500","n":"서울특별시 마포구 도화동","sg":"마포구","sd":"서울특별시","p":20250,"a":0.606,"d":33430},"geometry":{"type":"MultiPolygon","coordinates":[[[[126.9564,37.5406],[126.9522,37.5368],[126.9494,37.5359],[126.9464,37.5357],[126.9451,37.5349],[126.9447,37.5338],[126.9412,37.5365],[126.9507,37.5434],[126.9564,37.5406]]]]}},{"type":"Feature","properties":{"c":"1144065500","n":"서울특별시 마포구 서강동","sg":"마포구","sd":"서울특별시","p":24292,"a":1.488,"d":16323},"geometry":{"type":"MultiPolygon","coordinates":[[[[126.9341,37.5534],[126.933,37.5515],[126.9319,37.5455],[126.9304,37.5451],[126.928,37.5415],[126.9303,37.5413],[126.9276,37.539],[126.923,37.5406],[126.9224,37.5414],[126.9171,37.5414],[126.9167,37.5435],[126.9203,37.5483],[126.9242,37.5509],[126.9241,37.5522],[126.925,37.5532],[126.9309,37.5547],[126.9341,37.5534]]]]}},{"type":"Feature","properties":{"c":"1144056500","n":"서울특별시 마포구 공덕동","sg":"마포구","sd":"서울특별시","p":35752,"a":1.021,"d":35032},"geometry":{"type":"MultiPolygon","coordinates":[[[[126.9624,37.5515],[126.9639,37.5498],[126.9637,37.5489],[126.9586,37.5456],[126.9577,37.5421],[126.9564,37.5406],[126.9505,37.5435],[126.954,37.5481],[126.9587,37.5567],[126.9615,37.5589],[126.963,37.5582],[126.9632,37.5572],[126.9617,37.5553],[126.9624,37.5515]]]]}},{"type":"Feature","properties":{"c":"1144055500","n":"서울특별시 마포구 아현동","sg":"마포구","sd":"서울특별시","p":28562,"a":0.733,"d":38991},"geometry":{"type":"MultiPolygon","coordinates":[[[[126.9587,37.5567],[126.954,37.5481],[126.9506,37.5434],[126.9479,37.5446],[126.9478,37.5454],[126.95,37.5476],[126.9506,37.553],[126.9496,37.555],[126.9488,37.5554],[126.9488,37.557],[126.9571,37.5575],[126.9585,37.5572],[126.9587,37.5567]]]]}},{"type":"Feature","properties":{"c":"1147051000","n":"서울특별시 양천구 목1동","sg":"양천구","sd":"서울특별시","p":29804,"a":1.567,"d":19015},"geometry":{"type":"MultiPolygon","coordinates":[[[[126.8885,37.5307],[126.8863,37.5281],[126.8817,37.5263],[126.8805,37.5252],[126.8798,37.5222],[126.8712,37.5231],[126.8686,37.524],[126.8654,37.5226],[126.864,37.5298],[126.8815,37.5319],[126.8885,37.5307]]]]}},{"type":"Feature","properties":{"c":"1147052000","n":"서울특별시 양천구 목2동","sg":"양천구","sd":"서울특별시","p":27730,"a":1.056,"d":26258},"geometry":{"type":"MultiPolygon","coordinates":[[[[126.8852,37.5436],[126.8835,37.544],[126.8819,37.5436],[126.8775,37.5415],[126.8727,37.5376],[126.8679,37.5403],[126.8662,37.5441],[126.8685,37.5472],[126.87,37.547],[126.8707,37.5477],[126.875,37.547],[126.8807,37.5479],[126.8852,37.5436]]]]}},{"type":"Feature","properties":{"c":"1147053000","n":"서울특별시 양천구 목3동","sg":"양천구","sd":"서울특별시","p":20483,"a":0.502,"d":40833},"geometry":{"type":"MultiPolygon","coordinates":[[[[126.865,37.5509],[126.8707,37.5477],[126.87,37.547],[126.8685,37.5472],[126.8663,37.5445],[126.8685,37.5398],[126.8637,37.5393],[126.8622,37.5445],[126.8643,37.5514],[126.865,37.5509]]]]}},{"type":"Feature","properties":{"c":"1147054000","n":"서울특별시 양천구 목4동","sg":"양천구","sd":"서울특별시","p":23460,"a":0.563,"d":41695},"geometry":{"type":"MultiPolygon","coordinates":[[[[126.8727,37.5376],[126.8702,37.5354],[126.8672,37.5302],[126.864,37.5298],[126.8637,37.5393],[126.8685,37.5398],[126.8727,37.5376]]]]}},{"type":"Feature","properties":{"c":"1147056000","n":"서울특별시 양천구 신월1동","sg":"양천구","sd":"서울특별시","p":18440,"a":0.63,"d":29287},"geometry":{"type":"MultiPolygon","coordinates":[[[[126.8405,37.5265],[126.8349,37.5256],[126.8283,37.5358],[126.8352,37.5369],[126.8347,37.536],[126.8405,37.5265]]]]}},{"type":"Feature","properties":{"c":"1147057000","n":"서울특별시 양천구 신월2동","sg":"양천구","sd":"서울특별시","p":20408,"a":0.615,"d":33167},"geometry":{"type":"MultiPolygon","coordinates":[[[[126.8516,37.5217],[126.8485,37.5225],[126.847,37.5222],[126.8487,37.5207],[126.8485,37.517],[126.8457,37.518],[126.8405,37.5265],[126.8489,37.5279],[126.8516,37.5217]]]]}},{"type":"Feature","properties":{"c":"1147058000","n":"서울특별시 양천구 신월3동","sg":"양천구","sd":"서울특별시","p":13445,"a":0.93,"d":14462},"geometry":{"type":"MultiPolygon","coordinates":[[[[126.8283,37.5358],[126.8349,37.5256],[126.8259,37.5241],[126.8288,37.5265],[126.8279,37.5282],[126.8281,37.529],[126.8271,37.5298],[126.8255,37.5298],[126.8235,37.5325],[126.8235,37.5338],[126.8227,37.5338],[126.8218,37.5349],[126.8224,37.5365],[126.8216,37.5397],[126.8221,37.5407],[126.8244,37.5414],[126.8283,37.5358]]]]}},{"type":"Feature","properties":{"c":"1147059000","n":"서울특별시 양천구 신월4동","sg":"양천구","sd":"서울특별시","p":16530,"a":0.456,"d":36289},"geometry":{"type":"MultiPolygon","coordinates":[[[[126.8444,37.52],[126.8394,37.5171],[126.8349,37.5256],[126.8405,37.5265],[126.8444,37.52]]]]}},{"type":"Feature","properties":{"c":"1147060000","n":"서울특별시 양천구 신월5동","sg":"양천구","sd":"서울특별시","p":13596,"a":0.641,"d":21217},"geometry":{"type":"MultiPolygon","coordinates":[[[[126.8297,37.5477],[126.8303,37.5458],[126.8297,37.5441],[126.8301,37.5417],[126.8331,37.5418],[126.8352,37.5369],[126.8283,37.5358],[126.8244,37.5414],[126.8254,37.5417],[126.8261,37.5428],[126.8259,37.5447],[126.8276,37.5477],[126.8297,37.5477]]]]}},{"type":"Feature","properties":{"c":"1147061000","n":"서울특별시 양천구 신월6동","sg":"양천구","sd":"서울특별시","p":13565,"a":0.474,"d":28600},"geometry":{"type":"MultiPolygon","coordinates":[[[[126.8485,37.517],[126.8486,37.516],[126.8423,37.5131],[126.8377,37.5137],[126.8349,37.5156],[126.8394,37.5171],[126.8444,37.52],[126.8457,37.518],[126.8485,37.517]]]]}},{"type":"Feature","properties":{"c":"1147061100","n":"서울특별시 양천구 신월7동","sg":"양천구","sd":"서울특별시","p":17811,"a":1.228,"d":14500},"geometry":{"type":"MultiPolygon","coordinates":[[[[126.8394,37.5171],[126.8338,37.5153],[126.8315,37.5171],[126.8294,37.5176],[126.8253,37.5148],[126.826,37.5129],[126.8278,37.5122],[126.8267,37.5095],[126.827,37.5086],[126.8247,37.5083],[126.824,37.5091],[126.8245,37.513],[126.8232,37.5162],[126.8256,37.5198],[126.8252,37.523],[126.8259,37.5241],[126.8349,37.5256],[126.8394,37.5171]]]]}},{"type":"Feature","properties":{"c":"1147062000","n":"서울특별시 양천구 신정1동","sg":"양천구","sd":"서울특별시","p":19331,"a":0.741,"d":26081},"geometry":{"type":"MultiPolygon","coordinates":[[[[126.8626,37.5169],[126.8589,37.5155],[126.8589,37.5147],[126.8559,37.5137],[126.8525,37.5212],[126.8654,37.5226],[126.8673,37.5185],[126.8626,37.5169]]]]}},{"type":"Feature","properties":{"c":"1147063000","n":"서울특별시 양천구 신정2동","sg":"양천구","sd":"서울특별시","p":18597,"a":0.65,"d":28618},"geometry":{"type":"MultiPolygon","coordinates":[[[[126.8798,37.5222],[126.8795,37.5168],[126.8785,37.5143],[126.8718,37.5159],[126.87,37.5185],[126.8712,37.5231],[126.8798,37.5222]]]]}},{"type":"Feature","properties":{"c":"1147064000","n":"서울특별시 양천구 신정3동","sg":"양천구","sd":"서울특별시","p":44524,"a":2.84,"d":15677},"geometry":{"type":"MultiPolygon","coordinates":[[[[126.8516,37.5217],[126.8525,37.5212],[126.8582,37.5099],[126.8561,37.5095],[126.8529,37.5106],[126.8472,37.5088],[126.839,37.5029],[126.8384,37.5001],[126.8364,37.5007],[126.8362,37.503],[126.8326,37.505],[126.8306,37.5068],[126.8307,37.5076],[126.827,37.5086],[126.8267,37.5095],[126.8278,37.5122],[126.826,37.5129],[126.8253,37.5148],[126.8294,37.5176],[126.8306,37.5175],[126.8338,37.5153],[126.8349,37.5156],[126.8377,37.5137],[126.8423,37.5131],[126.8486,37.516],[126.8487,37.5207],[126.8468,37.5221],[126.8485,37.5225],[126.8516,37.5217]]]]}},{"type":"Feature","properties":{"c":"1147067000","n":"서울특별시 양천구 신정6동","sg":"양천구","sd":"서울특별시","p":23791,"a":0.928,"d":25626},"geometry":{"type":"MultiPolygon","coordinates":[[[[126.8712,37.5231],[126.87,37.5185],[126.8718,37.5159],[126.8785,37.5143],[126.8735,37.5085],[126.8714,37.5108],[126.8698,37.5141],[126.864,37.5121],[126.8624,37.5151],[126.8632,37.5154],[126.8626,37.5169],[126.8673,37.5185],[126.8654,37.5226],[126.8686,37.524],[126.8712,37.5231]]]]}},{"type":"Feature","properties":{"c":"1147068000","n":"서울특별시 양천구 신정7동","sg":"양천구","sd":"서울특별시","p":27611,"a":1.146,"d":24096},"geometry":{"type":"MultiPolygon","coordinates":[[[[126.8735,37.5085],[126.8713,37.5056],[126.8635,37.505],[126.8625,37.5067],[126.8601,37.5067],[126.8559,37.5137],[126.8589,37.5147],[126.8589,37.5155],[126.8626,37.5169],[126.8632,37.5154],[126.8624,37.5151],[126.864,37.5121],[126.8698,37.5141],[126.8714,37.5108],[126.8735,37.5085]]]]}},{"type":"Feature","properties":{"c":"1147055000","n":"서울특별시 양천구 목5동","sg":"양천구","sd":"서울특별시","p":40345,"a":1.808,"d":22312},"geometry":{"type":"MultiPolygon","coordinates":[[[[126.8852,37.5436],[126.8883,37.5368],[126.8903,37.5347],[126.89,37.5333],[126.8888,37.5328],[126.8888,37.5321],[126.8905,37.5315],[126.89,37.5304],[126.8815,37.5319],[126.8672,37.5302],[126.8702,37.5354],[126.8775,37.5415],[126.8819,37.5436],[126.8835,37.544],[126.8852,37.5436]]]]}},{"type":"Feature","properties":{"c":"1147065000","n":"서울특별시 양천구 신정4동","sg":"양천구","sd":"서울특별시","p":31124,"a":0.998,"d":31187},"geometry":{"type":"MultiPolygon","coordinates":[[[[126.8654,37.5226],[126.8525,37.5212],[126.8516,37.5217],[126.8489,37.5279],[126.864,37.5298],[126.8654,37.5226]]]]}},{"type":"Feature","properties":{"c":"1150051000","n":"서울특별시 강서구 염창동","sg":"강서구","sd":"서울특별시","p":40954,"a":1.682,"d":24349},"geometry":{"type":"MultiPolygon","coordinates":[[[[126.872,37.56],[126.8804,37.5562],[126.8793,37.5548],[126.8792,37.5532],[126.878,37.5534],[126.8781,37.5515],[126.8807,37.5479],[126.8768,37.5471],[126.8724,37.5471],[126.865,37.5509],[126.8673,37.5542],[126.863,37.5569],[126.8677,37.5603],[126.862,37.5633],[126.8631,37.565],[126.872,37.56]]]]}},{"type":"Feature","properties":{"c":"1150052000","n":"서울특별시 강서구 등촌1동","sg":"강서구","sd":"서울특별시","p":24834,"a":0.66,"d":37622},"geometry":{"type":"MultiPolygon","coordinates":[[[[126.863,37.5569],[126.8673,37.5542],[126.865,37.5509],[126.8523,37.5559],[126.8552,37.5611],[126.863,37.5569]]]]}},{"type":"Feature","properties":{"c":"1150053000","n":"서울특별시 강서구 등촌2동","sg":"강서구","sd":"서울특별시","p":18892,"a":0.897,"d":21063},"geometry":{"type":"MultiPolygon","coordinates":[[[[126.8643,37.5514],[126.8622,37.5445],[126.8637,37.5393],[126.8635,37.5356],[126.8619,37.5355],[126.861,37.5371],[126.8605,37.5416],[126.8546,37.5435],[126.8548,37.5461],[126.8561,37.5474],[126.858,37.5514],[126.8577,37.5541],[126.8643,37.5514]]]]}},{"type":"Feature","properties":{"c":"1150053500","n":"서울특별시 강서구 등촌3동","sg":"강서구","sd":"서울특별시","p":28437,"a":1.044,"d":27226},"geometry":{"type":"MultiPolygon","coordinates":[[[[126.8488,37.5644],[126.8552,37.5611],[126.8523,37.5559],[126.8457,37.5578],[126.8382,37.5586],[126.841,37.5672],[126.8459,37.5647],[126.8488,37.5644]]]]}},{"type":"Feature","properties":{"c":"1150059000","n":"서울특별시 강서구 화곡본동","sg":"강서구","sd":"서울특별시","p":31594,"a":0.984,"d":32115},"geometry":{"type":"MultiPolygon","coordinates":[[[[126.8548,37.5461],[126.8545,37.5436],[126.8559,37.5423],[126.8523,37.5401],[126.8524,37.5381],[126.8534,37.5368],[126.8518,37.5366],[126.8521,37.5385],[126.8516,37.539],[126.8472,37.5388],[126.8437,37.5367],[126.8404,37.5416],[126.8431,37.5434],[126.8471,37.5489],[126.8491,37.5483],[126.852,37.5457],[126.8536,37.5454],[126.8548,37.5461]]]]}},{"type":"Feature","properties":{"c":"1150055000","n":"서울특별시 강서구 화곡2동","sg":"강서구","sd":"서울특별시","p":16664,"a":0.458,"d":36406},"geometry":{"type":"MultiPolygon","coordinates":[[[[126.8585,37.5291],[126.852,37.5283],[126.8511,37.5356],[126.8518,37.5366],[126.8534,37.5368],[126.8547,37.5363],[126.8576,37.5334],[126.8585,37.5291]]]]}},{"type":"Feature","properties":{"c":"1150056000","n":"서울특별시 강서구 화곡3동","sg":"강서구","sd":"서울특별시","p":20456,"a":0.523,"d":39082},"geometry":{"type":"MultiPolygon","coordinates":[[[[126.8363,37.548],[126.8368,37.5455],[126.8404,37.5417],[126.8338,37.5399],[126.8331,37.5418],[126.8301,37.5417],[126.8297,37.5441],[126.8303,37.5458],[126.8297,37.5477],[126.8331,37.5474],[126.8333,37.548],[126.8363,37.548]]]]}},{"type":"Feature","properties":{"c":"1150057000","n":"서울특별시 강서구 화곡4동","sg":"강서구","sd":"서울특별시","p":18970,"a":0.857,"d":22124},"geometry":{"type":"MultiPolygon","coordinates":[[[[126.8635,37.5356],[126.864,37.5298],[126.8585,37.5291],[126.8576,37.5334],[126.8547,37.5363],[126.8534,37.5368],[126.8524,37.5381],[126.8523,37.5401],[126.8554,37.5418],[126.8559,37.5427],[126.8597,37.542],[126.8605,37.5416],[126.861,37.5371],[126.8619,37.5355],[126.8635,37.5356]]]]}},{"type":"Feature","properties":{"c":"1150059100","n":"서울특별시 강서구 화곡6동","sg":"강서구","sd":"서울특별시","p":25235,"a":1.065,"d":23700},"geometry":{"type":"MultiPolygon","coordinates":[[[[126.8523,37.5559],[126.8577,37.5541],[126.858,37.5514],[126.8567,37.5485],[126.8558,37.547],[126.8536,37.5454],[126.852,37.5457],[126.8491,37.5483],[126.8464,37.5492],[126.8442,37.5523],[126.8457,37.5578],[126.8523,37.5559]]]]}},{"type":"Feature","properties":{"c":"1150059300","n":"서울특별시 강서구 화곡8동","sg":"강서구","sd":"서울특별시","p":22252,"a":0.577,"d":38595},"geometry":{"type":"MultiPolygon","coordinates":[[[[126.8518,37.5366],[126.8511,37.5356],[126.852,37.5283],[126.8489,37.5279],[126.8437,37.5367],[126.8472,37.5388],[126.8516,37.539],[126.8521,37.5385],[126.8518,37.5366]]]]}},{"type":"Feature","properties":{"c":"1150060300","n":"서울특별시 강서구 가양1동","sg":"강서구","sd":"서울특별시","p":33334,"a":4.894,"d":6811},"geometry":{"type":"MultiPolygon","coordinates":[[[[126.8516,37.5733],[126.8481,37.5693],[126.8508,37.5673],[126.8488,37.5644],[126.8459,37.5647],[126.841,37.5672],[126.8382,37.5586],[126.827,37.5597],[126.8278,37.5666],[126.8232,37.567],[126.8223,37.5731],[126.821,37.574],[126.8208,37.5753],[126.8213,37.5771],[126.8232,37.5791],[126.8249,37.5799],[126.8288,37.584],[126.8321,37.5858],[126.8516,37.5733]]]]}},{"type":"Feature","properties":{"c":"1150060400","n":"서울특별시 강서구 가양2동","sg":"강서구","sd":"서울특별시","p":12804,"a":0.701,"d":18262},"geometry":{"type":"MultiPolygon","coordinates":[[[[126.8536,37.5718],[126.8552,37.57],[126.8595,37.5673],[126.8552,37.5611],[126.8488,37.5644],[126.8508,37.5673],[126.8481,37.5693],[126.8516,37.5733],[126.8536,37.5718]]]]}},{"type":"Feature","properties":{"c":"1150060500","n":"서울특별시 강서구 가양3동","sg":"강서구","sd":"서울특별시","p":13301,"a":0.603,"d":22069},"geometry":{"type":"MultiPolygon","coordinates":[[[[126.8631,37.565],[126.862,37.5633],[126.8677,37.5603],[126.863,37.5569],[126.8552,37.5611],[126.8595,37.5673],[126.8631,37.565]]]]}},{"type":"Feature","properties":{"c":"1150061100","n":"서울특별시 강서구 발산1동","sg":"강서구","sd":"서울특별시","p":34555,"a":2.964,"d":11658},"geometry":{"type":"MultiPolygon","coordinates":[[[[126.827,37.5597],[126.8382,37.5586],[126.8363,37.5526],[126.8363,37.548],[126.8333,37.548],[126.8331,37.5474],[126.8276,37.5477],[126.8259,37.5447],[126.8261,37.5428],[126.8254,37.5417],[126.8221,37.5407],[126.8124,37.5407],[126.8133,37.5418],[126.8133,37.5433],[126.8153,37.5446],[126.8154,37.5456],[126.8135,37.5474],[126.8143,37.5483],[126.8127,37.5496],[126.8231,37.5574],[126.8235,37.5601],[126.827,37.5597]]]]}},{"type":"Feature","properties":{"c":"1150062000","n":"서울특별시 강서구 공항동","sg":"강서구","sd":"서울특별시","p":28574,"a":10.954,"d":2609},"geometry":{"type":"MultiPolygon","coordinates":[[[[126.811,37.5641],[126.8165,37.5646],[126.8165,37.5631],[126.8272,37.5618],[126.827,37.5597],[126.8235,37.5601],[126.8231,37.5574],[126.8127,37.5496],[126.8143,37.5483],[126.8135,37.5474],[126.8154,37.5456],[126.8153,37.5446],[126.8133,37.5433],[126.8133,37.5418],[126.8124,37.5407],[126.8073,37.5436],[126.8028,37.5431],[126.8004,37.5417],[126.8008,37.5409],[126.799,37.5403],[126.7995,37.5379],[126.7944,37.5358],[126.7942,37.5382],[126.7933,37.5397],[126.7943,37.5401],[126.7948,37.5415],[126.792,37.5418],[126.7918,37.5437],[126.7874,37.5459],[126.7776,37.5466],[126.7768,37.5482],[126.7754,37.5491],[126.7717,37.5483],[126.7701,37.551],[126.7676,37.552],[126.7678,37.5533],[126.7662,37.5541],[126.7663,37.5549],[126.7647,37.5554],[126.7666,37.5567],[126.7721,37.557],[126.7731,37.5575],[126.772,37.5588],[126.7756,37.5618],[126.7779,37.5601],[126.777,37.564],[126.775,37.566],[126.7748,37.5675],[126.7756,37.5682],[126.777,37.5663],[126.7805,37.5683],[126.7825,37.5702],[126.7819,37.5718],[126.7827,37.5736],[126.7876,37.5756],[126.7991,37.5685],[126.7977,37.5645],[126.7996,37.5623],[126.8077,37.5617],[126.811,37.5641]]]]}},{"type":"Feature","properties":{"c":"1150063000","n":"서울특별시 강서구 방화1동","sg":"강서구","sd":"서울특별시","p":40456,"a":1.483,"d":27279},"geometry":{"type":"MultiPolygon","coordinates":[[[[126.8221,37.5733],[126.8232,37.567],[126.8278,37.5666],[126.8272,37.5618],[126.8165,37.5631],[126.8165,37.5646],[126.8112,37.5639],[126.8126,37.5665],[126.8128,37.57],[126.8107,37.5733],[126.8042,37.5726],[126.8034,37.5734],[126.8039,37.5741],[126.8073,37.5743],[126.8086,37.5753],[126.8166,37.575],[126.8165,37.5734],[126.8221,37.5733]]]]}},{"type":"Feature","properties":{"c":"1150064000","n":"서울특별시 강서구 방화2동","sg":"강서구","sd":"서울특별시","p":22486,"a":6.197,"d":3629},"geometry":{"type":"MultiPolygon","coordinates":[[[[126.8049,37.604],[126.8113,37.5987],[126.8176,37.5953],[126.8186,37.5936],[126.8142,37.587],[126.8141,37.5862],[126.815,37.5854],[126.8142,37.5825],[126.8129,37.5838],[126.812,37.5829],[126.809,37.5836],[126.8078,37.5823],[126.8063,37.582],[126.8055,37.5795],[126.8062,37.5795],[126.8059,37.5779],[126.8034,37.5734],[126.8042,37.5726],[126.8107,37.5733],[126.8128,37.57],[126.8123,37.5658],[126.811,37.5641],[126.8077,37.5617],[126.7996,37.5623],[126.7977,37.5645],[126.7991,37.5685],[126.7876,37.5756],[126.7901,37.5776],[126.7905,37.5803],[126.7917,37.5811],[126.793,37.5797],[126.7948,37.5833],[126.7959,37.5832],[126.7969,37.584],[126.7983,37.5878],[126.7988,37.5882],[126.8008,37.588],[126.7973,37.5966],[126.7971,37.5989],[126.8009,37.6043],[126.8029,37.6046],[126.8049,37.604]]]]}},{"type":"Feature","properties":{"c":"1150064100","n":"서울특별시 강서구 방화3동","sg":"강서구","sd":"서울특별시","p":21219,"a":2.559,"d":8291},"geometry":{"type":"MultiPolygon","coordinates":[[[[126.8268,37.588],[126.8321,37.5858],[126.8288,37.584],[126.8213,37.5771],[126.821,37.574],[126.8221,37.5733],[126.8165,37.5734],[126.8166,37.575],[126.8158,37.5751],[126.8086,37.5753],[126.8073,37.5743],[126.8039,37.5741],[126.8059,37.5779],[126.8062,37.5795],[126.8055,37.5795],[126.8063,37.582],[126.8078,37.5823],[126.809,37.5836],[126.812,37.5829],[126.8129,37.5838],[126.8142,37.5825],[126.815,37.5854],[126.8141,37.5862],[126.8142,37.587],[126.8186,37.5936],[126.8268,37.588]]]]}},{"type":"Feature","properties":{"c":"1150054000","n":"서울특별시 강서구 화곡1동","sg":"강서구","sd":"서울특별시","p":49649,"a":1.195,"d":41558},"geometry":{"type":"MultiPolygon","coordinates":[[[[126.8404,37.5416],[126.8489,37.5279],[126.8405,37.5265],[126.8347,37.536],[126.8352,37.5369],[126.8338,37.5399],[126.8404,37.5416]]]]}},{"type":"Feature","properties":{"c":"1150061500","n":"서울특별시 강서구 우장산동","sg":"강서구","sd":"서울특별시","p":43602,"a":1.247,"d":34952},"geometry":{"type":"MultiPolygon","coordinates":[[[[126.8457,37.5578],[126.8442,37.5523],[126.8471,37.5489],[126.8431,37.5434],[126.8404,37.5416],[126.8371,37.545],[126.8364,37.5467],[126.8363,37.5526],[126.8382,37.5586],[126.8457,37.5578]]]]}},{"type":"Feature","properties":{"c":"1153051000","n":"서울특별시 구로구 신도림동","sg":"구로구","sd":"서울특별시","p":35692,"a":1.379,"d":25885},"geometry":{"type":"MultiPolygon","coordinates":[[[[126.893,37.5095],[126.8951,37.5082],[126.8939,37.5075],[126.8914,37.5075],[126.89,37.5082],[126.882,37.5036],[126.8801,37.5049],[126.877,37.5055],[126.8735,37.5085],[126.8785,37.5143],[126.8795,37.5168],[126.8896,37.5121],[126.8917,37.5099],[126.893,37.5095]]]]}},{"type":"Feature","properties":{"c":"1153052000","n":"서울특별시 구로구 구로1동","sg":"구로구","sd":"서울특별시","p":20023,"a":1.085,"d":18452},"geometry":{"type":"MultiPolygon","coordinates":[[[[126.8802,37.4873],[126.8807,37.486],[126.8781,37.4863],[126.8747,37.4854],[126.8753,37.4885],[126.8728,37.4888],[126.87,37.4919],[126.8689,37.4951],[126.8683,37.4951],[126.868,37.4971],[126.8684,37.4964],[126.8712,37.497],[126.8802,37.5001],[126.8796,37.4977],[126.8802,37.4873]]]]}},{"type":"Feature","properties":{"c":"1153054000","n":"서울특별시 구로구 구로3동","sg":"구로구","sd":"서울특별시","p":22653,"a":1.045,"d":21679},"geometry":{"type":"MultiPolygon","coordinates":[[[[126.9032,37.485],[126.899,37.479],[126.8962,37.4786],[126.8944,37.4802],[126.8921,37.4806],[126.8916,37.4837],[126.8862,37.485],[126.8884,37.4874],[126.8954,37.492],[126.8976,37.4876],[126.9005,37.4857],[126.9032,37.485]]]]}},{"type":"Feature","properties":{"c":"1153055000","n":"서울특별시 구로구 구로4동","sg":"구로구","sd":"서울특별시","p":17562,"a":0.517,"d":33942},"geometry":{"type":"MultiPolygon","coordinates":[[[[126.8954,37.4921],[126.8884,37.4874],[126.8861,37.485],[126.8841,37.4905],[126.888,37.4899],[126.8904,37.4932],[126.8888,37.4953],[126.8935,37.4977],[126.8954,37.4921]]]]}},{"type":"Feature","properties":{"c":"1153056000","n":"서울특별시 구로구 구로5동","sg":"구로구","sd":"서울특별시","p":28474,"a":1.025,"d":27779},"geometry":{"type":"MultiPolygon","coordinates":[[[[126.8939,37.5075],[126.8935,37.4977],[126.8888,37.4953],[126.8872,37.4972],[126.8798,37.503],[126.8812,37.504],[126.8829,37.5038],[126.89,37.5082],[126.8914,37.5075],[126.8939,37.5075]]]]}},{"type":"Feature","properties":{"c":"1153072000","n":"서울특별시 구로구 고척1동","sg":"구로구","sd":"서울특별시","p":26224,"a":1.135,"d":23108},"geometry":{"type":"MultiPolygon","coordinates":[[[[126.8713,37.5056],[126.868,37.4971],[126.8682,37.4955],[126.8642,37.494],[126.8631,37.4968],[126.8566,37.4976],[126.8556,37.4993],[126.856,37.5022],[126.8571,37.5022],[126.8574,37.5032],[126.8567,37.5039],[126.8614,37.5048],[126.8628,37.506],[126.8635,37.505],[126.8713,37.5056]]]]}},{"type":"Feature","properties":{"c":"1153073000","n":"서울특별시 구로구 고척2동","sg":"구로구","sd":"서울특별시","p":24695,"a":0.999,"d":24723},"geometry":{"type":"MultiPolygon","coordinates":[[[[126.8582,37.5099],[126.8601,37.5067],[126.8625,37.5067],[126.8628,37.506],[126.8614,37.5048],[126.8567,37.5039],[126.8574,37.5032],[126.8571,37.5022],[126.8546,37.5026],[126.8527,37.4995],[126.8484,37.5029],[126.8453,37.5079],[126.8529,37.5106],[126.8561,37.5095],[126.8582,37.5099]]]]}},{"type":"Feature","properties":{"c":"1153075000","n":"서울특별시 구로구 개봉2동","sg":"구로구","sd":"서울특별시","p":29075,"a":0.817,"d":35585},"geometry":{"type":"MultiPolygon","coordinates":[[[[126.8642,37.494],[126.8682,37.4955],[126.867,37.493],[126.8631,37.491],[126.8554,37.49],[126.851,37.4899],[126.8481,37.4905],[126.8486,37.4952],[126.8508,37.4957],[126.8533,37.4959],[126.8593,37.4942],[126.8642,37.494]]]]}},{"type":"Feature","properties":{"c":"1153076000","n":"서울특별시 구로구 개봉3동","sg":"구로구","sd":"서울특별시","p":18493,"a":0.85,"d":21753},"geometry":{"type":"MultiPolygon","coordinates":[[[[126.8565,37.4857],[126.8532,37.4824],[126.8511,37.4816],[126.8482,37.4821],[126.8499,37.4839],[126.8458,37.4855],[126.8447,37.4865],[126.8464,37.4891],[126.8481,37.4905],[126.851,37.4899],[126.8554,37.49],[126.8631,37.491],[126.8616,37.4902],[126.8577,37.4859],[126.8565,37.4857]]]]}},{"type":"Feature","properties":{"c":"1153077000","n":"서울특별시 구로구 오류1동","sg":"구로구","sd":"서울특별시","p":22970,"a":0.749,"d":30685},"geometry":{"type":"MultiPolygon","coordinates":[[[[126.8384,37.5001],[126.8441,37.4997],[126.8484,37.4977],[126.8508,37.4957],[126.8441,37.4938],[126.8381,37.4932],[126.8369,37.4962],[126.8344,37.4977],[126.8341,37.4984],[126.8362,37.5006],[126.8384,37.5001]]]]}},{"type":"Feature","properties":{"c":"1153080000","n":"서울특별시 구로구 항동","sg":"구로구","sd":"서울특별시","p":15955,"a":1.437,"d":11105},"geometry":{"type":"MultiPolygon","coordinates":[[[[126.8241,37.4888],[126.8278,37.4882],[126.8289,37.4858],[126.8299,37.4855],[126.8304,37.4844],[126.8321,37.4839],[126.8308,37.4812],[126.8321,37.4808],[126.8324,37.4783],[126.8288,37.4761],[126.8251,37.4768],[126.8217,37.4753],[126.8212,37.4763],[126.8192,37.4762],[126.8195,37.4751],[126.8185,37.4752],[126.8187,37.4741],[126.8173,37.4732],[126.8148,37.4747],[126.8149,37.4758],[126.8171,37.4781],[126.8182,37.4781],[126.8196,37.4803],[126.8194,37.4855],[126.8223,37.4867],[126.8235,37.4877],[126.823,37.4885],[126.8241,37.4888]]]]}},{"type":"Feature","properties":{"c":"1153079000","n":"서울특별시 구로구 수궁동","sg":"구로구","sd":"서울특별시","p":21619,"a":2.661,"d":8126},"geometry":{"type":"MultiPolygon","coordinates":[[[[126.8364,37.5007],[126.8341,37.4983],[126.8369,37.4962],[126.8381,37.4932],[126.8269,37.4932],[126.827,37.4912],[126.823,37.4885],[126.8227,37.49],[126.8144,37.4932],[126.8143,37.4946],[126.813,37.4963],[126.8144,37.4983],[126.8159,37.4976],[126.8198,37.4992],[126.8194,37.5005],[126.8202,37.5016],[126.8216,37.5021],[126.8222,37.5076],[126.8263,37.5087],[126.8307,37.5076],[126.8306,37.5068],[126.8326,37.505],[126.8362,37.503],[126.8364,37.5007]]]]}},{"type":"Feature","properties":{"c":"1153059500","n":"서울특별시 구로구 가리봉동","sg":"구로구","sd":"서울특별시","p":8878,"a":0.409,"d":21706},"geometry":{"type":"MultiPolygon","coordinates":[[[[126.8861,37.485],[126.8916,37.4837],[126.8921,37.4806],[126.8944,37.4802],[126.8962,37.4786],[126.8885,37.4799],[126.8855,37.4828],[126.8807,37.486],[126.8802,37.4873],[126.8861,37.485]]]]}},{"type":"Feature","properties":{"c":"1153053000","n":"서울특별시 구로구 구로2동","sg":"구로구","sd":"서울특별시","p":21647,"a":1.813,"d":11939},"geometry":{"type":"MultiPolygon","coordinates":[[[[126.8812,37.504],[126.8798,37.503],[126.8872,37.4972],[126.8904,37.4932],[126.888,37.4899],[126.8841,37.4905],[126.8861,37.485],[126.8802,37.4873],[126.8796,37.4977],[126.8802,37.5001],[126.8712,37.497],[126.8684,37.4964],[126.868,37.4971],[126.8713,37.5056],[126.8735,37.5085],[126.877,37.5055],[126.8801,37.5049],[126.8812,37.504]]]]}},{"type":"Feature","properties":{"c":"1153074000","n":"서울특별시 구로구 개봉1동","sg":"구로구","sd":"서울특별시","p":33190,"a":1.129,"d":29400},"geometry":{"type":"MultiPolygon","coordinates":[[[[126.856,37.5022],[126.8556,37.4993],[126.8566,37.4976],[126.8631,37.4968],[126.8642,37.494],[126.8593,37.4942],[126.8533,37.4959],[126.8508,37.4957],[126.8484,37.4977],[126.8441,37.4997],[126.8384,37.5001],[126.839,37.5029],[126.8445,37.5064],[126.8453,37.5079],[126.8484,37.5029],[126.8527,37.4995],[126.8546,37.5026],[126.856,37.5022]]]]}},{"type":"Feature","properties":{"c":"1154551000","n":"서울특별시 금천구 가산동","sg":"금천구","sd":"서울특별시","p":25534,"a":2.248,"d":11358},"geometry":{"type":"MultiPolygon","coordinates":[[[[126.8807,37.486],[126.8855,37.4828],[126.8887,37.4798],[126.8959,37.4785],[126.8965,37.4758],[126.8941,37.4745],[126.8939,37.4722],[126.8871,37.472],[126.8894,37.4658],[126.8868,37.4647],[126.8785,37.4747],[126.8739,37.4833],[126.874,37.4851],[126.8747,37.4854],[126.8781,37.4863],[126.8807,37.486]]]]}},{"type":"Feature","properties":{"c":"1154561000","n":"서울특별시 금천구 독산1동","sg":"금천구","sd":"서울특별시","p":47702,"a":1.968,"d":24240},"geometry":{"type":"MultiPolygon","coordinates":[[[[126.898,37.4714],[126.8973,37.4636],[126.8987,37.4594],[126.8931,37.4574],[126.8952,37.4528],[126.8926,37.4519],[126.8897,37.4523],[126.8864,37.4562],[126.8853,37.4601],[126.8867,37.461],[126.8887,37.4608],[126.8891,37.4614],[126.8868,37.4647],[126.8894,37.4658],[126.8871,37.472],[126.8939,37.4722],[126.8941,37.4745],[126.8965,37.4758],[126.8959,37.4785],[126.899,37.479],[126.898,37.4714]]]]}},{"type":"Feature","properties":{"c":"1154562000","n":"서울특별시 금천구 독산2동","sg":"금천구","sd":"서울특별시","p":17020,"a":0.617,"d":27573},"geometry":{"type":"MultiPolygon","coordinates":[[[[126.9124,37.466],[126.911,37.4653],[126.9097,37.4657],[126.9044,37.4623],[126.9029,37.4622],[126.9018,37.4594],[126.8994,37.458],[126.8974,37.4626],[126.8976,37.4665],[126.9017,37.4665],[126.9068,37.4674],[126.9124,37.466]]]]}},{"type":"Feature","properties":{"c":"1154563000","n":"서울특별시 금천구 독산3동","sg":"금천구","sd":"서울특별시","p":22566,"a":0.948,"d":23813},"geometry":{"type":"MultiPolygon","coordinates":[[[[126.9082,37.4726],[126.9063,37.472],[126.9032,37.4724],[126.9004,37.4713],[126.898,37.4714],[126.8995,37.4803],[126.9007,37.4793],[126.9097,37.4809],[126.9088,37.4789],[126.9095,37.4782],[126.9116,37.4782],[126.9119,37.4769],[126.9109,37.4738],[126.9082,37.4726]]]]}},{"type":"Feature","properties":{"c":"1154564000","n":"서울특별시 금천구 독산4동","sg":"금천구","sd":"서울특별시","p":13776,"a":0.621,"d":22194},"geometry":{"type":"MultiPolygon","coordinates":[[[[126.9124,37.466],[126.9068,37.4674],[126.9017,37.4665],[126.8976,37.4665],[126.898,37.4714],[126.9004,37.4713],[126.9032,37.4724],[126.9063,37.472],[126.9082,37.4726],[126.9124,37.466]]]]}},{"type":"Feature","properties":{"c":"1154567000","n":"서울특별시 금천구 시흥1동","sg":"금천구","sd":"서울특별시","p":30925,"a":1.48,"d":20902},"geometry":{"type":"MultiPolygon","coordinates":[[[[126.9061,37.4537],[126.9057,37.4498],[126.9047,37.449],[126.9029,37.4485],[126.9035,37.4463],[126.9003,37.4443],[126.8982,37.4447],[126.8961,37.4458],[126.8941,37.4526],[126.8952,37.4528],[126.8931,37.4574],[126.8987,37.4594],[126.8994,37.458],[126.9001,37.4582],[126.9018,37.4594],[126.9029,37.4622],[126.9044,37.4623],[126.9061,37.4537]]]]}},{"type":"Feature","properties":{"c":"1154568000","n":"서울특별시 금천구 시흥2동","sg":"금천구","sd":"서울특별시","p":19698,"a":1.182,"d":16662},"geometry":{"type":"MultiPolygon","coordinates":[[[[126.9287,37.4502],[126.9211,37.4441],[126.9126,37.4484],[126.9122,37.4495],[126.9137,37.4529],[126.9165,37.4538],[126.9182,37.4555],[126.9184,37.4572],[126.9225,37.4572],[126.9232,37.4544],[126.9287,37.4502]]]]}},{"type":"Feature","properties":{"c":"1154569000","n":"서울특별시 금천구 시흥3동","sg":"금천구","sd":"서울특별시","p":9896,"a":1.338,"d":7395},"geometry":{"type":"MultiPolygon","coordinates":[[[[126.9152,37.4401],[126.9143,37.44],[126.9124,37.4386],[126.9091,37.434],[126.9072,37.4336],[126.9045,37.4341],[126.8989,37.4388],[126.8991,37.441],[126.8982,37.4447],[126.9007,37.4445],[126.9035,37.4463],[126.9033,37.4474],[126.9072,37.4458],[126.9135,37.4419],[126.9152,37.4401]]]]}},{"type":"Feature","properties":{"c":"1154570000","n":"서울특별시 금천구 시흥4동","sg":"금천구","sd":"서울특별시","p":18231,"a":0.773,"d":23597},"geometry":{"type":"MultiPolygon","coordinates":[[[[126.9124,37.4657],[126.9137,37.4653],[126.9129,37.464],[126.9142,37.4581],[126.9105,37.4567],[126.9088,37.4532],[126.9061,37.4537],[126.9044,37.4623],[126.9097,37.4657],[126.911,37.4653],[126.9124,37.4657]]]]}},{"type":"Feature","properties":{"c":"1154571000","n":"서울특별시 금천구 시흥5동","sg":"금천구","sd":"서울특별시","p":17073,"a":1.429,"d":11944},"geometry":{"type":"MultiPolygon","coordinates":[[[[126.9184,37.4572],[126.9182,37.4555],[126.9165,37.4538],[126.9137,37.4529],[126.9122,37.4494],[126.9126,37.4484],[126.9211,37.4441],[126.9194,37.4408],[126.9181,37.4399],[126.9152,37.4401],[126.9135,37.4419],[126.9072,37.4458],[126.9033,37.4474],[126.9029,37.4485],[126.9054,37.4494],[126.9061,37.4537],[126.9088,37.4532],[126.9105,37.4567],[126.9132,37.4581],[126.9184,37.4572]]]]}},{"type":"Feature","properties":{"c":"1156054000","n":"서울특별시 영등포구 여의동","sg":"영등포구","sd":"서울특별시","p":33985,"a":8.224,"d":4133},"geometry":{"type":"MultiPolygon","coordinates":[[[[126.9171,37.5414],[126.9224,37.5414],[126.923,37.5406],[126.9276,37.539],[126.9303,37.5413],[126.9412,37.5365],[126.9447,37.5338],[126.9497,37.5268],[126.9496,37.5178],[126.9394,37.5161],[126.9322,37.5157],[126.926,37.5161],[126.9197,37.5183],[126.916,37.5203],[126.912,37.5263],[126.905,37.5413],[126.9171,37.5414]]]]}},{"type":"Feature","properties":{"c":"1156055000","n":"서울특별시 영등포구 당산1동","sg":"영등포구","sd":"서울특별시","p":20995,"a":0.745,"d":28188},"geometry":{"type":"MultiPolygon","coordinates":[[[[126.9028,37.5261],[126.9011,37.519],[126.8923,37.5207],[126.8914,37.5219],[126.8926,37.5272],[126.8941,37.5292],[126.9028,37.5261]]]]}},{"type":"Feature","properties":{"c":"1156056000","n":"서울특별시 영등포구 당산2동","sg":"영등포구","sd":"서울특별시","p":36231,"a":1.638,"d":22121},"geometry":{"type":"MultiPolygon","coordinates":[[[[126.905,37.5413],[126.9065,37.5391],[126.9079,37.5341],[126.9093,37.5326],[126.9132,37.5244],[126.9125,37.5241],[126.9114,37.5259],[126.9103,37.5263],[126.907,37.5257],[126.9064,37.5323],[126.9055,37.5321],[126.9028,37.5261],[126.8941,37.5292],[126.9008,37.5376],[126.8943,37.5421],[126.8956,37.5418],[126.8965,37.5429],[126.8988,37.5427],[126.9,37.5418],[126.9022,37.5441],[126.905,37.5413]]]]}},{"type":"Feature","properties":{"c":"1156061000","n":"서울특별시 영등포구 양평1동","sg":"영등포구","sd":"서울특별시","p":19581,"a":0.866,"d":22604},"geometry":{"type":"MultiPolygon","coordinates":[[[[126.89,37.5304],[126.8941,37.5292],[126.8926,37.5272],[126.8916,37.5228],[126.8914,37.5219],[126.8923,37.5207],[126.8854,37.5218],[126.885,37.5206],[126.8798,37.5214],[126.8805,37.5252],[126.8817,37.5263],[126.8863,37.5281],[126.8885,37.5307],[126.89,37.5304]]]]}},{"type":"Feature","properties":{"c":"1156062000","n":"서울특별시 영등포구 양평2동","sg":"영등포구","sd":"서울특별시","p":22377,"a":2.899,"d":7719},"geometry":{"type":"MultiPolygon","coordinates":[[[[126.899,37.5479],[126.9022,37.5441],[126.9007,37.5429],[126.9009,37.5423],[126.9,37.5418],[126.8988,37.5427],[126.8965,37.5429],[126.8956,37.5418],[126.8943,37.5421],[126.9008,37.5376],[126.8941,37.5292],[126.89,37.5304],[126.8905,37.5315],[126.8888,37.5321],[126.8888,37.5328],[126.89,37.5333],[126.8903,37.5347],[126.8883,37.5368],[126.8852,37.5436],[126.8807,37.5479],[126.8781,37.5515],[126.878,37.5534],[126.8792,37.5532],[126.8793,37.5548],[126.8804,37.5562],[126.8906,37.5512],[126.899,37.5479]]]]}},{"type":"Feature","properties":{"c":"1156063000","n":"서울특별시 영등포구 신길1동","sg":"영등포구","sd":"서울특별시","p":18904,"a":0.813,"d":23246},"geometry":{"type":"MultiPolygon","coordinates":[[[[126.926,37.5161],[126.9235,37.5128],[126.9221,37.508],[126.9161,37.5056],[126.9137,37.5114],[126.9171,37.5122],[126.9188,37.5142],[126.9177,37.5151],[126.9167,37.5171],[126.9175,37.5194],[126.926,37.5161]]]]}},{"type":"Feature","properties":{"c":"1156065000","n":"서울특별시 영등포구 신길3동","sg":"영등포구","sd":"서울특별시","p":16063,"a":0.481,"d":33378},"geometry":{"type":"MultiPolygon","coordinates":[[[[126.9102,37.5038],[126.9075,37.5048],[126.903,37.5042],[126.9005,37.503],[126.8982,37.5053],[126.9103,37.5107],[126.911,37.5061],[126.9102,37.5038]]]]}},{"type":"Feature","properties":{"c":"1156066000","n":"서울특별시 영등포구 신길4동","sg":"영등포구","sd":"서울특별시","p":11761,"a":0.289,"d":40724},"geometry":{"type":"MultiPolygon","coordinates":[[[[126.9161,37.5056],[126.9155,37.5042],[126.9129,37.5043],[126.9102,37.5036],[126.911,37.5061],[126.9103,37.5107],[126.9137,37.5114],[126.9161,37.5056]]]]}},{"type":"Feature","properties":{"c":"1156067000","n":"서울특별시 영등포구 신길5동","sg":"영등포구","sd":"서울특별시","p":9521,"a":0.532,"d":17901},"geometry":{"type":"MultiPolygon","coordinates":[[[[126.9102,37.5038],[126.9103,37.502],[126.9087,37.5002],[126.9082,37.4974],[126.9037,37.4973],[126.9012,37.4994],[126.9022,37.5014],[126.9005,37.503],[126.9009,37.5033],[126.903,37.5042],[126.9075,37.5048],[126.9102,37.5038]]]]}},{"type":"Feature","properties":{"c":"1156068000","n":"서울특별시 영등포구 신길6동","sg":"영등포구","sd":"서울특별시","p":17683,"a":0.681,"d":25967},"geometry":{"type":"MultiPolygon","coordinates":[[[[126.9155,37.5042],[126.9118,37.5002],[126.9156,37.5003],[126.9176,37.5019],[126.9203,37.5016],[126.9208,37.5014],[126.9202,37.4982],[126.9184,37.4973],[126.9125,37.4964],[126.9095,37.4926],[126.9082,37.4979],[126.9087,37.5002],[126.9103,37.502],[126.9102,37.5036],[126.9129,37.5043],[126.9155,37.5042]]]]}},{"type":"Feature","properties":{"c":"1156069000","n":"서울특별시 영등포구 신길7동","sg":"영등포구","sd":"서울특별시","p":19334,"a":0.549,"d":35216},"geometry":{"type":"MultiPolygon","coordinates":[[[[126.9208,37.5014],[126.9176,37.5019],[126.9156,37.5003],[126.9118,37.5002],[126.9145,37.5028],[126.9161,37.5056],[126.9221,37.508],[126.9235,37.5128],[126.9252,37.5149],[126.9271,37.5139],[126.9271,37.513],[126.9254,37.5127],[126.9208,37.5014]]]]}},{"type":"Feature","properties":{"c":"1156070000","n":"서울특별시 영등포구 대림1동","sg":"영등포구","sd":"서울특별시","p":13169,"a":0.483,"d":27291},"geometry":{"type":"MultiPolygon","coordinates":[[[[126.9095,37.4926],[126.9063,37.4889],[126.9019,37.4924],[126.8999,37.4948],[126.9037,37.4973],[126.9082,37.4974],[126.9095,37.4926]]]]}},{"type":"Feature","properties":{"c":"1156071000","n":"서울특별시 영등포구 대림2동","sg":"영등포구","sd":"서울특별시","p":11421,"a":0.58,"d":19695},"geometry":{"type":"MultiPolygon","coordinates":[[[[126.9063,37.4889],[126.9032,37.485],[126.9005,37.4857],[126.8974,37.4878],[126.8954,37.4921],[126.8999,37.4948],[126.9019,37.4924],[126.9063,37.4889]]]]}},{"type":"Feature","properties":{"c":"1156072000","n":"서울특별시 영등포구 대림3동","sg":"영등포구","sd":"서울특별시","p":20646,"a":0.939,"d":21984},"geometry":{"type":"MultiPolygon","coordinates":[[[[126.8982,37.5053],[126.9022,37.5014],[126.901,37.4997],[126.9037,37.4973],[126.8954,37.4921],[126.8935,37.4983],[126.8939,37.5075],[126.8951,37.5082],[126.8982,37.5053]]]]}},{"type":"Feature","properties":{"c":"1156051500","n":"서울특별시 영등포구 영등포본동","sg":"영등포구","sd":"서울특별시","p":20220,"a":0.81,"d":24974},"geometry":{"type":"MultiPolygon","coordinates":[[[[126.9137,37.5114],[126.9103,37.5107],[126.9102,37.5125],[126.9076,37.5124],[126.9053,37.5104],[126.9019,37.51],[126.9006,37.5123],[126.8982,37.5115],[126.8978,37.512],[126.906,37.5157],[126.9112,37.517],[126.9167,37.5175],[126.9177,37.5151],[126.9188,37.5142],[126.9171,37.5122],[126.9137,37.5114]]]]}},{"type":"Feature","properties":{"c":"1156053500","n":"서울특별시 영등포구 영등포동","sg":"영등포구","sd":"서울특별시","p":31182,"a":1.418,"d":21986},"geometry":{"type":"MultiPolygon","coordinates":[[[[126.9132,37.5244],[126.916,37.5203],[126.9175,37.5194],[126.9167,37.5175],[126.9112,37.517],[126.9039,37.5149],[126.9029,37.5153],[126.901,37.5204],[126.9055,37.5321],[126.9065,37.5321],[126.9064,37.5278],[126.907,37.5257],[126.9103,37.5263],[126.9114,37.5259],[126.9125,37.5241],[126.9132,37.5244]]]]}},{"type":"Feature","properties":{"c":"1156058500","n":"서울특별시 영등포구 도림동","sg":"영등포구","sd":"서울특별시","p":17524,"a":0.551,"d":31817},"geometry":{"type":"MultiPolygon","coordinates":[[[[126.9103,37.5107],[126.8982,37.5053],[126.893,37.5095],[126.9006,37.5123],[126.9019,37.51],[126.9053,37.5104],[126.9076,37.5124],[126.9102,37.5125],[126.9103,37.5107]]]]}},{"type":"Feature","properties":{"c":"1156060500","n":"서울특별시 영등포구 문래동","sg":"영등포구","sd":"서울특별시","p":31094,"a":1.746,"d":17809},"geometry":{"type":"MultiPolygon","coordinates":[[[[126.8923,37.5207],[126.9011,37.519],[126.9024,37.5158],[126.904,37.5146],[126.8978,37.512],[126.8982,37.5115],[126.893,37.5095],[126.8917,37.5099],[126.8896,37.5121],[126.8795,37.5168],[126.8798,37.5214],[126.885,37.5206],[126.8854,37.5218],[126.8923,37.5207]]]]}},{"type":"Feature","properties":{"c":"1159052000","n":"서울특별시 동작구 노량진2동","sg":"동작구","sd":"서울특별시","p":7504,"a":0.65,"d":11542},"geometry":{"type":"MultiPolygon","coordinates":[[[[126.9406,37.506],[126.9383,37.5055],[126.9363,37.507],[126.9353,37.507],[126.9344,37.5131],[126.933,37.5145],[126.933,37.5158],[126.9394,37.5161],[126.9391,37.5142],[126.9402,37.5132],[126.9417,37.5094],[126.9428,37.5099],[126.944,37.5089],[126.9424,37.5069],[126.9409,37.5068],[126.9406,37.506]]]]}},{"type":"Feature","properties":{"c":"1159053000","n":"서울특별시 동작구 상도1동","sg":"동작구","sd":"서울특별시","p":43918,"a":1.434,"d":30634},"geometry":{"type":"MultiPolygon","coordinates":[[[[126.954,37.5077],[126.9544,37.5068],[126.9539,37.5041],[126.9567,37.4993],[126.9612,37.4978],[126.963,37.4946],[126.9612,37.4926],[126.9612,37.4934],[126.9591,37.4939],[126.9574,37.4918],[126.954,37.491],[126.9474,37.4939],[126.9483,37.4987],[126.9479,37.5004],[126.9465,37.5023],[126.9498,37.5056],[126.9503,37.5078],[126.954,37.5077]]]]}},{"type":"Feature","properties":{"c":"1159054000","n":"서울특별시 동작구 상도2동","sg":"동작구","sd":"서울특별시","p":26684,"a":0.778,"d":34285},"geometry":{"type":"MultiPolygon","coordinates":[[[[126.9479,37.4993],[126.9398,37.5005],[126.9364,37.5033],[126.9332,37.5036],[126.9327,37.5056],[126.9339,37.5052],[126.9349,37.5068],[126.9359,37.5071],[126.9392,37.5054],[126.9425,37.5063],[126.9498,37.5071],[126.9503,37.5078],[126.9498,37.5056],[126.9465,37.5023],[126.9479,37.5004],[126.9479,37.4993]]]]}},{"type":"Feature","properties":{"c":"1159055000","n":"서울특별시 동작구 상도3동","sg":"동작구","sd":"서울특별시","p":23316,"a":0.674,"d":34573},"geometry":{"type":"MultiPolygon","coordinates":[[[[126.9364,37.5033],[126.9319,37.5005],[126.9357,37.4965],[126.9416,37.4923],[126.9395,37.4909],[126.9391,37.4916],[126.9311,37.4934],[126.9299,37.494],[126.9294,37.4953],[126.9302,37.4978],[126.9286,37.4989],[126.9304,37.4997],[126.9299,37.5006],[126.9289,37.5008],[126.9284,37.5033],[126.9327,37.5041],[126.9364,37.5033]]]]}},{"type":"Feature","properties":{"c":"1159056000","n":"서울특별시 동작구 상도4동","sg":"동작구","sd":"서울특별시","p":28606,"a":0.97,"d":29484},"geometry":{"type":"MultiPolygon","coordinates":[[[[126.9479,37.4993],[126.9483,37.497],[126.9474,37.4939],[126.9434,37.4921],[126.9416,37.4923],[126.9389,37.494],[126.9319,37.5005],[126.9364,37.5033],[126.9398,37.5005],[126.9479,37.4993]]]]}},{"type":"Feature","properties":{"c":"1159062000","n":"서울특별시 동작구 사당1동","sg":"동작구","sd":"서울특별시","p":22126,"a":0.634,"d":34908},"geometry":{"type":"MultiPolygon","coordinates":[[[[126.9821,37.4848],[126.9817,37.4764],[126.9769,37.4766],[126.9705,37.4754],[126.9702,37.4766],[126.9747,37.4804],[126.9756,37.4815],[126.9757,37.4833],[126.9821,37.4848]]]]}},{"type":"Feature","properties":{"c":"1159064000","n":"서울특별시 동작구 사당3동","sg":"동작구","sd":"서울특별시","p":23182,"a":0.896,"d":25875},"geometry":{"type":"MultiPolygon","coordinates":[[[[126.9792,37.4844],[126.9746,37.4833],[126.97,37.4851],[126.9664,37.488],[126.9622,37.4942],[126.963,37.4946],[126.965,37.4932],[126.9681,37.494],[126.9724,37.4933],[126.9727,37.4917],[126.9757,37.488],[126.9767,37.4871],[126.9786,37.4868],[126.9792,37.4844]]]]}},{"type":"Feature","properties":{"c":"1159065000","n":"서울특별시 동작구 사당4동","sg":"동작구","sd":"서울특별시","p":13509,"a":0.428,"d":31563},"geometry":{"type":"MultiPolygon","coordinates":[[[[126.9757,37.4833],[126.9756,37.4815],[126.9747,37.4804],[126.9702,37.4766],[126.9688,37.4767],[126.9653,37.4796],[126.967,37.4814],[126.9697,37.4821],[126.9708,37.4848],[126.9757,37.4833]]]]}},{"type":"Feature","properties":{"c":"1159065100","n":"서울특별시 동작구 사당5동","sg":"동작구","sd":"서울특별시","p":13656,"a":0.663,"d":20600},"geometry":{"type":"MultiPolygon","coordinates":[[[[126.9708,37.4848],[126.9697,37.4821],[126.967,37.4814],[126.9653,37.4796],[126.9613,37.4835],[126.9621,37.4865],[126.9611,37.4911],[126.9622,37.4942],[126.9664,37.488],[126.9708,37.4848]]]]}},{"type":"Feature","properties":{"c":"1159066000","n":"서울특별시 동작구 대방동","sg":"동작구","sd":"서울특별시","p":33446,"a":1.591,"d":21028},"geometry":{"type":"MultiPolygon","coordinates":[[[[126.933,37.5158],[126.933,37.5145],[126.9344,37.5131],[126.9353,37.507],[126.934,37.5052],[126.9327,37.5056],[126.9327,37.5041],[126.9284,37.5033],[126.9289,37.5008],[126.9301,37.5004],[126.9303,37.4996],[126.9286,37.4989],[126.9266,37.4992],[126.9222,37.4979],[126.9202,37.4985],[126.9254,37.5127],[126.9271,37.513],[126.9271,37.5139],[126.9252,37.5149],[126.926,37.5161],[126.933,37.5158]]]]}},{"type":"Feature","properties":{"c":"1159067000","n":"서울특별시 동작구 신대방1동","sg":"동작구","sd":"서울특별시","p":22742,"a":0.685,"d":33188},"geometry":{"type":"MultiPolygon","coordinates":[[[[126.916,37.4888],[126.9132,37.4872],[126.9078,37.4854],[126.9032,37.485],[126.9125,37.4964],[126.9142,37.4966],[126.916,37.4888]]]]}},{"type":"Feature","properties":{"c":"1159068000","n":"서울특별시 동작구 신대방2동","sg":"동작구","sd":"서울특별시","p":22007,"a":1.035,"d":21263},"geometry":{"type":"MultiPolygon","coordinates":[[[[126.9286,37.4989],[126.9302,37.4978],[126.9294,37.4956],[126.9299,37.494],[126.9274,37.4949],[126.9243,37.49],[126.9189,37.4896],[126.916,37.4888],[126.9142,37.4966],[126.9197,37.4977],[126.9202,37.4985],[126.9222,37.4979],[126.9266,37.4992],[126.9286,37.4989]]]]}},{"type":"Feature","properties":{"c":"1159060500","n":"서울특별시 동작구 흑석동","sg":"동작구","sd":"서울특별시","p":29795,"a":1.728,"d":17239},"geometry":{"type":"MultiPolygon","coordinates":[[[[126.9741,37.5073],[126.9717,37.5043],[126.9688,37.5035],[126.962,37.4974],[126.9568,37.4992],[126.9539,37.5041],[126.9544,37.5068],[126.954,37.5077],[126.9617,37.5128],[126.9658,37.5105],[126.9741,37.5073]]]]}},{"type":"Feature","properties":{"c":"1159051000","n":"서울특별시 동작구 노량진1동","sg":"동작구","sd":"서울특별시","p":33477,"a":1.631,"d":20531},"geometry":{"type":"MultiPolygon","coordinates":[[[[126.9572,37.5154],[126.9617,37.5128],[126.9543,37.5077],[126.9503,37.5078],[126.9498,37.5071],[126.9473,37.5067],[126.9403,37.5061],[126.9409,37.5068],[126.9423,37.5068],[126.944,37.5089],[126.9428,37.5099],[126.9417,37.5094],[126.9402,37.5132],[126.9391,37.5142],[126.9394,37.5161],[126.9496,37.5178],[126.9572,37.5154]]]]}},{"type":"Feature","properties":{"c":"1159063000","n":"서울특별시 동작구 사당2동","sg":"동작구","sd":"서울특별시","p":27575,"a":2.751,"d":10024},"geometry":{"type":"MultiPolygon","coordinates":[[[[126.9801,37.5065],[126.9807,37.5027],[126.9862,37.499],[126.9878,37.4986],[126.9877,37.4982],[126.9848,37.4993],[126.9835,37.4975],[126.9829,37.4964],[126.9821,37.4848],[126.9792,37.4844],[126.9786,37.4868],[126.9767,37.4871],[126.9757,37.488],[126.9727,37.4917],[126.9724,37.4933],[126.9681,37.494],[126.965,37.4932],[126.963,37.4946],[126.9612,37.4978],[126.962,37.4974],[126.9688,37.5035],[126.9717,37.5043],[126.9741,37.5073],[126.9801,37.5065]]]]}},{"type":"Feature","properties":{"c":"1162052500","n":"서울특별시 관악구 보라매동","sg":"관악구","sd":"서울특별시","p":22912,"a":0.763,"d":30010},"geometry":{"type":"MultiPolygon","coordinates":[[[[126.9299,37.494],[126.9391,37.4916],[126.9395,37.4909],[126.9387,37.4882],[126.9401,37.4877],[126.9393,37.4862],[126.9349,37.4864],[126.9273,37.4895],[126.9243,37.49],[126.9274,37.4949],[126.9299,37.494]]]]}},{"type":"Feature","properties":{"c":"1162054500","n":"서울특별시 관악구 청림동","sg":"관악구","sd":"서울특별시","p":14129,"a":0.317,"d":44558},"geometry":{"type":"MultiPolygon","coordinates":[[[[126.9612,37.4926],[126.9621,37.4852],[126.9569,37.4864],[126.9581,37.4884],[126.9561,37.4916],[126.9574,37.4918],[126.9591,37.4939],[126.9612,37.4934],[126.9612,37.4926]]]]}},{"type":"Feature","properties":{"c":"1162057500","n":"서울특별시 관악구 행운동","sg":"관악구","sd":"서울특별시","p":28368,"a":0.725,"d":39124},"geometry":{"type":"MultiPolygon","coordinates":[[[[126.9621,37.4852],[126.9613,37.4835],[126.9688,37.4767],[126.9702,37.4766],[126.9705,37.4754],[126.9672,37.4756],[126.9528,37.4813],[126.9569,37.4864],[126.9621,37.4852]]]]}},{"type":"Feature","properties":{"c":"1162058500","n":"서울특별시 관악구 낙성대동","sg":"관악구","sd":"서울특별시","p":17682,"a":2.346,"d":7536},"geometry":{"type":"MultiPolygon","coordinates":[[[[126.9528,37.4813],[126.9623,37.4776],[126.9614,37.4753],[126.9634,37.4717],[126.9627,37.4697],[126.9645,37.4676],[126.9657,37.4643],[126.9703,37.4609],[126.9657,37.455],[126.9616,37.4555],[126.9596,37.4568],[126.9577,37.4585],[126.9557,37.4621],[126.956,37.4653],[126.9535,37.4708],[126.9525,37.4711],[126.9531,37.4728],[126.9523,37.4814],[126.9528,37.4813]]]]}},{"type":"Feature","properties":{"c":"1162061500","n":"서울특별시 관악구 중앙동","sg":"관악구","sd":"서울특별시","p":15160,"a":0.381,"d":39823},"geometry":{"type":"MultiPolygon","coordinates":[[[[126.9563,37.4857],[126.9528,37.4813],[126.9463,37.482],[126.947,37.4869],[126.9563,37.4857]]]]}},{"type":"Feature","properties":{"c":"1162062500","n":"서울특별시 관악구 인헌동","sg":"관악구","sd":"서울특별시","p":24920,"a":0.707,"d":35226},"geometry":{"type":"MultiPolygon","coordinates":[[[[126.9705,37.4754],[126.9716,37.4731],[126.9711,37.4695],[126.9704,37.4685],[126.9657,37.4668],[126.9627,37.4697],[126.9634,37.4717],[126.9614,37.4753],[126.9615,37.4762],[126.9623,37.4776],[126.9673,37.4756],[126.9705,37.4754]]]]}},{"type":"Feature","properties":{"c":"1162063000","n":"서울특별시 관악구 남현동","sg":"관악구","sd":"서울특별시","p":17095,"a":4.243,"d":4029},"geometry":{"type":"MultiPolygon","coordinates":[[[[126.9817,37.4764],[126.9832,37.4716],[126.9869,37.4678],[126.9882,37.4655],[126.9875,37.4604],[126.9886,37.4581],[126.9824,37.4552],[126.974,37.4476],[126.9687,37.4468],[126.9697,37.4479],[126.9698,37.4493],[126.9657,37.455],[126.9703,37.4609],[126.9657,37.4643],[126.9645,37.4676],[126.9657,37.4668],[126.9706,37.4686],[126.9713,37.4698],[126.9716,37.4731],[126.9705,37.4754],[126.9769,37.4766],[126.9817,37.4764]]]]}},{"type":"Feature","properties":{"c":"1162064500","n":"서울특별시 관악구 서원동","sg":"관악구","sd":"서울특별시","p":22738,"a":0.632,"d":35967},"geometry":{"type":"MultiPolygon","coordinates":[[[[126.9379,37.4841],[126.9378,37.4833],[126.9356,37.4811],[126.937,37.4796],[126.9395,37.4781],[126.9352,37.4763],[126.9302,37.4753],[126.9318,37.4788],[126.9267,37.4838],[126.9342,37.4848],[126.9379,37.4841]]]]}},{"type":"Feature","properties":{"c":"1162065500","n":"서울특별시 관악구 신원동","sg":"관악구","sd":"서울특별시","p":17140,"a":0.578,"d":29670},"geometry":{"type":"MultiPolygon","coordinates":[[[[126.9302,37.4753],[126.9266,37.4745],[126.923,37.4789],[126.9216,37.4831],[126.9267,37.4838],[126.9318,37.4788],[126.9302,37.4753]]]]}},{"type":"Feature","properties":{"c":"1162066500","n":"서울특별시 관악구 서림동","sg":"관악구","sd":"서울특별시","p":23624,"a":0.764,"d":30921},"geometry":{"type":"MultiPolygon","coordinates":[[[[126.9465,37.4727],[126.9468,37.47],[126.9454,37.4695],[126.9447,37.47],[126.935,37.4714],[126.9335,37.4731],[126.9294,37.4746],[126.9294,37.475],[126.9352,37.4763],[126.9395,37.4781],[126.9465,37.4727]]]]}},{"type":"Feature","properties":{"c":"1162068500","n":"서울특별시 관악구 신사동","sg":"관악구","sd":"서울특별시","p":22063,"a":0.607,"d":36353},"geometry":{"type":"MultiPolygon","coordinates":[[[[126.9262,37.4838],[126.9145,37.4818],[126.9133,37.4872],[126.916,37.4888],[126.9198,37.4894],[126.9222,37.4881],[126.9262,37.4838]]]]}},{"type":"Feature","properties":{"c":"1162069500","n":"서울특별시 관악구 신림동","sg":"관악구","sd":"서울특별시","p":23466,"a":0.509,"d":46146},"geometry":{"type":"MultiPolygon","coordinates":[[[[126.9349,37.4864],[126.9342,37.4848],[126.9262,37.4838],[126.9217,37.4885],[126.9189,37.4896],[126.9243,37.49],[126.9273,37.4895],[126.9349,37.4864]]]]}},{"type":"Feature","properties":{"c":"1162071500","n":"서울특별시 관악구 난향동","sg":"관악구","sd":"서울특별시","p":14260,"a":0.802,"d":17786},"geometry":{"type":"MultiPolygon","coordinates":[[[[126.923,37.4635],[126.9241,37.4597],[126.9225,37.4572],[126.9184,37.4572],[126.9142,37.4581],[126.9129,37.464],[126.9151,37.4662],[126.919,37.4666],[126.923,37.4635]]]]}},{"type":"Feature","properties":{"c":"1162072500","n":"서울특별시 관악구 조원동","sg":"관악구","sd":"서울특별시","p":19916,"a":0.649,"d":30667},"geometry":{"type":"MultiPolygon","coordinates":[[[[126.9145,37.4818],[126.9007,37.4793],[126.8995,37.4803],[126.9032,37.485],[126.906,37.485],[126.9133,37.4872],[126.9145,37.4818]]]]}},{"type":"Feature","properties":{"c":"1162073500","n":"서울특별시 관악구 대학동","sg":"관악구","sd":"서울특별시","p":25053,"a":8.509,"d":2944},"geometry":{"type":"MultiPolygon","coordinates":[[[[126.9525,37.4711],[126.9535,37.4708],[126.9556,37.4661],[126.9555,37.4626],[126.9577,37.4585],[126.9616,37.4555],[126.9657,37.455],[126.9697,37.4495],[126.9697,37.4479],[126.9687,37.4468],[126.9644,37.4456],[126.9638,37.4408],[126.963,37.4403],[126.96,37.4403],[126.9592,37.4392],[126.9552,37.4386],[126.9526,37.4392],[126.951,37.4384],[126.9482,37.4385],[126.9449,37.437],[126.9414,37.4374],[126.9402,37.4357],[126.9386,37.436],[126.9373,37.4385],[126.9378,37.4402],[126.9354,37.4428],[126.9305,37.4453],[126.9303,37.4463],[126.9303,37.4474],[126.9355,37.4518],[126.9385,37.4575],[126.9386,37.4593],[126.9376,37.4613],[126.9343,37.465],[126.9323,37.466],[126.9314,37.4658],[126.9316,37.4672],[126.9341,37.4718],[126.9447,37.47],[126.9454,37.4695],[126.9468,37.47],[126.9465,37.4727],[126.9491,37.4725],[126.951,37.4713],[126.9525,37.4711]]]]}},{"type":"Feature","properties":{"c":"1162060500","n":"서울특별시 관악구 은천동","sg":"관악구","sd":"서울특별시","p":31258,"a":0.736,"d":42471},"geometry":{"type":"MultiPolygon","coordinates":[[[[126.9434,37.4921],[126.945,37.4915],[126.9461,37.4901],[126.947,37.4869],[126.9463,37.482],[126.943,37.4823],[126.9342,37.4848],[126.9349,37.4864],[126.9393,37.4862],[126.9401,37.4877],[126.9387,37.4882],[126.9395,37.4909],[126.9416,37.4923],[126.9434,37.4921]]]]}},{"type":"Feature","properties":{"c":"1162056500","n":"서울특별시 관악구 성현동","sg":"관악구","sd":"서울특별시","p":29450,"a":0.688,"d":42827},"geometry":{"type":"MultiPolygon","coordinates":[[[[126.9561,37.4916],[126.9581,37.4884],[126.9563,37.4857],[126.947,37.4869],[126.9461,37.4901],[126.945,37.4915],[126.9434,37.4921],[126.9474,37.4939],[126.9535,37.4911],[126.9561,37.4916]]]]}},{"type":"Feature","properties":{"c":"1162059500","n":"서울특별시 관악구 청룡동","sg":"관악구","sd":"서울특별시","p":36090,"a":1.22,"d":29581},"geometry":{"type":"MultiPolygon","coordinates":[[[[126.9463,37.482],[126.9523,37.4814],[126.9531,37.4733],[126.9525,37.4711],[126.951,37.4713],[126.9491,37.4725],[126.9465,37.4727],[126.9436,37.4754],[126.9431,37.4751],[126.9382,37.4792],[126.937,37.4796],[126.9356,37.4811],[126.9378,37.4833],[126.9379,37.4841],[126.943,37.4823],[126.9463,37.482]]]]}},{"type":"Feature","properties":{"c":"1162077500","n":"서울특별시 관악구 난곡동","sg":"관악구","sd":"서울특별시","p":23998,"a":1.017,"d":23604},"geometry":{"type":"MultiPolygon","coordinates":[[[[126.9266,37.4745],[126.926,37.468],[126.9234,37.4656],[126.923,37.4635],[126.919,37.4666],[126.9151,37.4662],[126.9144,37.4701],[126.915,37.4715],[126.9178,37.474],[126.9242,37.4772],[126.9266,37.4745]]]]}},{"type":"Feature","properties":{"c":"1162074500","n":"서울특별시 관악구 삼성동","sg":"관악구","sd":"서울특별시","p":19889,"a":2.594,"d":7667},"geometry":{"type":"MultiPolygon","coordinates":[[[[126.9341,37.4718],[126.9316,37.4672],[126.9314,37.4658],[126.9323,37.466],[126.9343,37.465],[126.9376,37.4613],[126.9386,37.4593],[126.9385,37.4575],[126.9355,37.4518],[126.931,37.4478],[126.9231,37.4546],[126.9225,37.4572],[126.9241,37.4597],[126.9228,37.463],[126.9229,37.4645],[126.926,37.468],[126.9266,37.4745],[126.9294,37.475],[126.9294,37.4746],[126.9335,37.4731],[126.9341,37.4718]]]]}},{"type":"Feature","properties":{"c":"1162076500","n":"서울특별시 관악구 미성동","sg":"관악구","sd":"서울특별시","p":28292,"a":1.344,"d":21058},"geometry":{"type":"MultiPolygon","coordinates":[[[[126.9242,37.4772],[126.9178,37.474],[126.915,37.4715],[126.9143,37.4694],[126.9151,37.4662],[126.9137,37.4653],[126.9124,37.4657],[126.9082,37.4726],[126.9109,37.4738],[126.9119,37.4769],[126.9116,37.4782],[126.9095,37.4782],[126.9088,37.4789],[126.9097,37.4809],[126.9216,37.4831],[126.9242,37.4772]]]]}},{"type":"Feature","properties":{"c":"1165051000","n":"서울특별시 서초구 서초1동","sg":"서초구","sd":"서울특별시","p":20021,"a":1.374,"d":14568},"geometry":{"type":"MultiPolygon","coordinates":[[[[127.027,37.4805],[127.0245,37.4806],[127.024,37.4794],[127.0218,37.4775],[127.0198,37.4769],[127.0187,37.4816],[127.0149,37.4872],[127.014,37.4936],[127.0213,37.496],[127.027,37.4805]]]]}},{"type":"Feature","properties":{"c":"1165052000","n":"서울특별시 서초구 서초2동","sg":"서초구","sd":"서울특별시","p":24869,"a":1.237,"d":20102},"geometry":{"type":"MultiPolygon","coordinates":[[[[127.0316,37.4895],[127.0344,37.4828],[127.0325,37.481],[127.0304,37.4802],[127.0287,37.4811],[127.027,37.4805],[127.0213,37.496],[127.0276,37.498],[127.0316,37.4895]]]]}},{"type":"Feature","properties":{"c":"1165053000","n":"서울특별시 서초구 서초3동","sg":"서초구","sd":"서울특별시","p":32149,"a":3.016,"d":10659},"geometry":{"type":"MultiPolygon","coordinates":[[[[127.0158,37.4943],[127.0139,37.4933],[127.0146,37.4884],[127.0187,37.4816],[127.0198,37.4769],[127.0168,37.476],[127.0136,37.4732],[127.0103,37.4723],[127.0066,37.4782],[127.0054,37.479],[127.0041,37.4786],[127.0027,37.4809],[127.003,37.4813],[127.0008,37.4837],[127.0003,37.4856],[127.0012,37.487],[127.0003,37.4919],[127.0036,37.4948],[127.0105,37.4988],[127.0125,37.499],[127.0136,37.4943],[127.0158,37.4943]]]]}},{"type":"Feature","properties":{"c":"1165053100","n":"서울특별시 서초구 서초4동","sg":"서초구","sd":"서울특별시","p":29976,"a":0.878,"d":34145},"geometry":{"type":"MultiPolygon","coordinates":[[[[127.0276,37.498],[127.0141,37.494],[127.0136,37.4943],[127.0124,37.4994],[127.0179,37.5008],[127.0187,37.5028],[127.0245,37.5045],[127.0276,37.498]]]]}},{"type":"Feature","properties":{"c":"1165054000","n":"서울특별시 서초구 잠원동","sg":"서초구","sd":"서울특별시","p":34321,"a":1.841,"d":18641},"geometry":{"type":"MultiPolygon","coordinates":[[[[127.0194,37.516],[127.0213,37.5112],[127.0116,37.5083],[127.0117,37.5092],[127.0086,37.5133],[127.0073,37.5126],[127.0068,37.5135],[127.0089,37.5156],[127.0044,37.5203],[127.008,37.5246],[127.0119,37.5278],[127.0176,37.5221],[127.0194,37.516]]]]}},{"type":"Feature","properties":{"c":"1165055000","n":"서울특별시 서초구 반포본동","sg":"서초구","sd":"서울특별시","p":208,"a":1.048,"d":198},"geometry":{"type":"MultiPolygon","coordinates":[[[[126.9906,37.513],[126.9925,37.5097],[126.9919,37.5051],[126.9929,37.5029],[126.9939,37.5029],[126.9945,37.5015],[126.9911,37.4995],[126.9869,37.4986],[126.9807,37.5027],[126.9801,37.5065],[126.9857,37.5066],[126.9906,37.513]]]]}},{"type":"Feature","properties":{"c":"1165056000","n":"서울특별시 서초구 반포1동","sg":"서초구","sd":"서울특별시","p":33074,"a":1.012,"d":32696},"geometry":{"type":"MultiPolygon","coordinates":[[[[127.0245,37.5046],[127.0187,37.5028],[127.0179,37.5008],[127.0124,37.4994],[127.0116,37.5026],[127.0091,37.5073],[127.0214,37.511],[127.0245,37.5046]]]]}},{"type":"Feature","properties":{"c":"1165057000","n":"서울특별시 서초구 반포2동","sg":"서초구","sd":"서울특별시","p":26535,"a":1.191,"d":22289},"geometry":{"type":"MultiPolygon","coordinates":[[[[127.0009,37.5053],[127.003,37.5019],[126.994,37.4984],[126.9877,37.4982],[126.9945,37.5015],[126.9939,37.5029],[126.9929,37.5029],[126.9919,37.5051],[126.9925,37.5097],[126.9906,37.513],[126.9959,37.5157],[127.0009,37.5053]]]]}},{"type":"Feature","properties":{"c":"1165058000","n":"서울특별시 서초구 반포3동","sg":"서초구","sd":"서울특별시","p":23530,"a":1.311,"d":17942},"geometry":{"type":"MultiPolygon","coordinates":[[[[127.0116,37.5083],[127.0009,37.5053],[126.9959,37.5157],[127.0044,37.5203],[127.0089,37.5156],[127.0068,37.5135],[127.0073,37.5126],[127.0086,37.5133],[127.0117,37.5092],[127.0116,37.5083]]]]}},{"type":"Feature","properties":{"c":"1165058100","n":"서울특별시 서초구 반포4동","sg":"서초구","sd":"서울특별시","p":17828,"a":1.461,"d":12202},"geometry":{"type":"MultiPolygon","coordinates":[[[[127.0124,37.4994],[127.0097,37.4984],[127.0036,37.4948],[127.0003,37.4919],[126.9972,37.4937],[126.9955,37.494],[126.9948,37.4961],[126.9936,37.496],[126.9907,37.4979],[126.9948,37.4987],[127.003,37.5019],[127.0009,37.5053],[127.0098,37.5078],[127.0091,37.5073],[127.0116,37.5026],[127.0124,37.4994]]]]}},{"type":"Feature","properties":{"c":"1165059000","n":"서울특별시 서초구 방배본동","sg":"서초구","sd":"서울특별시","p":19776,"a":0.661,"d":29927},"geometry":{"type":"MultiPolygon","coordinates":[[[[126.9877,37.4982],[126.9907,37.4982],[126.9929,37.4963],[126.9948,37.4961],[126.9955,37.494],[126.9923,37.4936],[126.9855,37.4909],[126.9827,37.4909],[126.9835,37.4975],[126.9848,37.4993],[126.9877,37.4982]]]]}},{"type":"Feature","properties":{"c":"1165060000","n":"서울특별시 서초구 방배1동","sg":"서초구","sd":"서울특별시","p":16359,"a":0.699,"d":23393},"geometry":{"type":"MultiPolygon","coordinates":[[[[127.0022,37.4823],[126.9936,37.4802],[126.9896,37.4864],[127.0008,37.4899],[127.0012,37.487],[127.0003,37.4856],[127.0008,37.4837],[127.0022,37.4823]]]]}},{"type":"Feature","properties":{"c":"1165061000","n":"서울특별시 서초구 방배2동","sg":"서초구","sd":"서울특별시","p":17379,"a":1.938,"d":8968},"geometry":{"type":"MultiPolygon","coordinates":[[[[126.9936,37.4802],[126.9866,37.4771],[126.9857,37.4746],[126.9859,37.4728],[126.9868,37.4712],[126.9947,37.4688],[126.9963,37.4667],[126.9965,37.4648],[126.9972,37.4639],[126.997,37.4625],[126.9886,37.4581],[126.9875,37.4604],[126.9882,37.4639],[126.9876,37.4669],[126.9845,37.4697],[126.9819,37.4747],[126.9821,37.4854],[126.9896,37.4864],[126.9936,37.4802]]]]}},{"type":"Feature","properties":{"c":"1165062000","n":"서울특별시 서초구 방배3동","sg":"서초구","sd":"서울특별시","p":15360,"a":2.416,"d":6356},"geometry":{"type":"MultiPolygon","coordinates":[[[[127.0103,37.4723],[127.0045,37.4693],[127.0034,37.4673],[126.9963,37.4667],[126.9947,37.4688],[126.9868,37.4712],[126.9857,37.4746],[126.9866,37.4771],[126.99,37.479],[127.0022,37.4823],[127.0041,37.4786],[127.0054,37.479],[127.0066,37.4782],[127.0103,37.4723]]]]}},{"type":"Feature","properties":{"c":"1165062100","n":"서울특별시 서초구 방배4동","sg":"서초구","sd":"서울특별시","p":25702,"a":0.943,"d":27250},"geometry":{"type":"MultiPolygon","coordinates":[[[[127.0003,37.4919],[127.0008,37.4899],[126.9896,37.4864],[126.9821,37.4854],[126.9827,37.4909],[126.9855,37.4909],[126.9923,37.4936],[126.9955,37.494],[126.9972,37.4937],[127.0003,37.4919]]]]}},{"type":"Feature","properties":{"c":"1165065100","n":"서울특별시 서초구 양재1동","sg":"서초구","sd":"서울특별시","p":40201,"a":5.749,"d":6993},"geometry":{"type":"MultiPolygon","coordinates":[[[[127.0439,37.4797],[127.0393,37.4747],[127.0338,37.4729],[127.0308,37.4704],[127.029,37.4679],[127.0299,37.4635],[127.0261,37.4585],[127.0179,37.4556],[127.0111,37.4554],[127.0042,37.4648],[127.0034,37.4673],[127.0045,37.4693],[127.0103,37.4723],[127.0136,37.4732],[127.0181,37.4766],[127.0218,37.4775],[127.024,37.4794],[127.0245,37.4806],[127.027,37.4805],[127.0287,37.4811],[127.0304,37.4802],[127.0325,37.481],[127.0344,37.4828],[127.0336,37.484],[127.034,37.4848],[127.0413,37.4856],[127.0439,37.4797]]]]}},{"type":"Feature","properties":{"c":"1165065200","n":"서울특별시 서초구 양재2동","sg":"서초구","sd":"서울특별시","p":20742,"a":7.447,"d":2785},"geometry":{"type":"MultiPolygon","coordinates":[[[[127.0496,37.4705],[127.043,37.4656],[127.0454,37.4635],[127.0458,37.4593],[127.0495,37.4558],[127.0507,37.4538],[127.0509,37.4521],[127.0561,37.447],[127.0599,37.4412],[127.0615,37.4406],[127.0635,37.4379],[127.064,37.4357],[127.0631,37.4336],[127.0632,37.4297],[127.0579,37.4301],[127.0546,37.4294],[127.0509,37.4297],[127.0475,37.4309],[127.0463,37.4336],[127.0447,37.4343],[127.041,37.4382],[127.0373,37.4385],[127.0358,37.4393],[127.0354,37.4412],[127.0368,37.4421],[127.0384,37.4455],[127.0358,37.4575],[127.0349,37.4579],[127.0334,37.4611],[127.0347,37.4638],[127.0313,37.4658],[127.0299,37.4654],[127.029,37.4679],[127.0308,37.4704],[127.0338,37.4729],[127.0393,37.4747],[127.0439,37.4797],[127.045,37.4773],[127.0511,37.4715],[127.0496,37.4705]]]]}},{"type":"Feature","properties":{"c":"1165066000","n":"서울특별시 서초구 내곡동","sg":"서초구","sd":"서울특별시","p":16586,"a":13.162,"d":1260},"geometry":{"type":"MultiPolygon","coordinates":[[[[127.0852,37.4753],[127.0845,37.4729],[127.0862,37.4704],[127.096,37.4625],[127.0963,37.4614],[127.0946,37.4588],[127.0951,37.4583],[127.0931,37.4548],[127.0897,37.4512],[127.0883,37.4486],[127.088,37.4451],[127.0854,37.4449],[127.0816,37.441],[127.0763,37.4423],[127.0719,37.4421],[127.072,37.44],[127.0734,37.4393],[127.0726,37.4364],[127.0714,37.4352],[127.0705,37.4301],[127.0682,37.4306],[127.0657,37.429],[127.0643,37.4292],[127.0632,37.4297],[127.0631,37.4336],[127.064,37.4357],[127.0635,37.4379],[127.0615,37.4406],[127.0599,37.4412],[127.0561,37.447],[127.0509,37.4521],[127.0507,37.4538],[127.0495,37.4558],[127.0458,37.4593],[127.0454,37.4635],[127.043,37.4656],[127.0496,37.4705],[127.0545,37.4685],[127.0616,37.469],[127.0625,37.4728],[127.0692,37.4739],[127.0698,37.4748],[127.0708,37.4748],[127.0727,37.4748],[127.0739,37.4729],[127.0772,37.475],[127.0852,37.4753]]]]}},{"type":"Feature","properties":{"c":"1168051000","n":"서울특별시 강남구 신사동","sg":"강남구","sd":"서울특별시","p":14959,"a":1.745,"d":8573},"geometry":{"type":"MultiPolygon","coordinates":[[[[127.0281,37.5196],[127.0194,37.516],[127.0176,37.5221],[127.0119,37.5278],[127.0216,37.5355],[127.0252,37.5302],[127.0286,37.5273],[127.0281,37.5196]]]]}},{"type":"Feature","properties":{"c":"1168052100","n":"서울특별시 강남구 논현1동","sg":"강남구","sd":"서울특별시","p":20607,"a":1.248,"d":16508},"geometry":{"type":"MultiPolygon","coordinates":[[[[127.0339,37.5074],[127.0245,37.5046],[127.0214,37.511],[127.0204,37.5108],[127.0213,37.5112],[127.0194,37.516],[127.0281,37.5196],[127.0339,37.5074]]]]}},{"type":"Feature","properties":{"c":"1168053100","n":"서울특별시 강남구 논현2동","sg":"강남구","sd":"서울특별시","p":20085,"a":1.443,"d":13918},"geometry":{"type":"MultiPolygon","coordinates":[[[[127.0392,37.5229],[127.0412,37.5173],[127.0403,37.5169],[127.0413,37.5171],[127.0438,37.5103],[127.0339,37.5074],[127.0281,37.5196],[127.0392,37.5229]]]]}},{"type":"Feature","properties":{"c":"1168058000","n":"서울특별시 강남구 삼성1동","sg":"강남구","sd":"서울특별시","p":12737,"a":1.928,"d":6605},"geometry":{"type":"MultiPolygon","coordinates":[[[[127.067,37.5251],[127.0665,37.5209],[127.0672,37.52],[127.0685,37.5103],[127.0567,37.5069],[127.0503,37.5189],[127.0573,37.5201],[127.0606,37.5212],[127.0653,37.5256],[127.067,37.5251]]]]}},{"type":"Feature","properties":{"c":"1168059000","n":"서울특별시 강남구 삼성2동","sg":"강남구","sd":"서울특별시","p":30188,"a":1.261,"d":23944},"geometry":{"type":"MultiPolygon","coordinates":[[[[127.0567,37.5069],[127.0472,37.504],[127.0489,37.5046],[127.0481,37.5062],[127.0442,37.5092],[127.0413,37.5171],[127.0403,37.5169],[127.0503,37.5189],[127.0567,37.5069]]]]}},{"type":"Feature","properties":{"c":"1168060000","n":"서울특별시 강남구 대치1동","sg":"강남구","sd":"서울특별시","p":23555,"a":0.809,"d":29107},"geometry":{"type":"MultiPolygon","coordinates":[[[[127.0655,37.4901],[127.0588,37.4887],[127.0566,37.4877],[127.0525,37.4971],[127.0557,37.4972],[127.0609,37.4989],[127.0655,37.4901]]]]}},{"type":"Feature","properties":{"c":"1168063000","n":"서울특별시 강남구 대치4동","sg":"강남구","sd":"서울특별시","p":18027,"a":0.704,"d":25592},"geometry":{"type":"MultiPolygon","coordinates":[[[[127.0609,37.4989],[127.0557,37.4972],[127.0525,37.4971],[127.049,37.5044],[127.0567,37.5069],[127.0609,37.4989]]]]}},{"type":"Feature","properties":{"c":"1168064000","n":"서울특별시 강남구 역삼1동","sg":"강남구","sd":"서울특별시","p":34281,"a":2.371,"d":14459},"geometry":{"type":"MultiPolygon","coordinates":[[[[127.0472,37.504],[127.037,37.5006],[127.0409,37.4924],[127.0316,37.4895],[127.0245,37.5046],[127.0438,37.5103],[127.0449,37.5085],[127.0481,37.5062],[127.0489,37.5046],[127.0472,37.504]]]]}},{"type":"Feature","properties":{"c":"1168065000","n":"서울특별시 강남구 역삼2동","sg":"강남구","sd":"서울특별시","p":36001,"a":1.125,"d":31991},"geometry":{"type":"MultiPolygon","coordinates":[[[[127.0525,37.4971],[127.0527,37.4963],[127.0409,37.4924],[127.037,37.5006],[127.049,37.5044],[127.0525,37.4971]]]]}},{"type":"Feature","properties":{"c":"1168065500","n":"서울특별시 강남구 도곡1동","sg":"강남구","sd":"서울특별시","p":20785,"a":1.012,"d":20536},"geometry":{"type":"MultiPolygon","coordinates":[[[[127.0413,37.4856],[127.034,37.4848],[127.0316,37.4895],[127.0467,37.4943],[127.0498,37.4884],[127.045,37.4862],[127.0413,37.4856]]]]}},{"type":"Feature","properties":{"c":"1168065600","n":"서울특별시 강남구 도곡2동","sg":"강남구","sd":"서울특별시","p":31147,"a":1.033,"d":30143},"geometry":{"type":"MultiPolygon","coordinates":[[[[127.0566,37.4877],[127.0439,37.4797],[127.0413,37.4856],[127.045,37.4862],[127.0498,37.4884],[127.0467,37.4943],[127.0527,37.4963],[127.0566,37.4877]]]]}},{"type":"Feature","properties":{"c":"1168066000","n":"서울특별시 강남구 개포1동","sg":"강남구","sd":"서울특별시","p":26498,"a":1.744,"d":15192},"geometry":{"type":"MultiPolygon","coordinates":[[[[127.0764,37.4837],[127.0748,37.4806],[127.0729,37.4787],[127.0744,37.4763],[127.0772,37.475],[127.0759,37.4738],[127.0739,37.4729],[127.0727,37.4748],[127.0698,37.4748],[127.0692,37.4739],[127.0625,37.4728],[127.0538,37.4811],[127.0517,37.4849],[127.0565,37.4877],[127.058,37.4848],[127.0648,37.4791],[127.0755,37.4862],[127.0764,37.4837]]]]}},{"type":"Feature","properties":{"c":"1168069000","n":"서울특별시 강남구 개포4동","sg":"강남구","sd":"서울특별시","p":22970,"a":1.586,"d":14480},"geometry":{"type":"MultiPolygon","coordinates":[[[[127.0625,37.4728],[127.0616,37.469],[127.0545,37.4685],[127.0501,37.4701],[127.0496,37.4705],[127.0511,37.4715],[127.045,37.4773],[127.0439,37.4797],[127.0517,37.4849],[127.0538,37.4811],[127.0625,37.4728]]]]}},{"type":"Feature","properties":{"c":"1168072000","n":"서울특별시 강남구 일원본동","sg":"강남구","sd":"서울특별시","p":22235,"a":2.43,"d":9149},"geometry":{"type":"MultiPolygon","coordinates":[[[[127.093,37.4773],[127.0919,37.4774],[127.0852,37.4753],[127.0783,37.4749],[127.0744,37.4763],[127.0729,37.4787],[127.0759,37.4824],[127.0774,37.4871],[127.0907,37.4913],[127.0942,37.4872],[127.095,37.4828],[127.0931,37.4795],[127.093,37.4773]]]]}},{"type":"Feature","properties":{"c":"1168073000","n":"서울특별시 강남구 일원1동","sg":"강남구","sd":"서울특별시","p":13982,"a":0.948,"d":14751},"geometry":{"type":"MultiPolygon","coordinates":[[[[127.0967,37.4958],[127.102,37.4936],[127.0923,37.4918],[127.0818,37.4887],[127.0796,37.4937],[127.0905,37.4975],[127.0967,37.4958]]]]}},{"type":"Feature","properties":{"c":"1168067500","n":"서울특별시 강남구 개포3동","sg":"강남구","sd":"서울특별시","p":15438,"a":1.036,"d":14904},"geometry":{"type":"MultiPolygon","coordinates":[[[[127.0836,37.4993],[127.0905,37.4975],[127.0796,37.4937],[127.0818,37.4887],[127.0774,37.4871],[127.078,37.4879],[127.0762,37.4926],[127.0724,37.4913],[127.0718,37.493],[127.0739,37.4951],[127.0747,37.5003],[127.0755,37.5012],[127.0836,37.4993]]]]}},{"type":"Feature","properties":{"c":"1168075000","n":"서울특별시 강남구 수서동","sg":"강남구","sd":"서울특별시","p":13437,"a":1.627,"d":8259},"geometry":{"type":"MultiPolygon","coordinates":[[[[127.1081,37.4893],[127.1122,37.4834],[127.1111,37.4829],[127.1056,37.4827],[127.104,37.4848],[127.1026,37.4849],[127.098,37.4822],[127.0973,37.4781],[127.093,37.4773],[127.0931,37.4795],[127.095,37.4828],[127.0942,37.4872],[127.0907,37.4913],[127.102,37.4936],[127.1081,37.4893]]]]}},{"type":"Feature","properties":{"c":"1168070000","n":"서울특별시 강남구 세곡동","sg":"강남구","sd":"서울특별시","p":45664,"a":5.923,"d":7709},"geometry":{"type":"MultiPolygon","coordinates":[[[[127.111,37.4829],[127.1205,37.4704],[127.1222,37.4675],[127.1223,37.4652],[127.1175,37.4622],[127.1167,37.4586],[127.1156,37.4586],[127.1136,37.4597],[127.1129,37.4605],[127.1134,37.4611],[127.1063,37.4625],[127.1047,37.4621],[127.1035,37.4596],[127.0982,37.4588],[127.0968,37.4596],[127.095,37.4637],[127.0888,37.4681],[127.0852,37.4716],[127.0845,37.4729],[127.0852,37.4753],[127.0919,37.4774],[127.0973,37.4781],[127.098,37.4822],[127.1026,37.4849],[127.104,37.4848],[127.1056,37.4827],[127.111,37.4829]]]]}},{"type":"Feature","properties":{"c":"1168054500","n":"서울특별시 강남구 압구정동","sg":"강남구","sd":"서울특별시","p":25358,"a":2.342,"d":10826},"geometry":{"type":"MultiPolygon","coordinates":[[[[127.0467,37.534],[127.0438,37.5271],[127.0408,37.5278],[127.0392,37.5229],[127.0281,37.5196],[127.0286,37.5273],[127.0252,37.5302],[127.0216,37.5355],[127.0403,37.5359],[127.0467,37.534]]]]}},{"type":"Feature","properties":{"c":"1168056500","n":"서울특별시 강남구 청담동","sg":"강남구","sd":"서울특별시","p":26419,"a":2.38,"d":11101},"geometry":{"type":"MultiPolygon","coordinates":[[[[127.0566,37.5291],[127.0653,37.5256],[127.0615,37.5217],[127.0573,37.5201],[127.0412,37.5173],[127.0391,37.5235],[127.0408,37.5278],[127.0438,37.5271],[127.0467,37.534],[127.0566,37.5291]]]]}},{"type":"Feature","properties":{"c":"1168061000","n":"서울특별시 강남구 대치2동","sg":"강남구","sd":"서울특별시","p":38240,"a":2.064,"d":18524},"geometry":{"type":"MultiPolygon","coordinates":[[[[127.0688,37.51],[127.0698,37.505],[127.0732,37.5021],[127.0755,37.5012],[127.0741,37.4989],[127.0736,37.4947],[127.0685,37.491],[127.0655,37.4901],[127.0567,37.5069],[127.0665,37.5099],[127.0688,37.51]]]]}},{"type":"Feature","properties":{"c":"1168067000","n":"서울특별시 강남구 개포2동","sg":"강남구","sd":"서울특별시","p":40018,"a":1.589,"d":25179},"geometry":{"type":"MultiPolygon","coordinates":[[[[127.0774,37.4871],[127.0764,37.4837],[127.0755,37.4862],[127.0648,37.4791],[127.058,37.4848],[127.0565,37.4877],[127.0588,37.4887],[127.0672,37.4904],[127.0718,37.493],[127.0724,37.4913],[127.0762,37.4926],[127.078,37.4879],[127.0774,37.4871]]]]}},{"type":"Feature","properties":{"c":"1171051000","n":"서울특별시 송파구 풍납1동","sg":"송파구","sd":"서울특별시","p":10573,"a":1.06,"d":9978},"geometry":{"type":"MultiPolygon","coordinates":[[[[127.1232,37.5385],[127.1213,37.5331],[127.1109,37.536],[127.1042,37.536],[127.1096,37.5435],[127.1185,37.5409],[127.1232,37.5385]]]]}},{"type":"Feature","properties":{"c":"1171052000","n":"서울특별시 송파구 풍납2동","sg":"송파구","sd":"서울특별시","p":22996,"a":1.996,"d":11519},"geometry":{"type":"MultiPolygon","coordinates":[[[[127.1213,37.5331],[127.1192,37.5281],[127.1164,37.524],[127.1043,37.5242],[127.099,37.528],[127.1042,37.536],[127.1109,37.536],[127.1213,37.5331]]]]}},{"type":"Feature","properties":{"c":"1171053100","n":"서울특별시 송파구 거여1동","sg":"송파구","sd":"서울특별시","p":11777,"a":0.507,"d":23221},"geometry":{"type":"MultiPolygon","coordinates":[[[[127.1466,37.498],[127.1427,37.4891],[127.1424,37.4909],[127.1415,37.4917],[127.1378,37.4904],[127.1367,37.4892],[127.1358,37.4895],[127.1373,37.4915],[127.138,37.4943],[127.1393,37.4957],[127.1398,37.4954],[127.142,37.4994],[127.1466,37.498]]]]}},{"type":"Feature","properties":{"c":"1171053200","n":"서울특별시 송파구 거여2동","sg":"송파구","sd":"서울특별시","p":22861,"a":0.507,"d":45102},"geometry":{"type":"MultiPolygon","coordinates":[[[[127.149,37.4963],[127.1525,37.493],[127.1503,37.4921],[127.1507,37.4914],[127.1473,37.489],[127.1467,37.4873],[127.1457,37.4871],[127.1427,37.4891],[127.1466,37.498],[127.149,37.4963]]]]}},{"type":"Feature","properties":{"c":"1171054000","n":"서울특별시 송파구 마천1동","sg":"송파구","sd":"서울특별시","p":15039,"a":0.52,"d":28895},"geometry":{"type":"MultiPolygon","coordinates":[[[[127.1601,37.4972],[127.16,37.4942],[127.1577,37.4902],[127.1525,37.493],[127.149,37.4963],[127.1569,37.4984],[127.1601,37.4972]]]]}},{"type":"Feature","properties":{"c":"1171055000","n":"서울특별시 송파구 마천2동","sg":"송파구","sd":"서울특별시","p":16837,"a":0.96,"d":17544},"geometry":{"type":"MultiPolygon","coordinates":[[[[127.1601,37.4972],[127.1569,37.4984],[127.149,37.4963],[127.1466,37.498],[127.142,37.4994],[127.1444,37.5044],[127.1452,37.5035],[127.1477,37.5033],[127.1501,37.5045],[127.1519,37.5031],[127.1565,37.5019],[127.1579,37.503],[127.1606,37.5011],[127.1614,37.4996],[127.1601,37.4972]]]]}},{"type":"Feature","properties":{"c":"1171056100","n":"서울특별시 송파구 방이1동","sg":"송파구","sd":"서울특별시","p":14754,"a":0.587,"d":25155},"geometry":{"type":"MultiPolygon","coordinates":[[[[127.128,37.5117],[127.1239,37.5054],[127.1224,37.5054],[127.1167,37.5078],[127.121,37.5146],[127.128,37.5117]]]]}},{"type":"Feature","properties":{"c":"1171056200","n":"서울특별시 송파구 방이2동","sg":"송파구","sd":"서울특별시","p":26312,"a":0.769,"d":34220},"geometry":{"type":"MultiPolygon","coordinates":[[[[127.121,37.5146],[127.1167,37.5078],[127.1122,37.5104],[127.1081,37.512],[127.1066,37.5155],[127.1128,37.5177],[127.121,37.5146]]]]}},{"type":"Feature","properties":{"c":"1171056600","n":"서울특별시 송파구 오륜동","sg":"송파구","sd":"서울특별시","p":17336,"a":3.144,"d":5514},"geometry":{"type":"MultiPolygon","coordinates":[[[[127.1287,37.5238],[127.1454,37.5165],[127.1447,37.5155],[127.1411,37.5156],[127.1433,37.514],[127.1435,37.5127],[127.1411,37.5123],[127.1402,37.5084],[127.1364,37.5084],[127.1126,37.5175],[127.1192,37.5281],[127.1287,37.5238]]]]}},{"type":"Feature","properties":{"c":"1171057000","n":"서울특별시 송파구 오금동","sg":"송파구","sd":"서울특별시","p":36932,"a":1.737,"d":21266},"geometry":{"type":"MultiPolygon","coordinates":[[[[127.1402,37.5084],[127.1413,37.5069],[127.1411,37.5055],[127.1444,37.5044],[127.1398,37.4954],[127.1307,37.5003],[127.1239,37.5054],[127.128,37.5117],[127.1364,37.5084],[127.1402,37.5084]]]]}},{"type":"Feature","properties":{"c":"1171058000","n":"서울특별시 송파구 송파1동","sg":"송파구","sd":"서울특별시","p":22812,"a":0.698,"d":32683},"geometry":{"type":"MultiPolygon","coordinates":[[[[127.1167,37.5078],[127.1138,37.5038],[127.1101,37.502],[127.104,37.5087],[127.1081,37.512],[127.1122,37.5104],[127.1167,37.5078]]]]}},{"type":"Feature","properties":{"c":"1171059000","n":"서울특별시 송파구 송파2동","sg":"송파구","sd":"서울특별시","p":17188,"a":0.6,"d":28631},"geometry":{"type":"MultiPolygon","coordinates":[[[[127.1224,37.5054],[127.1217,37.5023],[127.1149,37.4982],[127.1101,37.502],[127.1138,37.5038],[127.1167,37.5078],[127.1224,37.5054]]]]}},{"type":"Feature","properties":{"c":"1171060000","n":"서울특별시 송파구 석촌동","sg":"송파구","sd":"서울특별시","p":29916,"a":0.934,"d":32027},"geometry":{"type":"MultiPolygon","coordinates":[[[[127.1101,37.502],[127.1116,37.5004],[127.1106,37.5001],[127.1096,37.501],[127.0976,37.4974],[127.0973,37.4969],[127.0966,37.4972],[127.0973,37.5065],[127.0999,37.5067],[127.104,37.5087],[127.1101,37.502]]]]}},{"type":"Feature","properties":{"c":"1171061000","n":"서울특별시 송파구 삼전동","sg":"송파구","sd":"서울특별시","p":28113,"a":0.992,"d":28333},"geometry":{"type":"MultiPolygon","coordinates":[[[[127.0973,37.5065],[127.0966,37.4972],[127.0973,37.4969],[127.0967,37.4958],[127.0836,37.4993],[127.0907,37.5075],[127.0973,37.5065]]]]}},{"type":"Feature","properties":{"c":"1171062000","n":"서울특별시 송파구 가락본동","sg":"송파구","sd":"서울특별시","p":24537,"a":1.052,"d":23334},"geometry":{"type":"MultiPolygon","coordinates":[[[[127.1239,37.5054],[127.1281,37.502],[127.1233,37.495],[127.1263,37.4915],[127.1211,37.489],[127.1146,37.4972],[127.1148,37.4982],[127.1217,37.5023],[127.1224,37.5054],[127.1239,37.5054]]]]}},{"type":"Feature","properties":{"c":"1171063100","n":"서울특별시 송파구 가락1동","sg":"송파구","sd":"서울특별시","p":27034,"a":1.37,"d":19727},"geometry":{"type":"MultiPolygon","coordinates":[[[[127.1116,37.5004],[127.1148,37.4982],[127.1146,37.4972],[127.1184,37.4925],[127.1081,37.4893],[127.1036,37.4927],[127.0967,37.4958],[127.0976,37.4974],[127.1096,37.501],[127.1106,37.5001],[127.1116,37.5004]]]]}},{"type":"Feature","properties":{"c":"1171063200","n":"서울특별시 송파구 가락2동","sg":"송파구","sd":"서울특별시","p":28125,"a":0.943,"d":29815},"geometry":{"type":"MultiPolygon","coordinates":[[[[127.1393,37.4957],[127.1336,37.4905],[127.1296,37.4932],[127.1263,37.4915],[127.1233,37.495],[127.1281,37.502],[127.1393,37.4957]]]]}},{"type":"Feature","properties":{"c":"1171064100","n":"서울특별시 송파구 문정1동","sg":"송파구","sd":"서울특별시","p":19546,"a":0.669,"d":29218},"geometry":{"type":"MultiPolygon","coordinates":[[[[127.1336,37.4905],[127.1298,37.4872],[127.1264,37.4828],[127.1242,37.4824],[127.1211,37.489],[127.1296,37.4932],[127.1336,37.4905]]]]}},{"type":"Feature","properties":{"c":"1171064200","n":"서울특별시 송파구 문정2동","sg":"송파구","sd":"서울특별시","p":28531,"a":2.361,"d":12082},"geometry":{"type":"MultiPolygon","coordinates":[[[[127.1211,37.489],[127.127,37.4759],[127.1266,37.4689],[127.1251,37.4689],[127.1238,37.4663],[127.1223,37.4652],[127.1215,37.4688],[127.111,37.4829],[127.1123,37.4835],[127.1081,37.4893],[127.1184,37.4925],[127.1211,37.489]]]]}},{"type":"Feature","properties":{"c":"1171065000","n":"서울특별시 송파구 잠실본동","sg":"송파구","sd":"서울특별시","p":26864,"a":1.142,"d":23520},"geometry":{"type":"MultiPolygon","coordinates":[[[[127.0867,37.5117],[127.0856,37.5114],[127.0866,37.5091],[127.0883,37.508],[127.0907,37.5075],[127.0836,37.4993],[127.0732,37.5021],[127.0795,37.5067],[127.0783,37.5119],[127.0867,37.5117]]]]}},{"type":"Feature","properties":{"c":"1171069000","n":"서울특별시 송파구 잠실4동","sg":"송파구","sd":"서울특별시","p":32843,"a":0.842,"d":39021},"geometry":{"type":"MultiPolygon","coordinates":[[[[127.1164,37.524],[127.1128,37.5177],[127.1066,37.5155],[127.103,37.522],[127.0981,37.5276],[127.099,37.528],[127.1043,37.5242],[127.1164,37.524]]]]}},{"type":"Feature","properties":{"c":"1171071000","n":"서울특별시 송파구 잠실6동","sg":"송파구","sd":"서울특별시","p":16078,"a":1.401,"d":11477},"geometry":{"type":"MultiPolygon","coordinates":[[[[127.1066,37.5155],[127.1081,37.512],[127.104,37.5087],[127.0904,37.526],[127.0923,37.5268],[127.0981,37.5276],[127.103,37.522],[127.1066,37.5155]]]]}},{"type":"Feature","properties":{"c":"1171072000","n":"서울특별시 송파구 잠실7동","sg":"송파구","sd":"서울특별시","p":9284,"a":0.682,"d":13617},"geometry":{"type":"MultiPolygon","coordinates":[[[[127.0732,37.5021],[127.0698,37.505],[127.0688,37.51],[127.0783,37.5119],[127.0795,37.5067],[127.0732,37.5021]]]]}},{"type":"Feature","properties":{"c":"1171067000","n":"서울특별시 송파구 잠실2동","sg":"송파구","sd":"서울특별시","p":34491,"a":2.882,"d":11966},"geometry":{"type":"MultiPolygon","coordinates":[[[[127.0867,37.5117],[127.0783,37.5119],[127.0688,37.51],[127.0672,37.52],[127.0665,37.5209],[127.067,37.5251],[127.0729,37.5237],[127.0776,37.5236],[127.0885,37.5255],[127.0885,37.5232],[127.0926,37.5119],[127.0867,37.5117]]]]}},{"type":"Feature","properties":{"c":"1171068000","n":"서울특별시 송파구 잠실3동","sg":"송파구","sd":"서울특별시","p":33421,"a":1.517,"d":22029},"geometry":{"type":"MultiPolygon","coordinates":[[[[127.104,37.5087],[127.1003,37.5068],[127.098,37.5065],[127.089,37.5078],[127.0866,37.5091],[127.0856,37.5114],[127.0926,37.5119],[127.0885,37.5232],[127.0885,37.5255],[127.0904,37.526],[127.104,37.5087]]]]}},{"type":"Feature","properties":{"c":"1171064600","n":"서울특별시 송파구 장지동","sg":"송파구","sd":"서울특별시","p":30687,"a":1.224,"d":25079},"geometry":{"type":"MultiPolygon","coordinates":[[[[127.1367,37.4892],[127.1353,37.4814],[127.1391,37.4817],[127.1385,37.4808],[127.1372,37.4796],[127.1337,37.4783],[127.1269,37.4735],[127.127,37.4759],[127.1242,37.4824],[127.1264,37.4828],[127.1298,37.4872],[127.138,37.4943],[127.1373,37.4915],[127.1359,37.4902],[127.1358,37.4895],[127.1367,37.4892]]]]}},{"type":"Feature","properties":{"c":"1171064700","n":"서울특별시 송파구 위례동","sg":"송파구","sd":"서울특별시","p":44828,"a":2.613,"d":17159},"geometry":{"type":"MultiPolygon","coordinates":[[[[127.1577,37.4902],[127.1576,37.4891],[127.1498,37.4853],[127.1477,37.4818],[127.1474,37.4772],[127.1442,37.4773],[127.1434,37.4741],[127.1326,37.4748],[127.1319,37.4697],[127.1327,37.4682],[127.1306,37.4676],[127.1266,37.4689],[127.1269,37.4735],[127.1337,37.4783],[127.1376,37.4799],[127.1391,37.4817],[127.1353,37.4814],[127.1367,37.4892],[127.1378,37.4904],[127.1418,37.4917],[127.1426,37.4892],[127.1443,37.4885],[127.1446,37.4874],[127.1457,37.4871],[127.1467,37.4873],[127.1473,37.489],[127.1497,37.4905],[127.1513,37.4927],[127.1525,37.493],[127.1577,37.4902]]]]}},{"type":"Feature","properties":{"c":"1174052600","n":"서울특별시 강동구 상일제2동","sg":"강동구","sd":"서울특별시","p":13124,"a":1.088,"d":12066},"geometry":{"type":"MultiPolygon","coordinates":[[[[127.1715,37.5573],[127.1758,37.5575],[127.1819,37.5589],[127.1814,37.5529],[127.1828,37.5466],[127.1836,37.5458],[127.1809,37.5459],[127.179,37.5466],[127.1756,37.5452],[127.1741,37.5454],[127.1715,37.5573]]]]}},{"type":"Feature","properties":{"c":"1174052500","n":"서울특별시 강동구 상일제1동","sg":"강동구","sd":"서울특별시","p":38893,"a":1.784,"d":21797},"geometry":{"type":"MultiPolygon","coordinates":[[[[127.1741,37.5454],[127.1641,37.5449],[127.1625,37.5459],[127.159,37.5455],[127.1559,37.5462],[127.1566,37.5554],[127.1715,37.5573],[127.1741,37.5454]]]]}},{"type":"Feature","properties":{"c":"1174053000","n":"서울특별시 강동구 명일1동","sg":"강동구","sd":"서울특별시","p":24736,"a":0.622,"d":39750},"geometry":{"type":"MultiPolygon","coordinates":[[[[127.1502,37.5547],[127.1486,37.5458],[127.1476,37.546],[127.1456,37.5449],[127.1458,37.5444],[127.1427,37.5451],[127.144,37.5508],[127.1403,37.5513],[127.1432,37.5546],[127.1502,37.5547]]]]}},{"type":"Feature","properties":{"c":"1174054000","n":"서울특별시 강동구 명일2동","sg":"강동구","sd":"서울특별시","p":16802,"a":0.939,"d":17891},"geometry":{"type":"MultiPolygon","coordinates":[[[[127.1632,37.545],[127.1604,37.5416],[127.1592,37.5428],[127.1568,37.5434],[127.1536,37.5433],[127.1487,37.5451],[127.1502,37.5547],[127.1566,37.5554],[127.1559,37.5462],[127.159,37.5455],[127.1625,37.5459],[127.1632,37.545]]]]}},{"type":"Feature","properties":{"c":"1174055000","n":"서울특별시 강동구 고덕1동","sg":"강동구","sd":"서울특별시","p":23589,"a":1.529,"d":15433},"geometry":{"type":"MultiPolygon","coordinates":[[[[127.1566,37.5554],[127.1502,37.5547],[127.1445,37.5548],[127.1441,37.5586],[127.1473,37.5614],[127.1452,37.5655],[127.1454,37.5683],[127.1492,37.5685],[127.1529,37.5707],[127.1533,37.5675],[127.1547,37.5682],[127.1559,37.568],[127.1569,37.563],[127.1566,37.5554]]]]}},{"type":"Feature","properties":{"c":"1174056000","n":"서울특별시 강동구 고덕2동","sg":"강동구","sd":"서울특별시","p":26261,"a":2.513,"d":10450},"geometry":{"type":"MultiPolygon","coordinates":[[[[127.1715,37.5573],[127.1566,37.5554],[127.1569,37.563],[127.1564,37.5674],[127.1553,37.5682],[127.1533,37.5675],[127.1529,37.5707],[127.1623,37.5764],[127.1654,37.5739],[127.1734,37.5637],[127.1705,37.5624],[127.1715,37.5573]]]]}},{"type":"Feature","properties":{"c":"1174058000","n":"서울특별시 강동구 암사2동","sg":"강동구","sd":"서울특별시","p":14494,"a":2.447,"d":5924},"geometry":{"type":"MultiPolygon","coordinates":[[[[127.1292,37.5548],[127.1267,37.5479],[127.1229,37.5488],[127.1232,37.5495],[127.1124,37.5495],[127.1139,37.5533],[127.1135,37.5603],[127.1167,37.56],[127.1194,37.5627],[127.1217,37.564],[127.1338,37.5684],[127.1323,37.5615],[127.1292,37.5548]]]]}},{"type":"Feature","properties":{"c":"1174059000","n":"서울특별시 강동구 암사3동","sg":"강동구","sd":"서울특별시","p":16858,"a":1.801,"d":9362},"geometry":{"type":"MultiPolygon","coordinates":[[[[127.1445,37.5548],[127.1292,37.5548],[127.1323,37.5615],[127.1338,37.5684],[127.1454,37.5683],[127.1452,37.5655],[127.1473,37.5614],[127.1441,37.5586],[127.1445,37.5548]]]]}},{"type":"Feature","properties":{"c":"1174060000","n":"서울특별시 강동구 천호1동","sg":"강동구","sd":"서울특별시","p":23790,"a":0.687,"d":34649},"geometry":{"type":"MultiPolygon","coordinates":[[[[127.1427,37.5451],[127.1417,37.5423],[127.1381,37.5431],[127.1311,37.5424],[127.1351,37.5478],[127.1379,37.5503],[127.144,37.5508],[127.1427,37.5451]]]]}},{"type":"Feature","properties":{"c":"1174062000","n":"서울특별시 강동구 천호3동","sg":"강동구","sd":"서울특별시","p":27726,"a":0.54,"d":51366},"geometry":{"type":"MultiPolygon","coordinates":[[[[127.1417,37.5423],[127.1397,37.5411],[127.1371,37.5408],[127.1344,37.5355],[127.1264,37.5377],[127.1287,37.5406],[127.1311,37.5424],[127.1381,37.5431],[127.1417,37.5423]]]]}},{"type":"Feature","properties":{"c":"1174064000","n":"서울특별시 강동구 성내1동","sg":"강동구","sd":"서울특별시","p":18830,"a":0.663,"d":28413},"geometry":{"type":"MultiPolygon","coordinates":[[[[127.1318,37.5301],[127.1287,37.5238],[127.1192,37.5281],[127.1213,37.5331],[127.1256,37.5319],[127.1265,37.533],[127.1271,37.5315],[127.1318,37.5301]]]]}},{"type":"Feature","properties":{"c":"1174065000","n":"서울특별시 강동구 성내2동","sg":"강동구","sd":"서울특별시","p":23839,"a":0.628,"d":37980},"geometry":{"type":"MultiPolygon","coordinates":[[[[127.1264,37.5377],[127.1344,37.5355],[127.1318,37.5301],[127.1271,37.5315],[127.1265,37.533],[127.1256,37.5319],[127.1213,37.5331],[127.1232,37.5385],[127.1264,37.5377]]]]}},{"type":"Feature","properties":{"c":"1174066000","n":"서울특별시 강동구 성내3동","sg":"강동구","sd":"서울특별시","p":21509,"a":0.643,"d":33442},"geometry":{"type":"MultiPolygon","coordinates":[[[[127.1386,37.534],[127.1339,37.5215],[127.1287,37.5238],[127.1343,37.5353],[127.1386,37.534]]]]}},{"type":"Feature","properties":{"c":"1174069000","n":"서울특별시 강동구 둔촌1동","sg":"강동구","sd":"서울특별시","p":33033,"a":0.898,"d":36796},"geometry":{"type":"MultiPolygon","coordinates":[[[[127.1458,37.522],[127.1447,37.5194],[127.145,37.5169],[127.1339,37.5215],[127.1366,37.5288],[127.1447,37.5265],[127.1461,37.524],[127.1458,37.522]]]]}},{"type":"Feature","properties":{"c":"1174070000","n":"서울특별시 강동구 둔촌2동","sg":"강동구","sd":"서울특별시","p":25094,"a":1.597,"d":15715},"geometry":{"type":"MultiPolygon","coordinates":[[[[127.1536,37.534],[127.1533,37.5293],[127.1496,37.5259],[127.1478,37.5222],[127.1458,37.522],[127.1461,37.524],[127.1447,37.5265],[127.1366,37.5288],[127.1386,37.534],[127.1409,37.5338],[127.1431,37.5343],[127.1604,37.5416],[127.1536,37.534]]]]}},{"type":"Feature","properties":{"c":"1174057000","n":"서울특별시 강동구 암사1동","sg":"강동구","sd":"서울특별시","p":32448,"a":0.731,"d":44359},"geometry":{"type":"MultiPolygon","coordinates":[[[[127.1445,37.5548],[127.1432,37.5546],[127.1403,37.5513],[127.1412,37.5509],[127.1373,37.5499],[127.1346,37.5471],[127.1277,37.5501],[127.1292,37.5548],[127.1445,37.5548]]]]}},{"type":"Feature","properties":{"c":"1174061000","n":"서울특별시 강동구 천호2동","sg":"강동구","sd":"서울특별시","p":36061,"a":1.832,"d":19686},"geometry":{"type":"MultiPolygon","coordinates":[[[[127.1346,37.5471],[127.1305,37.5416],[127.1287,37.5406],[127.1264,37.5377],[127.1216,37.5392],[127.1185,37.5409],[127.1096,37.5435],[127.1121,37.5475],[127.1124,37.5495],[127.1232,37.5495],[127.1229,37.5488],[127.1267,37.5479],[127.1277,37.5501],[127.1346,37.5471]]]]}},{"type":"Feature","properties":{"c":"1174068500","n":"서울특별시 강동구 길동","sg":"강동구","sd":"서울특별시","p":47421,"a":1.604,"d":29566},"geometry":{"type":"MultiPolygon","coordinates":[[[[127.1486,37.5458],[127.1487,37.5451],[127.1536,37.5433],[127.1568,37.5434],[127.1592,37.5428],[127.1604,37.5416],[127.1418,37.5338],[127.1386,37.534],[127.1343,37.5353],[127.1371,37.5408],[127.1397,37.5411],[127.1417,37.5423],[127.1427,37.5451],[127.1458,37.5444],[127.1456,37.5449],[127.1476,37.546],[127.1486,37.5458]]]]}},{"type":"Feature","properties":{"c":"2812552000","n":"인천광역시 제물포구 연안동","sg":"제물포구","sd":"인천광역시","p":4928,"a":6.123,"d":805},"geometry":{"type":"MultiPolygon","coordinates":[[[[126.6198,37.4619],[126.6302,37.4583],[126.6153,37.4342],[126.6127,37.435],[126.6142,37.4377],[126.6081,37.4406],[126.6106,37.4443],[126.6166,37.4418],[126.6182,37.4444],[126.6098,37.4477],[126.6129,37.4527],[126.6106,37.4535],[126.601,37.4384],[126.5971,37.4384],[126.5964,37.4413],[126.5929,37.4413],[126.5929,37.4506],[126.5963,37.4508],[126.5963,37.4512],[126.5933,37.4549],[126.5943,37.4556],[126.5969,37.4549],[126.6018,37.4573],[126.6,37.4592],[126.597,37.4571],[126.5947,37.4565],[126.5926,37.4577],[126.5936,37.4587],[126.5932,37.4637],[126.5997,37.4655],[126.6048,37.4646],[126.6027,37.4609],[126.6034,37.4602],[126.6122,37.4624],[126.6243,37.458],[126.625,37.4591],[126.6195,37.4612],[126.6198,37.4619]]]]}},{"type":"Feature","properties":{"c":"2812551000","n":"인천광역시 제물포구 신포동","sg":"제물포구","sd":"인천광역시","p":4411,"a":2.067,"d":2134},"geometry":{"type":"MultiPolygon","coordinates":[[[[126.6226,37.4755],[126.6263,37.4748],[126.628,37.4717],[126.6296,37.4717],[126.6312,37.471],[126.6298,37.4673],[126.63,37.4641],[126.6328,37.4629],[126.6302,37.4583],[126.6142,37.4641],[126.6142,37.4678],[126.6171,37.4709],[126.6155,37.4731],[126.6158,37.4746],[126.6226,37.4755]]]]}},{"type":"Feature","properties":{"c":"2812553000","n":"인천광역시 제물포구 신흥동","sg":"제물포구","sd":"인천광역시","p":14081,"a":3.938,"d":3576},"geometry":{"type":"MultiPolygon","coordinates":[[[[126.6367,37.468],[126.6375,37.4662],[126.6403,37.4641],[126.6391,37.4635],[126.6376,37.4599],[126.634,37.4556],[126.6292,37.4523],[126.6315,37.4423],[126.6326,37.4415],[126.635,37.43],[126.6102,37.4301],[126.6128,37.4343],[126.6153,37.4342],[126.6324,37.4622],[126.6328,37.463],[126.63,37.4641],[126.6298,37.4673],[126.6308,37.4702],[126.6322,37.469],[126.6367,37.468]]]]}},{"type":"Feature","properties":{"c":"2812554000","n":"인천광역시 제물포구 도원동","sg":"제물포구","sd":"인천광역시","p":3361,"a":0.231,"d":14570},"geometry":{"type":"MultiPolygon","coordinates":[[[[126.6428,37.4685],[126.6421,37.4676],[126.6421,37.465],[126.6403,37.4641],[126.6365,37.4676],[126.6392,37.4703],[126.6428,37.4685]]]]}},{"type":"Feature","properties":{"c":"2812555000","n":"인천광역시 제물포구 율목동","sg":"제물포구","sd":"인천광역시","p":3027,"a":0.205,"d":14767},"geometry":{"type":"MultiPolygon","coordinates":[[[[126.6392,37.4703],[126.6367,37.468],[126.6322,37.469],[126.6308,37.4702],[126.6315,37.4715],[126.6343,37.4711],[126.6362,37.4722],[126.6392,37.4703]]]]}},{"type":"Feature","properties":{"c":"2812556000","n":"인천광역시 제물포구 동인천동","sg":"제물포구","sd":"인천광역시","p":5163,"a":0.608,"d":8486},"geometry":{"type":"MultiPolygon","coordinates":[[[[126.628,37.4792],[126.6314,37.4768],[126.6362,37.4722],[126.6349,37.4713],[126.6327,37.4716],[126.6315,37.4715],[126.6312,37.471],[126.6296,37.4717],[126.628,37.4717],[126.6263,37.4748],[126.6226,37.4755],[126.6228,37.4777],[126.6242,37.4795],[126.628,37.4792]]]]}},{"type":"Feature","properties":{"c":"2815551000","n":"인천광역시 영종구 영종동","sg":"영종구","sd":"인천광역시","p":30969,"a":30.594,"d":1012},"geometry":{"type":"MultiPolygon","coordinates":[[[[126.5913,37.4959],[126.5864,37.4962],[126.5853,37.4981],[126.5893,37.4989],[126.592,37.4968],[126.5913,37.4959]]],[[[126.4882,37.5156],[126.4868,37.5157],[126.4865,37.5172],[126.4895,37.5174],[126.4896,37.5166],[126.4882,37.5156]]],[[[126.58,37.5251],[126.5787,37.5252],[126.5759,37.5274],[126.5723,37.5285],[126.5718,37.5293],[126.5735,37.5303],[126.5748,37.5302],[126.58,37.5264],[126.58,37.5251]]],[[[126.5062,37.4639],[126.5057,37.466],[126.507,37.4675],[126.5071,37.4686],[126.5053,37.4712],[126.5045,37.4753],[126.503,37.4771],[126.4996,37.4791],[126.5028,37.4823],[126.5059,37.4835],[126.5074,37.4808],[126.5105,37.4808],[126.5126,37.4824],[126.5162,37.4868],[126.5172,37.4896],[126.5168,37.4929],[126.5163,37.4936],[126.5123,37.4953],[126.5096,37.4996],[126.5101,37.5034],[126.5093,37.5044],[126.5037,37.5047],[126.4994,37.5013],[126.4978,37.5022],[126.4975,37.5071],[126.4945,37.507],[126.4905,37.5099],[126.4941,37.5162],[126.4953,37.5265],[126.4984,37.5318],[126.5138,37.535],[126.5209,37.5339],[126.5263,37.5274],[126.5439,37.5236],[126.5553,37.518],[126.5643,37.5145],[126.5691,37.5078],[126.5718,37.5062],[126.5739,37.5059],[126.5745,37.505],[126.5622,37.5018],[126.5566,37.4992],[126.5436,37.4873],[126.5461,37.4831],[126.5487,37.4837],[126.558,37.483],[126.558,37.4825],[126.56,37.4812],[126.5589,37.4783],[126.5504,37.4764],[126.5373,37.4758],[126.5211,37.4691],[126.5073,37.4658],[126.5062,37.4639]]],[[[126.5753,37.5344],[126.5735,37.5347],[126.5744,37.5365],[126.5759,37.5361],[126.5753,37.5344]]],[[[126.5757,37.5372],[126.5717,37.5402],[126.5753,37.5428],[126.5774,37.542],[126.5781,37.5409],[126.5776,37.5379],[126.5757,37.5372]]],[[[126.5799,37.5445],[126.579,37.5447],[126.5772,37.5465],[126.5776,37.5475],[126.5788,37.5474],[126.5802,37.5456],[126.5799,37.5445]]],[[[126.5884,37.5454],[126.5875,37.5446],[126.584,37.5486],[126.5846,37.5491],[126.5872,37.5499],[126.5902,37.5481],[126.5884,37.5454]]]]}},{"type":"Feature","properties":{"c":"2815556000","n":"인천광역시 영종구 용유동","sg":"영종구","sd":"인천광역시","p":3330,"a":27.51,"d":121},"geometry":{"type":"MultiPolygon","coordinates":[[[[126.5104,37.3596],[126.5132,37.3594],[126.5127,37.3572],[126.5101,37.3571],[126.5096,37.3584],[126.5104,37.3596]]],[[[126.4412,37.3601],[126.4397,37.3604],[126.4391,37.3616],[126.4419,37.3619],[126.4422,37.3613],[126.4412,37.3601]]],[[[126.4441,37.3701],[126.4406,37.3708],[126.4398,37.3718],[126.4413,37.3742],[126.4462,37.3751],[126.4466,37.3715],[126.4441,37.3701]]],[[[126.3907,37.3958],[126.3895,37.396],[126.3888,37.3972],[126.3893,37.4024],[126.3933,37.405],[126.3963,37.4052],[126.3973,37.4024],[126.3946,37.4007],[126.3907,37.3958]]],[[[126.4375,37.4058],[126.4408,37.4056],[126.4419,37.4048],[126.4406,37.4035],[126.4377,37.4038],[126.4354,37.4049],[126.4325,37.4044],[126.4359,37.4061],[126.4375,37.4058]]],[[[126.4141,37.4091],[126.4145,37.4072],[126.4136,37.4051],[126.4143,37.4037],[126.4225,37.4015],[126.4231,37.3981],[126.4277,37.3943],[126.4299,37.3912],[126.4317,37.3899],[126.4353,37.3894],[126.441,37.3856],[126.4417,37.3844],[126.4412,37.3813],[126.4378,37.381],[126.4352,37.3817],[126.4351,37.3808],[126.4363,37.3796],[126.4399,37.3789],[126.4405,37.3782],[126.4395,37.3757],[126.4359,37.3746],[126.4346,37.3749],[126.4335,37.3742],[126.4334,37.3716],[126.435,37.3704],[126.4337,37.3686],[126.4259,37.368],[126.4177,37.3653],[126.4154,37.3654],[126.4132,37.3663],[126.4071,37.3727],[126.4085,37.3743],[126.4091,37.3765],[126.4081,37.3799],[126.4082,37.385],[126.4073,37.3881],[126.4043,37.3915],[126.403,37.3918],[126.397,37.3909],[126.3959,37.3923],[126.3967,37.3941],[126.4006,37.3966],[126.4016,37.3986],[126.4005,37.4005],[126.4011,37.4026],[126.4031,37.4045],[126.4046,37.4071],[126.4045,37.408],[126.403,37.4085],[126.4024,37.4097],[126.4078,37.4133],[126.411,37.4121],[126.4141,37.4091]]],[[[126.4132,37.4202],[126.4145,37.4196],[126.4163,37.4197],[126.4165,37.4167],[126.4142,37.4159],[126.4126,37.4162],[126.412,37.417],[126.4121,37.4198],[126.4132,37.4202]]],[[[126.3734,37.4721],[126.3749,37.4686],[126.3747,37.4658],[126.3784,37.46],[126.3879,37.4548],[126.3938,37.4554],[126.3976,37.458],[126.3979,37.46],[126.3968,37.4613],[126.3926,37.4623],[126.3917,37.4632],[126.3958,37.4663],[126.4065,37.462],[126.411,37.4632],[126.4116,37.4596],[126.414,37.4574],[126.4185,37.4553],[126.4207,37.4521],[126.4251,37.4499],[126.4337,37.4477],[126.4339,37.4464],[126.4318,37.4399],[126.4332,37.4365],[126.4324,37.4336],[126.4301,37.4317],[126.4272,37.4323],[126.4241,37.4291],[126.4228,37.4262],[126.4236,37.4242],[126.4277,37.4229],[126.4225,37.4212],[126.4196,37.4215],[126.4187,37.4268],[126.4156,37.4325],[126.4131,37.4352],[126.4089,37.4381],[126.4062,37.438],[126.4048,37.4353],[126.4019,37.4332],[126.401,37.4332],[126.3997,37.4341],[126.3998,37.4353],[126.4021,37.4378],[126.4041,37.439],[126.404,37.4397],[126.4,37.4437],[126.3953,37.4461],[126.3906,37.4435],[126.3897,37.4408],[126.3871,37.4401],[126.3839,37.4402],[126.3805,37.4391],[126.3822,37.4358],[126.381,37.4346],[126.3801,37.435],[126.3783,37.4397],[126.3765,37.4412],[126.373,37.4404],[126.3675,37.4408],[126.3641,37.4417],[126.364,37.4422],[126.3652,37.4431],[126.3678,37.4443],[126.3706,37.4437],[126.3719,37.4444],[126.3722,37.4469],[126.3705,37.4486],[126.3697,37.454],[126.3685,37.4563],[126.3664,37.4574],[126.3653,37.4575],[126.3657,37.4562],[126.3648,37.456],[126.3611,37.4573],[126.3566,37.4626],[126.3557,37.4673],[126.3563,37.4696],[126.359,37.4707],[126.3593,37.4732],[126.3647,37.4747],[126.3689,37.4739],[126.3734,37.4721]]]]}},{"type":"Feature","properties":{"c":"2815554000","n":"인천광역시 영종구 운서1동","sg":"영종구","sd":"인천광역시","p":17557,"a":59.711,"d":294},"geometry":{"type":"MultiPolygon","coordinates":[[[[126.5053,37.5049],[126.4991,37.4993],[126.489,37.4855],[126.4865,37.4816],[126.4856,37.4783],[126.4857,37.4725],[126.4892,37.461],[126.4897,37.4569],[126.5003,37.4547],[126.4962,37.4482],[126.4779,37.4408],[126.4418,37.4209],[126.4262,37.4232],[126.4229,37.4249],[126.4237,37.4284],[126.4261,37.4314],[126.4276,37.4323],[126.4288,37.4317],[126.4305,37.4318],[126.4324,37.4336],[126.4332,37.4365],[126.4319,37.4393],[126.432,37.4414],[126.434,37.4471],[126.4334,37.4479],[126.4251,37.4499],[126.4207,37.4521],[126.4185,37.4553],[126.414,37.4574],[126.4116,37.4596],[126.411,37.4632],[126.4065,37.462],[126.3957,37.4664],[126.3917,37.4632],[126.3926,37.4623],[126.3968,37.4613],[126.3979,37.46],[126.3976,37.458],[126.3938,37.4554],[126.3879,37.4548],[126.3784,37.46],[126.3747,37.4658],[126.3749,37.4686],[126.3734,37.4721],[126.4275,37.5018],[126.4322,37.5039],[126.4576,37.4997],[126.4645,37.4995],[126.4701,37.5029],[126.483,37.5042],[126.4905,37.5099],[126.4945,37.507],[126.4975,37.5071],[126.4978,37.5022],[126.4994,37.5013],[126.5037,37.5047],[126.5053,37.5049]]]]}},{"type":"Feature","properties":{"c":"2812558000","n":"인천광역시 제물포구 만석동","sg":"제물포구","sd":"인천광역시","p":6030,"a":1.239,"d":4868},"geometry":{"type":"MultiPolygon","coordinates":[[[[126.6269,37.4906],[126.6253,37.487],[126.6259,37.4854],[126.6283,37.4837],[126.6265,37.4818],[126.628,37.4792],[126.6242,37.4812],[126.6204,37.4807],[126.6168,37.4836],[126.6189,37.4855],[126.6116,37.4835],[126.6098,37.4874],[126.6242,37.4922],[126.6263,37.4925],[126.6274,37.4915],[126.6269,37.4906]]]]}},{"type":"Feature","properties":{"c":"2812559000","n":"인천광역시 제물포구 화수1·화평동","sg":"제물포구","sd":"인천광역시","p":5092,"a":0.26,"d":19579},"geometry":{"type":"MultiPolygon","coordinates":[[[[126.6336,37.4791],[126.6314,37.4768],[126.628,37.4794],[126.6265,37.4815],[126.6268,37.4825],[126.6283,37.4837],[126.6309,37.4829],[126.6329,37.4803],[126.6325,37.4794],[126.6336,37.4791]]]]}},{"type":"Feature","properties":{"c":"2812560000","n":"인천광역시 제물포구 화수2동","sg":"제물포구","sd":"인천광역시","p":6518,"a":0.627,"d":10399},"geometry":{"type":"MultiPolygon","coordinates":[[[[126.6321,37.4877],[126.6359,37.4854],[126.6358,37.4831],[126.6375,37.482],[126.6335,37.479],[126.6325,37.4794],[126.6329,37.4803],[126.6309,37.4829],[126.6276,37.4839],[126.6259,37.4854],[126.6253,37.487],[126.6269,37.4906],[126.6321,37.4877]]]]}},{"type":"Feature","properties":{"c":"2812561000","n":"인천광역시 제물포구 송현1·2동","sg":"제물포구","sd":"인천광역시","p":9316,"a":0.335,"d":27819},"geometry":{"type":"MultiPolygon","coordinates":[[[[126.6399,37.4782],[126.6388,37.4769],[126.6352,37.475],[126.6346,37.4737],[126.6314,37.4768],[126.6375,37.482],[126.6399,37.4782]]]]}},{"type":"Feature","properties":{"c":"2812562000","n":"인천광역시 제물포구 송현3동","sg":"제물포구","sd":"인천광역시","p":2544,"a":2.304,"d":1104},"geometry":{"type":"MultiPolygon","coordinates":[[[[126.6554,37.4882],[126.6526,37.485],[126.6488,37.4873],[126.6453,37.4839],[126.6453,37.4797],[126.641,37.4781],[126.6399,37.4782],[126.6375,37.482],[126.6358,37.4831],[126.6359,37.4854],[126.6321,37.4877],[126.6274,37.4932],[126.6321,37.4936],[126.6408,37.4959],[126.6554,37.4882]]]]}},{"type":"Feature","properties":{"c":"2812563000","n":"인천광역시 제물포구 송림1동","sg":"제물포구","sd":"인천광역시","p":6598,"a":0.175,"d":37792},"geometry":{"type":"MultiPolygon","coordinates":[[[[126.6399,37.4782],[126.641,37.4781],[126.6404,37.4761],[126.6419,37.474],[126.6388,37.4731],[126.6353,37.4743],[126.6352,37.475],[126.6388,37.4769],[126.6399,37.4782]]]]}},{"type":"Feature","properties":{"c":"2812564000","n":"인천광역시 제물포구 송림2동","sg":"제물포구","sd":"인천광역시","p":1136,"a":0.194,"d":5869},"geometry":{"type":"MultiPolygon","coordinates":[[[[126.6448,37.4758],[126.6436,37.4732],[126.6419,37.474],[126.6404,37.4767],[126.641,37.4781],[126.6453,37.4797],[126.6448,37.4758]]]]}},{"type":"Feature","properties":{"c":"2812565000","n":"인천광역시 제물포구 송림3·5동","sg":"제물포구","sd":"인천광역시","p":5036,"a":0.496,"d":10149},"geometry":{"type":"MultiPolygon","coordinates":[[[[126.6522,37.4758],[126.6513,37.4744],[126.6526,37.4732],[126.6524,37.4705],[126.6503,37.4695],[126.6455,37.4699],[126.6436,37.4732],[126.6448,37.4758],[126.6457,37.4755],[126.6496,37.4774],[126.6499,37.4762],[126.6522,37.4758]]]]}},{"type":"Feature","properties":{"c":"2812566000","n":"인천광역시 제물포구 송림4동","sg":"제물포구","sd":"인천광역시","p":5872,"a":0.727,"d":8082},"geometry":{"type":"MultiPolygon","coordinates":[[[[126.6705,37.4768],[126.6589,37.4827],[126.655,37.4841],[126.6529,37.4817],[126.6528,37.4799],[126.6543,37.4785],[126.6526,37.4758],[126.6499,37.4762],[126.6489,37.4786],[126.6537,37.4844],[126.6526,37.485],[126.6554,37.4882],[126.6636,37.4833],[126.6699,37.4786],[126.671,37.4778],[126.6705,37.4768]]]]}},{"type":"Feature","properties":{"c":"2812567000","n":"인천광역시 제물포구 송림6동","sg":"제물포구","sd":"인천광역시","p":7671,"a":0.534,"d":14361},"geometry":{"type":"MultiPolygon","coordinates":[[[[126.6526,37.485],[126.6537,37.4844],[126.6489,37.4786],[126.6496,37.4774],[126.6457,37.4755],[126.6448,37.4758],[126.6457,37.4809],[126.6453,37.4839],[126.6488,37.4873],[126.6526,37.485]]]]}},{"type":"Feature","properties":{"c":"2812568000","n":"인천광역시 제물포구 금창동","sg":"제물포구","sd":"인천광역시","p":2091,"a":0.311,"d":6721},"geometry":{"type":"MultiPolygon","coordinates":[[[[126.6419,37.474],[126.6436,37.4732],[126.6455,37.4699],[126.6428,37.4685],[126.6367,37.4718],[126.6346,37.4737],[126.6353,37.4743],[126.6391,37.4731],[126.6419,37.474]]]]}},{"type":"Feature","properties":{"c":"2817751000","n":"인천광역시 미추홀구 숭의2동","sg":"미추홀구","sd":"인천광역시","p":13415,"a":0.521,"d":25748},"geometry":{"type":"MultiPolygon","coordinates":[[[[126.6532,37.4596],[126.6521,37.4584],[126.6459,37.4579],[126.6414,37.4598],[126.6429,37.4622],[126.65,37.465],[126.6532,37.4596]]]]}},{"type":"Feature","properties":{"c":"2817753000","n":"인천광역시 미추홀구 숭의4동","sg":"미추홀구","sd":"인천광역시","p":16885,"a":0.77,"d":21916},"geometry":{"type":"MultiPolygon","coordinates":[[[[126.6562,37.4662],[126.6609,37.4663],[126.6606,37.4644],[126.6629,37.4616],[126.6643,37.461],[126.6625,37.4587],[126.6596,37.4577],[126.6571,37.459],[126.6532,37.4596],[126.65,37.465],[126.653,37.4662],[126.6562,37.4662]]]]}},{"type":"Feature","properties":{"c":"2817755000","n":"인천광역시 미추홀구 용현2동","sg":"미추홀구","sd":"인천광역시","p":22570,"a":0.537,"d":41992},"geometry":{"type":"MultiPolygon","coordinates":[[[[126.6459,37.4579],[126.6492,37.4581],[126.65,37.4564],[126.6479,37.4528],[126.6481,37.4522],[126.6436,37.4536],[126.6355,37.4573],[126.6376,37.4599],[126.6419,37.4579],[126.6459,37.4579]]]]}},{"type":"Feature","properties":{"c":"2817756000","n":"인천광역시 미추홀구 용현3동","sg":"미추홀구","sd":"인천광역시","p":6540,"a":0.442,"d":14806},"geometry":{"type":"MultiPolygon","coordinates":[[[[126.6571,37.459],[126.6545,37.4575],[126.6553,37.4561],[126.6584,37.4538],[126.6522,37.4523],[126.6481,37.4522],[126.6479,37.4528],[126.65,37.4564],[126.6492,37.4581],[126.6521,37.4584],[126.6532,37.4596],[126.6571,37.459]]]]}},{"type":"Feature","properties":{"c":"2817757000","n":"인천광역시 미추홀구 용현5동","sg":"미추홀구","sd":"인천광역시","p":44048,"a":2.125,"d":20730},"geometry":{"type":"MultiPolygon","coordinates":[[[[126.6481,37.4522],[126.6498,37.4493],[126.6505,37.4455],[126.6348,37.4424],[126.6326,37.4415],[126.6315,37.4423],[126.6292,37.4523],[126.634,37.4556],[126.6355,37.4573],[126.6436,37.4536],[126.6481,37.4522]]]]}},{"type":"Feature","properties":{"c":"2817758000","n":"인천광역시 미추홀구 학익1동","sg":"미추홀구","sd":"인천광역시","p":41447,"a":4.488,"d":9235},"geometry":{"type":"MultiPolygon","coordinates":[[[[126.6603,37.4471],[126.6598,37.4464],[126.6652,37.4442],[126.6643,37.4429],[126.6766,37.438],[126.6756,37.4365],[126.6773,37.4334],[126.6771,37.4315],[126.6751,37.4303],[126.665,37.4333],[126.6605,37.4355],[126.6542,37.4354],[126.6481,37.4351],[126.647,37.4346],[126.6447,37.4318],[126.6406,37.4305],[126.6372,37.4306],[126.6359,37.4314],[126.6347,37.431],[126.6326,37.4415],[126.6348,37.4424],[126.6505,37.4455],[126.6504,37.4462],[126.6535,37.4472],[126.6575,37.4456],[126.6589,37.4479],[126.659,37.4494],[126.6598,37.4489],[126.6603,37.4471]]]]}},{"type":"Feature","properties":{"c":"2817759000","n":"인천광역시 미추홀구 학익2동","sg":"미추홀구","sd":"인천광역시","p":17470,"a":0.818,"d":21355},"geometry":{"type":"MultiPolygon","coordinates":[[[[126.6679,37.4478],[126.6696,37.4469],[126.6722,37.4438],[126.6788,37.4444],[126.6785,37.4419],[126.6766,37.438],[126.6643,37.4429],[126.6652,37.4442],[126.6598,37.4464],[126.6603,37.4471],[126.6679,37.4478]]]]}},{"type":"Feature","properties":{"c":"2817760000","n":"인천광역시 미추홀구 도화1동","sg":"미추홀구","sd":"인천광역시","p":20303,"a":1.083,"d":18746},"geometry":{"type":"MultiPolygon","coordinates":[[[[126.6737,37.4657],[126.6732,37.4638],[126.675,37.4628],[126.677,37.4627],[126.6778,37.4618],[126.6758,37.4568],[126.6687,37.4575],[126.6662,37.4604],[126.6629,37.4616],[126.6606,37.4644],[126.6609,37.4663],[126.6562,37.4662],[126.6562,37.4668],[126.6737,37.4657]]]]}},{"type":"Feature","properties":{"c":"2817762000","n":"인천광역시 미추홀구 주안1동","sg":"미추홀구","sd":"인천광역시","p":19944,"a":0.659,"d":30280},"geometry":{"type":"MultiPolygon","coordinates":[[[[126.6861,37.4645],[126.6858,37.4581],[126.6762,37.4587],[126.6777,37.4608],[126.6776,37.4623],[126.675,37.4628],[126.6732,37.4639],[126.6737,37.4657],[126.6861,37.4645]]]]}},{"type":"Feature","properties":{"c":"2817763000","n":"인천광역시 미추홀구 주안2동","sg":"미추홀구","sd":"인천광역시","p":22937,"a":0.951,"d":24106},"geometry":{"type":"MultiPolygon","coordinates":[[[[126.6762,37.4587],[126.6801,37.4585],[126.6798,37.4514],[126.6675,37.4523],[126.6645,37.4532],[126.6655,37.4556],[126.6646,37.4572],[126.6625,37.4587],[126.6643,37.461],[126.6662,37.4604],[126.6687,37.4575],[126.6758,37.4568],[126.6762,37.4587]]]]}},{"type":"Feature","properties":{"c":"2817764000","n":"인천광역시 미추홀구 주안3동","sg":"미추홀구","sd":"인천광역시","p":12063,"a":0.454,"d":26562},"geometry":{"type":"MultiPolygon","coordinates":[[[[126.6747,37.4517],[126.6744,37.447],[126.6754,37.4441],[126.6722,37.4438],[126.6696,37.4469],[126.6679,37.4478],[126.6675,37.4523],[126.6747,37.4517]]]]}},{"type":"Feature","properties":{"c":"2817765000","n":"인천광역시 미추홀구 주안4동","sg":"미추홀구","sd":"인천광역시","p":19667,"a":0.993,"d":19809},"geometry":{"type":"MultiPolygon","coordinates":[[[[126.6858,37.4581],[126.6911,37.4578],[126.695,37.4557],[126.6943,37.4515],[126.6926,37.4505],[126.6798,37.4514],[126.6801,37.4585],[126.6858,37.4581]]]]}},{"type":"Feature","properties":{"c":"2817766000","n":"인천광역시 미추홀구 주안5동","sg":"미추홀구","sd":"인천광역시","p":18919,"a":1.158,"d":16342},"geometry":{"type":"MultiPolygon","coordinates":[[[[126.684,37.4733],[126.6861,37.472],[126.6844,37.4695],[126.6872,37.469],[126.6868,37.4662],[126.6928,37.4655],[126.6929,37.4647],[126.6861,37.4645],[126.6737,37.4657],[126.6744,37.4756],[126.684,37.4733]]]]}},{"type":"Feature","properties":{"c":"2817767000","n":"인천광역시 미추홀구 주안6동","sg":"미추홀구","sd":"인천광역시","p":20873,"a":0.64,"d":32627},"geometry":{"type":"MultiPolygon","coordinates":[[[[126.6972,37.4613],[126.6952,37.4603],[126.6945,37.456],[126.6911,37.4578],[126.6858,37.4581],[126.6861,37.4645],[126.6929,37.4647],[126.6972,37.4613]]]]}},{"type":"Feature","properties":{"c":"2817768000","n":"인천광역시 미추홀구 주안7동","sg":"미추홀구","sd":"인천광역시","p":12045,"a":0.475,"d":25357},"geometry":{"type":"MultiPolygon","coordinates":[[[[126.6798,37.4514],[126.6797,37.4489],[126.6812,37.4478],[126.6808,37.4419],[126.6785,37.4419],[126.6788,37.4444],[126.6754,37.4441],[126.6744,37.447],[126.6747,37.4517],[126.6798,37.4514]]]]}},{"type":"Feature","properties":{"c":"2817769000","n":"인천광역시 미추홀구 주안8동","sg":"미추홀구","sd":"인천광역시","p":18386,"a":0.724,"d":25397},"geometry":{"type":"MultiPolygon","coordinates":[[[[126.6926,37.4505],[126.6929,37.4482],[126.6909,37.4468],[126.6875,37.4467],[126.6849,37.4435],[126.6851,37.4423],[126.6808,37.4419],[126.6812,37.4478],[126.6797,37.4489],[126.6798,37.4514],[126.6926,37.4505]]]]}},{"type":"Feature","properties":{"c":"2817770000","n":"인천광역시 미추홀구 관교동","sg":"미추홀구","sd":"인천광역시","p":13770,"a":0.952,"d":14468},"geometry":{"type":"MultiPolygon","coordinates":[[[[126.7002,37.4436],[126.7029,37.4428],[126.7024,37.4389],[126.6937,37.4387],[126.6882,37.4421],[126.685,37.4419],[126.6849,37.4432],[126.6875,37.4467],[126.6909,37.4468],[126.6929,37.4482],[126.6941,37.4472],[126.6934,37.4466],[126.6958,37.4449],[126.7002,37.4436]]]]}},{"type":"Feature","properties":{"c":"2817771000","n":"인천광역시 미추홀구 문학동","sg":"미추홀구","sd":"인천광역시","p":13820,"a":1.727,"d":8004},"geometry":{"type":"MultiPolygon","coordinates":[[[[126.6949,37.4388],[126.6961,37.437],[126.6967,37.4334],[126.6872,37.4332],[126.6856,37.4302],[126.6771,37.4315],[126.6773,37.4334],[126.6756,37.4366],[126.6785,37.4419],[126.6882,37.4421],[126.6937,37.4387],[126.6949,37.4388]]]]}},{"type":"Feature","properties":{"c":"2817752000","n":"인천광역시 미추홀구 숭의1·3동","sg":"미추홀구","sd":"인천광역시","p":17485,"a":0.82,"d":21327},"geometry":{"type":"MultiPolygon","coordinates":[[[[126.6503,37.4695],[126.6515,37.4685],[126.6562,37.4668],[126.6562,37.4662],[126.653,37.4662],[126.6429,37.4622],[126.6414,37.4598],[126.6459,37.4579],[126.6419,37.4579],[126.6376,37.4599],[126.6392,37.4635],[126.6421,37.465],[126.6421,37.4676],[126.6428,37.4685],[126.6455,37.4699],[126.6503,37.4695]]]]}},{"type":"Feature","properties":{"c":"2817754000","n":"인천광역시 미추홀구 용현1·4동","sg":"미추홀구","sd":"인천광역시","p":17271,"a":1.453,"d":11887},"geometry":{"type":"MultiPolygon","coordinates":[[[[126.6625,37.4587],[126.6646,37.4572],[126.6655,37.4556],[126.6645,37.4532],[126.6675,37.4523],[126.6679,37.4478],[126.6603,37.4471],[126.6598,37.4489],[126.659,37.4494],[126.6589,37.4479],[126.6575,37.4456],[126.6535,37.4472],[126.6504,37.4462],[126.6498,37.4493],[126.6481,37.4522],[126.6522,37.4523],[126.6584,37.4538],[126.6553,37.4561],[126.6545,37.4575],[126.6571,37.459],[126.6596,37.4577],[126.6625,37.4587]]]]}},{"type":"Feature","properties":{"c":"2817761000","n":"인천광역시 미추홀구 도화2·3동","sg":"미추홀구","sd":"인천광역시","p":28863,"a":2.883,"d":10010},"geometry":{"type":"MultiPolygon","coordinates":[[[[126.6705,37.4768],[126.6744,37.4755],[126.6737,37.4657],[126.656,37.4668],[126.6515,37.4685],[126.6503,37.4695],[126.6524,37.4705],[126.6526,37.4732],[126.6513,37.4745],[126.6543,37.4785],[126.6528,37.4799],[126.6529,37.4817],[126.655,37.4841],[126.6589,37.4827],[126.6705,37.4768]]]]}},{"type":"Feature","properties":{"c":"2818563000","n":"인천광역시 연수구 옥련1동","sg":"연수구","sd":"인천광역시","p":17136,"a":2.202,"d":7784},"geometry":{"type":"MultiPolygon","coordinates":[[[[126.6605,37.4272],[126.6606,37.4257],[126.6592,37.4233],[126.6613,37.4175],[126.6576,37.4169],[126.6481,37.4131],[126.6465,37.4153],[126.6411,37.413],[126.639,37.416],[126.6373,37.4215],[126.6447,37.4243],[126.6521,37.4246],[126.6548,37.4283],[126.6605,37.4272]]]]}},{"type":"Feature","properties":{"c":"2818575000","n":"인천광역시 연수구 선학동","sg":"연수구","sd":"인천광역시","p":17389,"a":2.368,"d":7343},"geometry":{"type":"MultiPolygon","coordinates":[[[[126.7024,37.4389],[126.7046,37.4388],[126.7049,37.4366],[126.7062,37.4341],[126.7051,37.4264],[126.6989,37.4197],[126.6953,37.4171],[126.6946,37.4188],[126.6983,37.4233],[126.6915,37.4229],[126.6922,37.4238],[126.6887,37.4262],[126.6856,37.4302],[126.6872,37.4332],[126.6967,37.4334],[126.6961,37.437],[126.6949,37.4388],[126.7024,37.4389]]]]}},{"type":"Feature","properties":{"c":"2818576100","n":"인천광역시 연수구 연수1동","sg":"연수구","sd":"인천광역시","p":15976,"a":1.63,"d":9798},"geometry":{"type":"MultiPolygon","coordinates":[[[[126.6856,37.4302],[126.6887,37.4262],[126.6922,37.4238],[126.6911,37.4229],[126.6864,37.4239],[126.6849,37.422],[126.6795,37.4178],[126.6736,37.4209],[126.6693,37.4251],[126.6713,37.4258],[126.6751,37.4303],[126.6771,37.4315],[126.6856,37.4302]]]]}},{"type":"Feature","properties":{"c":"2818576200","n":"인천광역시 연수구 연수2동","sg":"연수구","sd":"인천광역시","p":19011,"a":1.029,"d":18480},"geometry":{"type":"MultiPolygon","coordinates":[[[[126.6953,37.4171],[126.6873,37.4108],[126.6855,37.4066],[126.6773,37.4117],[126.6756,37.4137],[126.6778,37.4185],[126.685,37.4141],[126.6876,37.4164],[126.6946,37.4188],[126.6953,37.4171]]]]}},{"type":"Feature","properties":{"c":"2818576300","n":"인천광역시 연수구 연수3동","sg":"연수구","sd":"인천광역시","p":14220,"a":0.914,"d":15564},"geometry":{"type":"MultiPolygon","coordinates":[[[[126.6915,37.4229],[126.6983,37.4233],[126.6946,37.4188],[126.6876,37.4164],[126.685,37.4141],[126.6795,37.4178],[126.6849,37.422],[126.6864,37.4239],[126.6915,37.4229]]]]}},{"type":"Feature","properties":{"c":"2818576600","n":"인천광역시 연수구 청학동","sg":"연수구","sd":"인천광역시","p":21670,"a":2.399,"d":9031},"geometry":{"type":"MultiPolygon","coordinates":[[[[126.6751,37.4303],[126.6722,37.4266],[126.6693,37.4251],[126.673,37.4213],[126.6778,37.4185],[126.6756,37.4137],[126.6726,37.4169],[126.6698,37.4177],[126.6695,37.4169],[126.6675,37.4156],[126.6622,37.4164],[126.6592,37.4233],[126.6606,37.4257],[126.6604,37.4283],[126.6572,37.4316],[126.6564,37.4353],[126.6605,37.4355],[126.665,37.4333],[126.6751,37.4303]]]]}},{"type":"Feature","properties":{"c":"2818578000","n":"인천광역시 연수구 동춘1동","sg":"연수구","sd":"인천광역시","p":25275,"a":3.86,"d":6548},"geometry":{"type":"MultiPolygon","coordinates":[[[[126.6756,37.4137],[126.6708,37.4091],[126.6681,37.4057],[126.667,37.4023],[126.6651,37.4001],[126.666,37.3958],[126.6633,37.3951],[126.6505,37.4042],[126.6411,37.413],[126.6465,37.4153],[126.6481,37.4131],[126.6576,37.4169],[126.6613,37.4175],[126.6623,37.4164],[126.6675,37.4156],[126.6695,37.4169],[126.6698,37.4177],[126.6726,37.4169],[126.6756,37.4137]]]]}},{"type":"Feature","properties":{"c":"2818579000","n":"인천광역시 연수구 동춘2동","sg":"연수구","sd":"인천광역시","p":16335,"a":1.245,"d":13123},"geometry":{"type":"MultiPolygon","coordinates":[[[[126.6803,37.4028],[126.6778,37.4013],[126.6678,37.3923],[126.6633,37.3951],[126.666,37.3958],[126.6651,37.4001],[126.667,37.4023],[126.6681,37.4057],[126.6708,37.4091],[126.6803,37.4028]]]]}},{"type":"Feature","properties":{"c":"2818579500","n":"인천광역시 연수구 동춘3동","sg":"연수구","sd":"인천광역시","p":17292,"a":0.725,"d":23838},"geometry":{"type":"MultiPolygon","coordinates":[[[[126.6855,37.4066],[126.684,37.4043],[126.6803,37.4028],[126.6708,37.4091],[126.6756,37.4137],[126.6773,37.4117],[126.6855,37.4066]]]]}},{"type":"Feature","properties":{"c":"2818564000","n":"인천광역시 연수구 옥련2동","sg":"연수구","sd":"인천광역시","p":19584,"a":1.898,"d":10321},"geometry":{"type":"MultiPolygon","coordinates":[[[[126.6564,37.4353],[126.6572,37.4316],[126.6597,37.4295],[126.6605,37.4272],[126.6548,37.4283],[126.6521,37.4246],[126.6447,37.4243],[126.6373,37.4215],[126.6347,37.431],[126.6359,37.4314],[126.6372,37.4306],[126.6406,37.4305],[126.6447,37.4318],[126.647,37.4346],[126.6481,37.4351],[126.6564,37.4353]]]]}},{"type":"Feature","properties":{"c":"2818585000","n":"인천광역시 연수구 송도4동","sg":"연수구","sd":"인천광역시","p":56167,"a":6.848,"d":8202},"geometry":{"type":"MultiPolygon","coordinates":[[[[126.6098,37.4066],[126.6248,37.4091],[126.6396,37.3859],[126.6261,37.3734],[126.6161,37.3793],[126.6099,37.3872],[126.6098,37.4066]]]]}},{"type":"Feature","properties":{"c":"2818582000","n":"인천광역시 연수구 송도1동","sg":"연수구","sd":"인천광역시","p":36111,"a":5.598,"d":6450},"geometry":{"type":"MultiPolygon","coordinates":[[[[126.6633,37.3951],[126.667,37.3928],[126.6413,37.366],[126.636,37.368],[126.6268,37.374],[126.6551,37.4006],[126.6633,37.3951]]]]}},{"type":"Feature","properties":{"c":"2818584000","n":"인천광역시 연수구 송도3동","sg":"연수구","sd":"인천광역시","p":49989,"a":29.177,"d":1713},"geometry":{"type":"MultiPolygon","coordinates":[[[[126.6678,37.3923],[126.673,37.3894],[126.7103,37.3832],[126.7099,37.3816],[126.7114,37.381],[126.7177,37.3811],[126.7161,37.3804],[126.7159,37.3791],[126.6611,37.3432],[126.6173,37.3429],[126.6173,37.3473],[126.5846,37.3474],[126.5845,37.3547],[126.6073,37.3548],[126.6119,37.3553],[126.6247,37.3741],[126.6261,37.3734],[126.6268,37.374],[126.636,37.368],[126.6413,37.366],[126.667,37.3928],[126.6678,37.3923]]]]}},{"type":"Feature","properties":{"c":"2820051000","n":"인천광역시 남동구 구월1동","sg":"남동구","sd":"인천광역시","p":30025,"a":2.842,"d":10565},"geometry":{"type":"MultiPolygon","coordinates":[[[[126.719,37.4522],[126.7177,37.4393],[126.7151,37.4372],[126.7134,37.437],[126.7117,37.438],[126.7106,37.4376],[126.7092,37.436],[126.7089,37.4346],[126.7062,37.4341],[126.7049,37.4366],[126.7046,37.4388],[126.7024,37.4389],[126.7029,37.4428],[126.7002,37.4436],[126.7022,37.4568],[126.7087,37.457],[126.7081,37.453],[126.719,37.4522]]]]}},{"type":"Feature","properties":{"c":"2820052000","n":"인천광역시 남동구 구월2동","sg":"남동구","sd":"인천광역시","p":36473,"a":0.827,"d":44108},"geometry":{"type":"MultiPolygon","coordinates":[[[[126.7218,37.4607],[126.7216,37.4557],[126.7193,37.4558],[126.719,37.4522],[126.7081,37.453],[126.7087,37.457],[126.7114,37.4567],[126.7127,37.4572],[126.7125,37.4607],[126.7201,37.4611],[126.7218,37.4607]]]]}},{"type":"Feature","properties":{"c":"2820052100","n":"인천광역시 남동구 구월3동","sg":"남동구","sd":"인천광역시","p":28004,"a":0.745,"d":37569},"geometry":{"type":"MultiPolygon","coordinates":[[[[126.7019,37.4547],[126.7002,37.4436],[126.6958,37.4449],[126.6934,37.4466],[126.6941,37.4472],[126.6929,37.4482],[126.6926,37.4505],[126.6943,37.4515],[126.695,37.4557],[126.7003,37.4543],[126.7019,37.4547]]]]}},{"type":"Feature","properties":{"c":"2820052200","n":"인천광역시 남동구 구월4동","sg":"남동구","sd":"인천광역시","p":12585,"a":1.031,"d":12203},"geometry":{"type":"MultiPolygon","coordinates":[[[[126.7216,37.4557],[126.7253,37.4536],[126.7266,37.4504],[126.7297,37.4478],[126.7289,37.4475],[126.7277,37.4446],[126.7229,37.4433],[126.7201,37.4422],[126.7189,37.4409],[126.7178,37.4408],[126.7193,37.4558],[126.7216,37.4557]]]]}},{"type":"Feature","properties":{"c":"2820053000","n":"인천광역시 남동구 간석1동","sg":"남동구","sd":"인천광역시","p":18413,"a":0.938,"d":19622},"geometry":{"type":"MultiPolygon","coordinates":[[[[126.708,37.4668],[126.7084,37.4604],[126.7055,37.4603],[126.7056,37.4589],[126.7087,37.457],[126.7022,37.4568],[126.7019,37.4547],[126.7003,37.4543],[126.6945,37.456],[126.6952,37.4603],[126.706,37.4652],[126.708,37.4668]]]]}},{"type":"Feature","properties":{"c":"2820054000","n":"인천광역시 남동구 간석2동","sg":"남동구","sd":"인천광역시","p":20315,"a":0.616,"d":33004},"geometry":{"type":"MultiPolygon","coordinates":[[[[126.7127,37.4572],[126.7114,37.4567],[126.7087,37.457],[126.7056,37.4589],[126.7055,37.4603],[126.7084,37.4604],[126.708,37.4671],[126.7201,37.4611],[126.7125,37.4607],[126.7127,37.4572]]]]}},{"type":"Feature","properties":{"c":"2820055000","n":"인천광역시 남동구 간석3동","sg":"남동구","sd":"인천광역시","p":24716,"a":1.647,"d":15008},"geometry":{"type":"MultiPolygon","coordinates":[[[[126.7229,37.4703],[126.7237,37.4682],[126.7214,37.465],[126.7218,37.4607],[126.7201,37.4611],[126.708,37.4671],[126.7081,37.471],[126.7109,37.4796],[126.7127,37.4764],[126.7163,37.4762],[126.7229,37.4703]]]]}},{"type":"Feature","properties":{"c":"2820055100","n":"인천광역시 남동구 간석4동","sg":"남동구","sd":"인천광역시","p":27636,"a":1.063,"d":26006},"geometry":{"type":"MultiPolygon","coordinates":[[[[126.6934,37.4699],[126.6976,37.4681],[126.7033,37.4679],[126.7066,37.4694],[126.708,37.4693],[126.708,37.4668],[126.706,37.4652],[126.6972,37.4613],[126.6929,37.4647],[126.6928,37.4655],[126.6868,37.4662],[126.6872,37.469],[126.6844,37.4695],[126.6861,37.472],[126.6883,37.4708],[126.6907,37.4706],[126.6927,37.4697],[126.6934,37.4699]]]]}},{"type":"Feature","properties":{"c":"2820056000","n":"인천광역시 남동구 만수1동","sg":"남동구","sd":"인천광역시","p":15020,"a":0.663,"d":22655},"geometry":{"type":"MultiPolygon","coordinates":[[[[126.7333,37.4549],[126.7384,37.4517],[126.7427,37.4507],[126.7402,37.448],[126.7298,37.4485],[126.7297,37.4478],[126.7266,37.4504],[126.726,37.4519],[126.7298,37.4517],[126.7302,37.4551],[126.7333,37.4549]]]]}},{"type":"Feature","properties":{"c":"2820057000","n":"인천광역시 남동구 만수2동","sg":"남동구","sd":"인천광역시","p":21916,"a":1.321,"d":16593},"geometry":{"type":"MultiPolygon","coordinates":[[[[126.7451,37.4654],[126.7435,37.4649],[126.7424,37.4627],[126.7435,37.4603],[126.7426,37.4601],[126.7422,37.4613],[126.7413,37.4604],[126.7388,37.4622],[126.7356,37.4617],[126.7307,37.4584],[126.7307,37.4566],[126.7273,37.459],[126.7297,37.4614],[126.7282,37.4626],[126.7277,37.4647],[126.7313,37.4645],[126.7319,37.4675],[126.7312,37.4704],[126.7323,37.4716],[126.7357,37.4708],[126.7385,37.4709],[126.7419,37.4692],[126.7451,37.4654]]]]}},{"type":"Feature","properties":{"c":"2820058000","n":"인천광역시 남동구 만수3동","sg":"남동구","sd":"인천광역시","p":15545,"a":0.883,"d":17600},"geometry":{"type":"MultiPolygon","coordinates":[[[[126.7312,37.4724],[126.7323,37.4716],[126.7312,37.4704],[126.7319,37.4675],[126.7313,37.4645],[126.7288,37.4648],[126.7276,37.4644],[126.7282,37.4626],[126.7297,37.4614],[126.7273,37.459],[126.7218,37.4607],[126.7214,37.465],[126.7237,37.4682],[126.7229,37.4703],[126.727,37.4703],[126.7283,37.4719],[126.7312,37.4724]]]]}},{"type":"Feature","properties":{"c":"2820058100","n":"인천광역시 남동구 만수4동","sg":"남동구","sd":"인천광역시","p":18014,"a":0.942,"d":19117},"geometry":{"type":"MultiPolygon","coordinates":[[[[126.7426,37.4601],[126.7427,37.4507],[126.7384,37.4517],[126.7307,37.4566],[126.7307,37.4584],[126.7356,37.4617],[126.7388,37.4622],[126.7413,37.4604],[126.7425,37.4612],[126.7426,37.4601]]]]}},{"type":"Feature","properties":{"c":"2820058200","n":"인천광역시 남동구 만수5동","sg":"남동구","sd":"인천광역시","p":13880,"a":0.529,"d":26219},"geometry":{"type":"MultiPolygon","coordinates":[[[[126.7273,37.459],[126.7333,37.4549],[126.7302,37.4551],[126.7298,37.4517],[126.726,37.4519],[126.7253,37.4536],[126.7216,37.4557],[126.7218,37.4607],[126.7273,37.459]]]]}},{"type":"Feature","properties":{"c":"2820058300","n":"인천광역시 남동구 만수6동","sg":"남동구","sd":"인천광역시","p":21606,"a":1.719,"d":12567},"geometry":{"type":"MultiPolygon","coordinates":[[[[126.7402,37.448],[126.7447,37.4476],[126.7464,37.4456],[126.7503,37.4451],[126.7502,37.4431],[126.7493,37.4418],[126.7467,37.4414],[126.7428,37.4388],[126.7435,37.4383],[126.7436,37.4354],[126.7432,37.4341],[126.7418,37.4328],[126.7357,37.433],[126.7365,37.4375],[126.7341,37.4407],[126.7333,37.4441],[126.7297,37.4484],[126.7402,37.448]]]]}},{"type":"Feature","properties":{"c":"2820065500","n":"인천광역시 남동구 서창2동","sg":"남동구","sd":"인천광역시","p":37301,"a":2.584,"d":14438},"geometry":{"type":"MultiPolygon","coordinates":[[[[126.7418,37.4328],[126.7592,37.4322],[126.7601,37.4287],[126.7618,37.4277],[126.7622,37.4267],[126.7597,37.4265],[126.7537,37.4225],[126.7551,37.4181],[126.7533,37.4169],[126.7454,37.4202],[126.74,37.4207],[126.7387,37.4222],[126.7389,37.4247],[126.7381,37.4278],[126.7355,37.431],[126.7357,37.433],[126.7418,37.4328]]]]}},{"type":"Feature","properties":{"c":"2820066000","n":"인천광역시 남동구 남촌도림동","sg":"남동구","sd":"인천광역시","p":18548,"a":9.759,"d":1901},"geometry":{"type":"MultiPolygon","coordinates":[[[[126.7357,37.433],[126.7355,37.431],[126.7381,37.4278],[126.7389,37.4247],[126.7386,37.4224],[126.741,37.4193],[126.7388,37.4182],[126.7364,37.418],[126.7353,37.4158],[126.7313,37.4116],[126.7288,37.4104],[126.7275,37.4099],[126.724,37.4102],[126.7184,37.4084],[126.7177,37.409],[126.7174,37.4114],[126.7149,37.413],[126.7134,37.4128],[126.7134,37.4165],[126.7125,37.4181],[126.709,37.4102],[126.6953,37.4171],[126.6989,37.4197],[126.7049,37.426],[126.7062,37.4341],[126.7089,37.4346],[126.7092,37.436],[126.7117,37.438],[126.7134,37.437],[126.7151,37.4372],[126.7177,37.4393],[126.7178,37.4408],[126.7189,37.4409],[126.7201,37.4422],[126.7229,37.4433],[126.7279,37.4447],[126.7289,37.4475],[126.7296,37.4478],[126.7333,37.4441],[126.7341,37.4407],[126.7365,37.4375],[126.7357,37.433]]]]}},{"type":"Feature","properties":{"c":"2820069000","n":"인천광역시 남동구 논현1동","sg":"남동구","sd":"인천광역시","p":31010,"a":4.076,"d":7608},"geometry":{"type":"MultiPolygon","coordinates":[[[[126.7533,37.4169],[126.7506,37.4098],[126.7506,37.4076],[126.7458,37.4012],[126.742,37.3996],[126.7384,37.3965],[126.7375,37.3977],[126.7315,37.4018],[126.7285,37.402],[126.7244,37.401],[126.7229,37.4077],[126.7233,37.4094],[126.724,37.4102],[126.7275,37.4099],[126.7313,37.4116],[126.7353,37.4158],[126.7364,37.418],[126.7388,37.4182],[126.741,37.4193],[126.74,37.4207],[126.7454,37.4202],[126.7533,37.4169]]]]}},{"type":"Feature","properties":{"c":"2820070000","n":"인천광역시 남동구 논현2동","sg":"남동구","sd":"인천광역시","p":30553,"a":3.334,"d":9163},"geometry":{"type":"MultiPolygon","coordinates":[[[[126.724,37.4102],[126.7229,37.4077],[126.7244,37.401],[126.7123,37.399],[126.703,37.4031],[126.7012,37.4048],[126.6972,37.4066],[126.6895,37.4113],[126.6871,37.4106],[126.6953,37.4171],[126.709,37.4103],[126.7125,37.4181],[126.7134,37.4165],[126.7134,37.4128],[126.7149,37.413],[126.7174,37.4114],[126.7178,37.4088],[126.7184,37.4084],[126.724,37.4102]]]]}},{"type":"Feature","properties":{"c":"2820071000","n":"인천광역시 남동구 논현고잔동","sg":"남동구","sd":"인천광역시","p":39119,"a":10.885,"d":3594},"geometry":{"type":"MultiPolygon","coordinates":[[[[126.7244,37.401],[126.7285,37.402],[126.7315,37.4018],[126.7375,37.3977],[126.7384,37.3965],[126.736,37.3952],[126.73,37.3888],[126.7209,37.3811],[126.7114,37.381],[126.7099,37.3816],[126.7103,37.3832],[126.673,37.3894],[126.6678,37.3923],[126.678,37.4014],[126.6844,37.4046],[126.6871,37.4106],[126.6895,37.4113],[126.6972,37.4066],[126.7012,37.4048],[126.703,37.4031],[126.7123,37.399],[126.7244,37.401]]]]}},{"type":"Feature","properties":{"c":"2823751000","n":"인천광역시 부평구 부평1동","sg":"부평구","sd":"인천광역시","p":34435,"a":1.097,"d":31394},"geometry":{"type":"MultiPolygon","coordinates":[[[[126.723,37.494],[126.7231,37.4915],[126.7295,37.491],[126.7295,37.4891],[126.7173,37.4895],[126.7164,37.4911],[126.7161,37.5035],[126.7151,37.5036],[126.721,37.5066],[126.723,37.494]]]]}},{"type":"Feature","properties":{"c":"2823752000","n":"인천광역시 부평구 부평2동","sg":"부평구","sd":"인천광역시","p":16709,"a":2.257,"d":7402},"geometry":{"type":"MultiPolygon","coordinates":[[[[126.7304,37.4792],[126.7327,37.4772],[126.7331,37.4745],[126.7312,37.4724],[126.7283,37.4719],[126.727,37.4703],[126.7235,37.4701],[126.7163,37.4762],[126.7127,37.4764],[126.7109,37.4796],[126.7136,37.4869],[126.7173,37.4895],[126.7216,37.4896],[126.7211,37.4889],[126.7223,37.4872],[126.7223,37.4841],[126.7233,37.4814],[126.7293,37.4791],[126.7304,37.4792]]]]}},{"type":"Feature","properties":{"c":"2823753000","n":"인천광역시 부평구 부평3동","sg":"부평구","sd":"인천광역시","p":13914,"a":0.999,"d":13928},"geometry":{"type":"MultiPolygon","coordinates":[[[[126.7173,37.4895],[126.7131,37.4861],[126.7096,37.4759],[126.7063,37.4763],[126.7071,37.4802],[126.7065,37.4808],[126.7046,37.4809],[126.704,37.4841],[126.7014,37.4851],[126.7015,37.4866],[126.7035,37.4873],[126.7071,37.4871],[126.7122,37.4909],[126.7164,37.4911],[126.7173,37.4895]]]]}},{"type":"Feature","properties":{"c":"2823754000","n":"인천광역시 부평구 부평4동","sg":"부평구","sd":"인천광역시","p":32930,"a":1.042,"d":31618},"geometry":{"type":"MultiPolygon","coordinates":[[[[126.7312,37.507],[126.7304,37.4981],[126.7266,37.4944],[126.723,37.494],[126.7208,37.5074],[126.7312,37.507]]]]}},{"type":"Feature","properties":{"c":"2823755000","n":"인천광역시 부평구 부평5동","sg":"부평구","sd":"인천광역시","p":32926,"a":0.821,"d":40123},"geometry":{"type":"MultiPolygon","coordinates":[[[[126.7338,37.4979],[126.7333,37.4934],[126.7346,37.492],[126.7338,37.4897],[126.7323,37.489],[126.7295,37.4891],[126.7295,37.491],[126.7231,37.4915],[126.723,37.494],[126.7266,37.4944],[126.7304,37.4981],[126.7311,37.5053],[126.7329,37.505],[126.7343,37.5027],[126.7338,37.4979]]]]}},{"type":"Feature","properties":{"c":"2823756000","n":"인천광역시 부평구 부평6동","sg":"부평구","sd":"인천광역시","p":19135,"a":0.836,"d":22879},"geometry":{"type":"MultiPolygon","coordinates":[[[[126.7295,37.4891],[126.7323,37.489],[126.7313,37.4814],[126.7304,37.4792],[126.7296,37.4791],[126.7233,37.4814],[126.7223,37.4841],[126.7223,37.4872],[126.7211,37.4889],[126.7216,37.4896],[126.7268,37.4889],[126.7295,37.4891]]]]}},{"type":"Feature","properties":{"c":"2823757000","n":"인천광역시 부평구 산곡1동","sg":"부평구","sd":"인천광역시","p":14142,"a":2.343,"d":6037},"geometry":{"type":"MultiPolygon","coordinates":[[[[126.7039,37.513],[126.7032,37.5044],[126.6997,37.5046],[126.6995,37.5031],[126.7005,37.5026],[126.7022,37.4993],[126.7025,37.496],[126.6993,37.4953],[126.699,37.4936],[126.6948,37.4917],[126.6922,37.4924],[126.6928,37.4954],[126.6895,37.4983],[126.6922,37.5019],[126.6912,37.5036],[126.6885,37.5052],[126.689,37.5067],[126.6883,37.5084],[126.6906,37.5107],[126.6905,37.5117],[126.6933,37.5138],[126.6949,37.5135],[126.6986,37.5141],[126.7039,37.513]]]]}},{"type":"Feature","properties":{"c":"2823758000","n":"인천광역시 부평구 산곡2동","sg":"부평구","sd":"인천광역시","p":28463,"a":0.855,"d":33279},"geometry":{"type":"MultiPolygon","coordinates":[[[[126.7089,37.5061],[126.7083,37.4989],[126.7091,37.4986],[126.7076,37.4977],[126.7026,37.4963],[126.7022,37.4993],[126.7005,37.5026],[126.6995,37.5031],[126.6997,37.5046],[126.7032,37.5044],[126.7037,37.5105],[126.7093,37.5102],[126.7089,37.5061]]]]}},{"type":"Feature","properties":{"c":"2823758100","n":"인천광역시 부평구 산곡3동","sg":"부평구","sd":"인천광역시","p":19594,"a":1.601,"d":12241},"geometry":{"type":"MultiPolygon","coordinates":[[[[126.7162,37.4978],[126.7164,37.4911],[126.7119,37.4908],[126.7071,37.4871],[126.7035,37.4873],[126.6999,37.4866],[126.6994,37.4884],[126.6948,37.4917],[126.699,37.4936],[126.6993,37.4953],[126.7076,37.4977],[126.7091,37.4988],[126.7146,37.4989],[126.7162,37.4978]]]]}},{"type":"Feature","properties":{"c":"2823758200","n":"인천광역시 부평구 산곡4동","sg":"부평구","sd":"인천광역시","p":16126,"a":0.492,"d":32807},"geometry":{"type":"MultiPolygon","coordinates":[[[[126.7151,37.5036],[126.7161,37.5035],[126.7162,37.4978],[126.7146,37.4989],[126.7083,37.4989],[126.7089,37.5061],[126.7123,37.5063],[126.7151,37.5036]]]]}},{"type":"Feature","properties":{"c":"2823759100","n":"인천광역시 부평구 청천1동","sg":"부평구","sd":"인천광역시","p":22709,"a":2.099,"d":10820},"geometry":{"type":"MultiPolygon","coordinates":[[[[126.705,37.5236],[126.7039,37.513],[126.6986,37.5141],[126.6949,37.5135],[126.6933,37.5138],[126.6905,37.5117],[126.6906,37.5107],[126.6883,37.5084],[126.6868,37.5091],[126.687,37.5122],[126.6833,37.5147],[126.6834,37.5174],[126.6861,37.5205],[126.6861,37.5217],[126.6888,37.5228],[126.6892,37.5236],[126.705,37.5236]]]]}},{"type":"Feature","properties":{"c":"2823759200","n":"인천광역시 부평구 청천2동","sg":"부평구","sd":"인천광역시","p":32595,"a":2.818,"d":11568},"geometry":{"type":"MultiPolygon","coordinates":[[[[126.7207,37.5065],[126.7151,37.5036],[126.7123,37.5063],[126.7089,37.5061],[126.7093,37.5102],[126.7037,37.5105],[126.705,37.5236],[126.7221,37.5238],[126.7203,37.5089],[126.7207,37.5065]]]]}},{"type":"Feature","properties":{"c":"2823764100","n":"인천광역시 부평구 갈산1동","sg":"부평구","sd":"인천광역시","p":13871,"a":1.092,"d":12701},"geometry":{"type":"MultiPolygon","coordinates":[[[[126.7259,37.5238],[126.733,37.5239],[126.732,37.5148],[126.7286,37.5138],[126.7255,37.5146],[126.7228,37.5128],[126.7211,37.5101],[126.7207,37.5065],[126.7203,37.5089],[126.7221,37.5238],[126.7259,37.5238]]]]}},{"type":"Feature","properties":{"c":"2823764200","n":"인천광역시 부평구 갈산2동","sg":"부평구","sd":"인천광역시","p":16969,"a":0.678,"d":25035},"geometry":{"type":"MultiPolygon","coordinates":[[[[126.7312,37.507],[126.7208,37.5074],[126.7211,37.5101],[126.7222,37.5121],[126.7255,37.5146],[126.7286,37.5138],[126.732,37.5148],[126.7312,37.507]]]]}},{"type":"Feature","properties":{"c":"2823764600","n":"인천광역시 부평구 삼산1동","sg":"부평구","sd":"인천광역시","p":30892,"a":1.987,"d":15548},"geometry":{"type":"MultiPolygon","coordinates":[[[[126.7603,37.5241],[126.761,37.518],[126.7601,37.518],[126.7603,37.5159],[126.7596,37.5156],[126.755,37.5166],[126.75,37.5165],[126.7323,37.5177],[126.733,37.5239],[126.7603,37.5241]]]]}},{"type":"Feature","properties":{"c":"2823765000","n":"인천광역시 부평구 부개1동","sg":"부평구","sd":"인천광역시","p":14636,"a":0.867,"d":16873},"geometry":{"type":"MultiPolygon","coordinates":[[[[126.7424,37.4884],[126.7418,37.4841],[126.7383,37.4821],[126.7363,37.4795],[126.7325,37.4775],[126.7304,37.4792],[126.7313,37.4814],[126.7323,37.489],[126.7424,37.4884]]]]}},{"type":"Feature","properties":{"c":"2823766000","n":"인천광역시 부평구 부개2동","sg":"부평구","sd":"인천광역시","p":18743,"a":0.727,"d":25794},"geometry":{"type":"MultiPolygon","coordinates":[[[[126.7426,37.4972],[126.7416,37.4951],[126.7424,37.4884],[126.7323,37.489],[126.7338,37.4897],[126.7346,37.492],[126.7333,37.4934],[126.7338,37.4979],[126.7426,37.4972]]]]}},{"type":"Feature","properties":{"c":"2823766100","n":"인천광역시 부평구 부개3동","sg":"부평구","sd":"인천광역시","p":27057,"a":0.864,"d":31331},"geometry":{"type":"MultiPolygon","coordinates":[[[[126.7422,37.5064],[126.7436,37.5015],[126.7426,37.4972],[126.7338,37.4979],[126.7343,37.5027],[126.7329,37.505],[126.7311,37.5053],[126.7312,37.507],[126.7422,37.5064]]]]}},{"type":"Feature","properties":{"c":"2823767000","n":"인천광역시 부평구 일신동","sg":"부평구","sd":"인천광역시","p":11074,"a":4.296,"d":2578},"geometry":{"type":"MultiPolygon","coordinates":[[[[126.7618,37.4763],[126.7622,37.4756],[126.7652,37.4752],[126.7673,37.4733],[126.7677,37.4718],[126.7664,37.4699],[126.7626,37.4702],[126.7569,37.4692],[126.7545,37.4657],[126.7527,37.4652],[126.7487,37.4659],[126.746,37.4648],[126.7417,37.4693],[126.7385,37.4709],[126.7357,37.4708],[126.7323,37.4716],[126.7312,37.4724],[126.7331,37.4745],[126.7325,37.4775],[126.7363,37.4795],[126.7383,37.4821],[126.7418,37.4841],[126.7426,37.4866],[126.747,37.4854],[126.7498,37.4853],[126.7545,37.4837],[126.7555,37.4828],[126.7552,37.4808],[126.7583,37.4788],[126.7591,37.4768],[126.7618,37.4763]]]]}},{"type":"Feature","properties":{"c":"2823768000","n":"인천광역시 부평구 십정1동","sg":"부평구","sd":"인천광역시","p":23598,"a":1.81,"d":13039},"geometry":{"type":"MultiPolygon","coordinates":[[[[126.7014,37.4851],[126.704,37.4841],[126.7046,37.4809],[126.7001,37.4755],[126.6934,37.4699],[126.6927,37.4697],[126.6907,37.4706],[126.6883,37.4708],[126.684,37.4733],[126.6907,37.4791],[126.6908,37.4807],[126.6898,37.483],[126.6926,37.4853],[126.6944,37.4857],[126.6961,37.4851],[126.7014,37.4851]]]]}},{"type":"Feature","properties":{"c":"2823769000","n":"인천광역시 부평구 십정2동","sg":"부평구","sd":"인천광역시","p":20404,"a":1.104,"d":18474},"geometry":{"type":"MultiPolygon","coordinates":[[[[126.7096,37.4759],[126.708,37.4693],[126.7066,37.4694],[126.7033,37.4679],[126.6976,37.4681],[126.6934,37.4699],[126.7001,37.4755],[126.7046,37.4809],[126.7065,37.4808],[126.7071,37.4802],[126.7063,37.4763],[126.7096,37.4759]]]]}},{"type":"Feature","properties":{"c":"2823764800","n":"인천광역시 부평구 삼산2동","sg":"부평구","sd":"인천광역시","p":26739,"a":1.379,"d":19389},"geometry":{"type":"MultiPolygon","coordinates":[[[[126.752,37.5164],[126.7519,37.5154],[126.7506,37.515],[126.7455,37.5146],[126.7437,37.5104],[126.7416,37.5089],[126.7422,37.5064],[126.7312,37.507],[126.7323,37.5177],[126.752,37.5164]]]]}},{"type":"Feature","properties":{"c":"2824560100","n":"인천광역시 계양구 효성1동","sg":"계양구","sd":"인천광역시","p":25397,"a":2.101,"d":12090},"geometry":{"type":"MultiPolygon","coordinates":[[[[126.7173,37.5363],[126.7187,37.5292],[126.7184,37.5279],[126.7024,37.5278],[126.6999,37.5343],[126.698,37.5349],[126.6967,37.5363],[126.6993,37.5404],[126.7031,37.5411],[126.7037,37.5418],[126.7068,37.5398],[126.7113,37.54],[126.7142,37.5383],[126.7144,37.5372],[126.7159,37.5362],[126.7173,37.5363]]]]}},{"type":"Feature","properties":{"c":"2824560200","n":"인천광역시 계양구 효성2동","sg":"계양구","sd":"인천광역시","p":29075,"a":2.881,"d":10091},"geometry":{"type":"MultiPolygon","coordinates":[[[[126.6993,37.5404],[126.6967,37.5363],[126.698,37.5349],[126.6999,37.5343],[126.7024,37.5278],[126.7195,37.5279],[126.7192,37.5238],[126.6892,37.5236],[126.6875,37.5262],[126.6869,37.5307],[126.6829,37.5311],[126.6825,37.532],[126.6836,37.5352],[126.6914,37.536],[126.6925,37.537],[126.692,37.5386],[126.6927,37.5412],[126.6978,37.5421],[126.6993,37.5404]]]]}},{"type":"Feature","properties":{"c":"2824561100","n":"인천광역시 계양구 계산1동","sg":"계양구","sd":"인천광역시","p":17229,"a":1.45,"d":11881},"geometry":{"type":"MultiPolygon","coordinates":[[[[126.729,37.5433],[126.7285,37.5431],[126.7279,37.5363],[126.716,37.5362],[126.7144,37.5372],[126.7142,37.5383],[126.7114,37.54],[126.7068,37.5398],[126.7037,37.5418],[126.7063,37.5419],[126.7073,37.5429],[126.706,37.5449],[126.7085,37.5465],[126.7151,37.544],[126.729,37.5433]]]]}},{"type":"Feature","properties":{"c":"2824561200","n":"인천광역시 계양구 계산2동","sg":"계양구","sd":"인천광역시","p":13759,"a":1.652,"d":8329},"geometry":{"type":"MultiPolygon","coordinates":[[[[126.7233,37.5525],[126.7253,37.5517],[126.73,37.5476],[126.7311,37.5456],[126.7338,37.5441],[126.7341,37.543],[126.7151,37.544],[126.7085,37.5465],[126.7121,37.5526],[126.7148,37.5529],[126.7233,37.5525]]]]}},{"type":"Feature","properties":{"c":"2824561300","n":"인천광역시 계양구 계산3동","sg":"계양구","sd":"인천광역시","p":16818,"a":0.499,"d":33702},"geometry":{"type":"MultiPolygon","coordinates":[[[[126.7341,37.543],[126.7369,37.5429],[126.7347,37.5399],[126.7342,37.5352],[126.728,37.5363],[126.7285,37.5431],[126.7341,37.543]]]]}},{"type":"Feature","properties":{"c":"2824562100","n":"인천광역시 계양구 작전1동","sg":"계양구","sd":"인천광역시","p":25402,"a":0.824,"d":30818},"geometry":{"type":"MultiPolygon","coordinates":[[[[126.7342,37.5352],[126.733,37.5239],[126.7259,37.5238],[126.726,37.5255],[126.7252,37.5255],[126.7251,37.5299],[126.7263,37.5307],[126.7279,37.5307],[126.728,37.5363],[126.7342,37.5352]]]]}},{"type":"Feature","properties":{"c":"2824562200","n":"인천광역시 계양구 작전2동","sg":"계양구","sd":"인천광역시","p":23325,"a":0.996,"d":23422},"geometry":{"type":"MultiPolygon","coordinates":[[[[126.728,37.5363],[126.7279,37.5307],[126.7263,37.5307],[126.7251,37.5299],[126.7252,37.5255],[126.726,37.5255],[126.7259,37.5238],[126.7192,37.5238],[126.7195,37.5279],[126.7184,37.5279],[126.7187,37.5292],[126.7173,37.5363],[126.728,37.5363]]]]}},{"type":"Feature","properties":{"c":"2824564000","n":"인천광역시 계양구 작전서운동","sg":"계양구","sd":"인천광역시","p":31691,"a":3.28,"d":9663},"geometry":{"type":"MultiPolygon","coordinates":[[[[126.7609,37.5379],[126.7603,37.5241],[126.733,37.5239],[126.7341,37.5341],[126.7437,37.5335],[126.7446,37.5382],[126.7609,37.5379]]]]}},{"type":"Feature","properties":{"c":"2824572000","n":"인천광역시 계양구 계양2동","sg":"계양구","sd":"인천광역시","p":30160,"a":4.085,"d":7382},"geometry":{"type":"MultiPolygon","coordinates":[[[[126.7616,37.5402],[126.7609,37.5379],[126.7446,37.5382],[126.7457,37.5445],[126.7394,37.5429],[126.7341,37.543],[126.7338,37.5441],[126.7311,37.5456],[126.73,37.5476],[126.7253,37.5517],[126.7233,37.5525],[126.7235,37.555],[126.7258,37.5581],[126.7294,37.5594],[126.732,37.5591],[126.7363,37.5606],[126.7396,37.5585],[126.7386,37.5569],[126.7395,37.5559],[126.7447,37.5526],[126.7458,37.553],[126.7489,37.5519],[126.7501,37.5521],[126.7527,37.551],[126.7514,37.5482],[126.7558,37.547],[126.7545,37.5442],[126.761,37.5424],[126.7605,37.5415],[126.7593,37.5418],[126.759,37.5411],[126.7616,37.5402]]]]}},{"type":"Feature","properties":{"c":"2824561400","n":"인천광역시 계양구 계산4동","sg":"계양구","sd":"인천광역시","p":22044,"a":0.925,"d":23844},"geometry":{"type":"MultiPolygon","coordinates":[[[[126.7446,37.5382],[126.7437,37.5335],[126.7341,37.5341],[126.7347,37.5399],[126.7369,37.5429],[126.7398,37.5429],[126.7457,37.5445],[126.7446,37.5382]]]]}},{"type":"Feature","properties":{"c":"2824571000","n":"인천광역시 계양구 계양1동","sg":"계양구","sd":"인천광역시","p":18443,"a":16.98,"d":1086},"geometry":{"type":"MultiPolygon","coordinates":[[[[126.7631,37.5849],[126.7603,37.5804],[126.7625,37.5803],[126.7613,37.5762],[126.759,37.5748],[126.7564,37.5739],[126.7462,37.5742],[126.7384,37.5733],[126.7423,37.566],[126.7425,37.5625],[126.7437,37.5614],[126.7453,37.5625],[126.7505,37.5558],[126.7538,37.5539],[126.7582,37.5524],[126.7566,37.5488],[126.7635,37.5468],[126.7616,37.5402],[126.759,37.5411],[126.7593,37.5418],[126.7605,37.5415],[126.761,37.5424],[126.7545,37.5442],[126.7558,37.547],[126.7514,37.5482],[126.7527,37.551],[126.7501,37.5521],[126.7489,37.5519],[126.7458,37.553],[126.7447,37.5526],[126.7395,37.5559],[126.7386,37.5569],[126.7396,37.5585],[126.7363,37.5606],[126.732,37.5591],[126.7294,37.5594],[126.7258,37.5581],[126.7235,37.555],[126.7233,37.5525],[126.7148,37.5529],[126.7121,37.5526],[126.7066,37.5571],[126.7021,37.556],[126.6995,37.5589],[126.7024,37.5608],[126.7034,37.5645],[126.7001,37.5656],[126.6991,37.5693],[126.7004,37.5717],[126.6991,37.5734],[126.6879,37.5766],[126.6861,37.5761],[126.6821,37.5775],[126.6831,37.5815],[126.6818,37.5834],[126.6849,37.5841],[126.695,37.5815],[126.7062,37.5799],[126.7133,37.5777],[126.7171,37.5804],[126.7182,37.5829],[126.7177,37.5852],[126.7209,37.5889],[126.7251,37.592],[126.729,37.5929],[126.735,37.5905],[126.737,37.5932],[126.738,37.5935],[126.7436,37.5933],[126.7463,37.5871],[126.75,37.5837],[126.7499,37.5809],[126.7518,37.5796],[126.7547,37.5804],[126.7556,37.5812],[126.7556,37.5827],[126.7577,37.5848],[126.7616,37.5853],[126.7631,37.5849]]]]}},{"type":"Feature","properties":{"c":"2824573000","n":"인천광역시 계양구 계양3동","sg":"계양구","sd":"인천광역시","p":22782,"a":9.859,"d":2311},"geometry":{"type":"MultiPolygon","coordinates":[[[[126.7937,37.5816],[126.793,37.5797],[126.7917,37.5811],[126.7905,37.5803],[126.7901,37.5776],[126.7876,37.5756],[126.7827,37.5736],[126.7819,37.5718],[126.7825,37.5702],[126.7805,37.5683],[126.777,37.5663],[126.7756,37.5682],[126.7748,37.5675],[126.775,37.566],[126.777,37.564],[126.7779,37.5601],[126.7756,37.5618],[126.772,37.5588],[126.7731,37.5575],[126.7721,37.557],[126.7666,37.5567],[126.7647,37.5554],[126.7663,37.5549],[126.7665,37.5529],[126.7642,37.5508],[126.765,37.5505],[126.7642,37.5498],[126.7635,37.5468],[126.7566,37.5488],[126.7582,37.5524],[126.7538,37.5539],[126.7505,37.5558],[126.7453,37.5625],[126.7437,37.5614],[126.7425,37.5625],[126.7423,37.566],[126.7384,37.5733],[126.7462,37.5742],[126.7564,37.5739],[126.759,37.5748],[126.7613,37.5762],[126.7625,37.5803],[126.7603,37.5804],[126.7631,37.5849],[126.7673,37.588],[126.7734,37.5851],[126.7801,37.5844],[126.7841,37.5826],[126.787,37.5856],[126.7937,37.5816]]]]}},{"type":"Feature","properties":{"c":"2827553000","n":"인천광역시 서해구 연희동","sg":"서해구","sd":"인천광역시","p":35986,"a":9.365,"d":3842},"geometry":{"type":"MultiPolygon","coordinates":[[[[126.6995,37.5589],[126.7021,37.556],[126.7066,37.5571],[126.7121,37.5526],[126.7083,37.546],[126.706,37.5449],[126.7073,37.5429],[126.7063,37.5419],[126.704,37.5421],[126.7031,37.5411],[126.6993,37.5404],[126.6978,37.5421],[126.6927,37.5412],[126.692,37.5386],[126.6925,37.537],[126.6914,37.536],[126.6836,37.5352],[126.6799,37.5363],[126.6781,37.5362],[126.6781,37.5371],[126.6758,37.5391],[126.6753,37.5386],[126.6725,37.5397],[126.6698,37.5392],[126.666,37.5401],[126.6633,37.5386],[126.6616,37.5386],[126.6616,37.5392],[126.6593,37.5409],[126.6506,37.5409],[126.65,37.5403],[126.6499,37.5457],[126.6537,37.5468],[126.6564,37.5495],[126.6606,37.5501],[126.6655,37.5532],[126.6673,37.5538],[126.6704,37.5537],[126.6775,37.5561],[126.6792,37.5595],[126.6821,37.5621],[126.6863,37.5622],[126.6899,37.5597],[126.6912,37.5581],[126.6942,37.5579],[126.6954,37.559],[126.6974,37.5594],[126.6995,37.5589]]]]}},{"type":"Feature","properties":{"c":"2827554200","n":"인천광역시 서해구 가정1동","sg":"서해구","sd":"인천광역시","p":42615,"a":2.54,"d":16774},"geometry":{"type":"MultiPolygon","coordinates":[[[[126.6765,37.5385],[126.6762,37.5291],[126.6774,37.5257],[126.6772,37.5224],[126.679,37.522],[126.6801,37.5209],[126.6772,37.5172],[126.6766,37.5133],[126.6727,37.5134],[126.6732,37.5224],[126.6692,37.5226],[126.6693,37.525],[126.6626,37.5255],[126.6633,37.5386],[126.666,37.5401],[126.6698,37.5392],[126.6725,37.5397],[126.6753,37.5386],[126.6758,37.5391],[126.6765,37.5385]]]]}},{"type":"Feature","properties":{"c":"2827554300","n":"인천광역시 서해구 가정2동","sg":"서해구","sd":"인천광역시","p":17167,"a":1.282,"d":13395},"geometry":{"type":"MultiPolygon","coordinates":[[[[126.6836,37.5352],[126.6825,37.532],[126.6829,37.5311],[126.6869,37.5307],[126.6875,37.5262],[126.6892,37.5236],[126.684,37.5229],[126.6801,37.5209],[126.679,37.522],[126.6772,37.5224],[126.6774,37.5257],[126.6762,37.5291],[126.6765,37.5385],[126.6781,37.5371],[126.6781,37.5362],[126.6799,37.5363],[126.6836,37.5352]]]]}},{"type":"Feature","properties":{"c":"2827554400","n":"인천광역시 서해구 가정3동","sg":"서해구","sd":"인천광역시","p":8247,"a":0.588,"d":14015},"geometry":{"type":"MultiPolygon","coordinates":[[[[126.6833,37.5147],[126.6803,37.5132],[126.6802,37.5124],[126.6789,37.5132],[126.6766,37.5133],[126.6779,37.5185],[126.6798,37.5207],[126.6823,37.5222],[126.6851,37.5231],[126.6891,37.5235],[126.6888,37.5228],[126.6861,37.5217],[126.6861,37.5205],[126.6834,37.5174],[126.6833,37.5147]]]]}},{"type":"Feature","properties":{"c":"2827555000","n":"인천광역시 서해구 석남1동","sg":"서해구","sd":"인천광역시","p":19672,"a":1.102,"d":17846},"geometry":{"type":"MultiPolygon","coordinates":[[[[126.6727,37.5134],[126.6766,37.5133],[126.6762,37.5062],[126.667,37.5066],[126.6644,37.5061],[126.6637,37.5062],[126.6637,37.5068],[126.6618,37.5069],[126.6619,37.5094],[126.6606,37.5092],[126.6603,37.5105],[126.661,37.5113],[126.6605,37.5122],[126.6619,37.513],[126.6611,37.5146],[126.6624,37.5153],[126.665,37.5137],[126.6727,37.5134]]]]}},{"type":"Feature","properties":{"c":"2827556000","n":"인천광역시 서해구 석남2동","sg":"서해구","sd":"인천광역시","p":11576,"a":2.718,"d":4260},"geometry":{"type":"MultiPolygon","coordinates":[[[[126.6762,37.5062],[126.6758,37.4992],[126.6408,37.4992],[126.6399,37.5026],[126.6399,37.5038],[126.6426,37.5067],[126.6526,37.5066],[126.6533,37.5077],[126.6561,37.5078],[126.6619,37.5094],[126.6618,37.5069],[126.6637,37.5068],[126.6637,37.5062],[126.667,37.5066],[126.6762,37.5062]]]]}},{"type":"Feature","properties":{"c":"2827556100","n":"인천광역시 서해구 석남3동","sg":"서해구","sd":"인천광역시","p":12723,"a":1.472,"d":8641},"geometry":{"type":"MultiPolygon","coordinates":[[[[126.6883,37.5084],[126.689,37.5067],[126.6885,37.5052],[126.6863,37.5049],[126.6842,37.5001],[126.6792,37.4981],[126.6758,37.4992],[126.6766,37.5133],[126.6789,37.5132],[126.6802,37.5124],[126.6803,37.5132],[126.6833,37.5147],[126.6845,37.5143],[126.687,37.5122],[126.6868,37.5091],[126.6883,37.5084]]]]}},{"type":"Feature","properties":{"c":"2827558000","n":"인천광역시 서해구 가좌1동","sg":"서해구","sd":"인천광역시","p":12231,"a":4.386,"d":2789},"geometry":{"type":"MultiPolygon","coordinates":[[[[126.6758,37.4992],[126.6744,37.4755],[126.6705,37.4768],[126.671,37.4778],[126.6636,37.4833],[126.6408,37.4959],[126.641,37.4992],[126.6758,37.4992]]]]}},{"type":"Feature","properties":{"c":"2827559000","n":"인천광역시 서해구 가좌2동","sg":"서해구","sd":"인천광역시","p":17859,"a":0.775,"d":23041},"geometry":{"type":"MultiPolygon","coordinates":[[[[126.6928,37.4954],[126.6892,37.4948],[126.6843,37.4893],[126.68,37.487],[126.6804,37.4932],[126.691,37.5038],[126.6922,37.5016],[126.6898,37.4993],[126.6895,37.4982],[126.6928,37.4954]]]]}},{"type":"Feature","properties":{"c":"2827560000","n":"인천광역시 서해구 가좌3동","sg":"서해구","sd":"인천광역시","p":14736,"a":1.881,"d":7834},"geometry":{"type":"MultiPolygon","coordinates":[[[[126.6885,37.5052],[126.691,37.5038],[126.6804,37.4932],[126.68,37.487],[126.6768,37.4842],[126.6874,37.4763],[126.684,37.4733],[126.6744,37.4756],[126.6758,37.4992],[126.6792,37.4981],[126.6842,37.5001],[126.6863,37.5049],[126.6885,37.5052]]]]}},{"type":"Feature","properties":{"c":"2827561000","n":"인천광역시 서해구 가좌4동","sg":"서해구","sd":"인천광역시","p":12099,"a":1.972,"d":6135},"geometry":{"type":"MultiPolygon","coordinates":[[[[126.6948,37.4917],[126.6994,37.4884],[126.6999,37.4866],[126.7015,37.4866],[126.7014,37.4851],[126.6961,37.4851],[126.6944,37.4857],[126.6926,37.4853],[126.6898,37.483],[126.6908,37.4807],[126.6907,37.4791],[126.6874,37.4763],[126.6768,37.4842],[126.6812,37.488],[126.6843,37.4893],[126.6897,37.495],[126.6928,37.4954],[126.6922,37.4924],[126.6948,37.4917]]]]}},{"type":"Feature","properties":{"c":"2829052000","n":"인천광역시 검단구 불로대곡동","sg":"검단구","sd":"인천광역시","p":48740,"a":10.847,"d":4493},"geometry":{"type":"MultiPolygon","coordinates":[[[[126.6594,37.6382],[126.6611,37.6367],[126.6625,37.6369],[126.6656,37.6362],[126.6709,37.6344],[126.6741,37.6322],[126.6744,37.6304],[126.6752,37.63],[126.6801,37.6296],[126.6808,37.6274],[126.685,37.6243],[126.6986,37.6175],[126.7063,37.6102],[126.7061,37.6078],[126.7042,37.6055],[126.6963,37.6041],[126.694,37.5996],[126.6895,37.5972],[126.6853,37.5975],[126.6802,37.5963],[126.6758,37.5987],[126.6764,37.6037],[126.6797,37.6066],[126.6777,37.6108],[126.6611,37.6163],[126.6594,37.6206],[126.6569,37.6205],[126.6476,37.6287],[126.6517,37.6352],[126.6513,37.6377],[126.6525,37.6396],[126.6534,37.6383],[126.6553,37.6378],[126.6579,37.6386],[126.6594,37.6382]]]]}},{"type":"Feature","properties":{"c":"2829053000","n":"인천광역시 검단구 원당동","sg":"검단구","sd":"인천광역시","p":23254,"a":2.567,"d":9060},"geometry":{"type":"MultiPolygon","coordinates":[[[[126.7046,37.6026],[126.7039,37.6007],[126.7033,37.6005],[126.7038,37.5997],[126.7028,37.5975],[126.7047,37.5976],[126.7053,37.5966],[126.7025,37.5958],[126.702,37.5943],[126.7031,37.5941],[126.7025,37.5931],[126.7009,37.5932],[126.6997,37.5919],[126.7013,37.5903],[126.7024,37.5906],[126.7027,37.5913],[126.7038,37.5909],[126.7035,37.5891],[126.7041,37.5879],[126.7028,37.5877],[126.703,37.5865],[126.701,37.5821],[126.7037,37.5803],[126.695,37.5815],[126.6933,37.5822],[126.693,37.5831],[126.6946,37.5849],[126.6888,37.5881],[126.6901,37.5891],[126.6902,37.5901],[126.6877,37.593],[126.6879,37.5939],[126.6895,37.596],[126.6895,37.5972],[126.694,37.5996],[126.6963,37.6041],[126.7042,37.6055],[126.7046,37.6026]]]]}},{"type":"Feature","properties":{"c":"2827557500","n":"인천광역시 서해구 신현원창동","sg":"서해구","sd":"인천광역시","p":28462,"a":9.035,"d":3150},"geometry":{"type":"MultiPolygon","coordinates":[[[[126.6626,37.5255],[126.6693,37.525],[126.6692,37.5226],[126.6732,37.5224],[126.6727,37.5134],[126.665,37.5137],[126.6624,37.5153],[126.6611,37.5146],[126.6619,37.513],[126.6605,37.5122],[126.661,37.5113],[126.6603,37.5105],[126.6606,37.5092],[126.6561,37.5078],[126.6533,37.5077],[126.6526,37.5066],[126.6426,37.5067],[126.6411,37.505],[126.6348,37.5044],[126.6341,37.5033],[126.6297,37.5024],[126.6297,37.4996],[126.6268,37.4972],[126.6044,37.4968],[126.6041,37.5101],[126.6054,37.5108],[126.6109,37.5129],[126.6135,37.5128],[126.6141,37.512],[126.6183,37.5112],[126.6236,37.5136],[126.6257,37.5131],[126.6277,37.5135],[126.6327,37.516],[126.6332,37.5174],[126.6328,37.5192],[126.6344,37.52],[126.6362,37.52],[126.6377,37.5188],[126.6438,37.518],[126.6489,37.5163],[126.649,37.5157],[126.6509,37.5154],[126.6513,37.5208],[126.6551,37.5214],[126.6591,37.5228],[126.6595,37.5256],[126.6626,37.5255]]]]}},{"type":"Feature","properties":{"c":"2827553600","n":"인천광역시 서해구 청라1동","sg":"서해구","sd":"인천광역시","p":30528,"a":2.474,"d":12341},"geometry":{"type":"MultiPolygon","coordinates":[[[[126.6633,37.5386],[126.6626,37.5255],[126.6595,37.5256],[126.6591,37.5228],[126.6551,37.5214],[126.6513,37.5208],[126.6509,37.5154],[126.649,37.5157],[126.65,37.5403],[126.6506,37.5409],[126.6593,37.5409],[126.6616,37.5392],[126.6616,37.5386],[126.6633,37.5386]]]]}},{"type":"Feature","properties":{"c":"2827553700","n":"인천광역시 서해구 청라2동","sg":"서해구","sd":"인천광역시","p":47817,"a":4.873,"d":9812},"geometry":{"type":"MultiPolygon","coordinates":[[[[126.6501,37.5436],[126.6489,37.5163],[126.6438,37.518],[126.6377,37.5188],[126.6343,37.5221],[126.6319,37.5298],[126.6322,37.5504],[126.6365,37.5493],[126.6382,37.5482],[126.6409,37.5481],[126.6414,37.5473],[126.6501,37.5436]]]]}},{"type":"Feature","properties":{"c":"2829051000","n":"인천광역시 검단구 검단동","sg":"검단구","sd":"인천광역시","p":32574,"a":8.125,"d":4009},"geometry":{"type":"MultiPolygon","coordinates":[[[[126.6758,37.5987],[126.6711,37.5997],[126.6639,37.5991],[126.6561,37.6027],[126.6455,37.6049],[126.6346,37.6063],[126.6277,37.606],[126.6293,37.611],[126.6314,37.6135],[126.6328,37.6169],[126.6343,37.6194],[126.6366,37.6205],[126.637,37.626],[126.6395,37.6278],[126.6423,37.6277],[126.6449,37.6286],[126.648,37.6288],[126.6483,37.6278],[126.6569,37.6205],[126.6594,37.6206],[126.6611,37.6163],[126.6777,37.6108],[126.6797,37.6066],[126.6764,37.6037],[126.6758,37.5987]]]]}},{"type":"Feature","properties":{"c":"2871025000","n":"인천광역시 강화군 강화읍","sg":"강화군","sd":"인천광역시","p":21349,"a":25.603,"d":834},"geometry":{"type":"MultiPolygon","coordinates":[[[[126.526,37.7381],[126.5224,37.7313],[126.5172,37.7326],[126.5076,37.7314],[126.5061,37.7327],[126.5022,37.7334],[126.4987,37.7363],[126.4931,37.7381],[126.4881,37.7364],[126.4797,37.7308],[126.4764,37.7294],[126.4719,37.7289],[126.469,37.7311],[126.4679,37.7369],[126.459,37.7362],[126.4527,37.7315],[126.4513,37.7315],[126.4487,37.7327],[126.4455,37.7302],[126.4429,37.7297],[126.4419,37.7287],[126.442,37.733],[126.4413,37.736],[126.4395,37.7381],[126.4375,37.744],[126.443,37.7445],[126.4467,37.7461],[126.4508,37.749],[126.454,37.7494],[126.4574,37.7481],[126.4663,37.7505],[126.4673,37.7511],[126.4675,37.7541],[126.4661,37.7542],[126.4662,37.7547],[126.4679,37.7567],[126.4684,37.7569],[126.4696,37.7561],[126.4712,37.7573],[126.4718,37.7591],[126.4732,37.7599],[126.4814,37.7563],[126.4802,37.763],[126.4837,37.7657],[126.4832,37.7686],[126.4855,37.7704],[126.4871,37.7708],[126.486,37.776],[126.4843,37.7771],[126.4842,37.78],[126.4849,37.7802],[126.4875,37.7915],[126.4908,37.7895],[126.4983,37.788],[126.508,37.7833],[126.5098,37.7803],[126.5108,37.7751],[126.5142,37.7713],[126.5146,37.77],[126.5125,37.7677],[126.5124,37.7635],[126.5224,37.7518],[126.5269,37.7478],[126.5254,37.7446],[126.526,37.7381]]]]}},{"type":"Feature","properties":{"c":"2871031000","n":"인천광역시 강화군 선원면","sg":"강화군","sd":"인천광역시","p":10195,"a":23.681,"d":431},"geometry":{"type":"MultiPolygon","coordinates":[[[[126.5224,37.7313],[126.5197,37.7262],[126.5185,37.7216],[126.5185,37.7127],[126.5221,37.7079],[126.5273,37.7031],[126.5255,37.6901],[126.5197,37.6908],[126.5152,37.6932],[126.511,37.6963],[126.5072,37.6961],[126.4993,37.6973],[126.4907,37.6978],[126.4883,37.6994],[126.4815,37.7007],[126.4805,37.7007],[126.4806,37.7002],[126.4667,37.7016],[126.4671,37.7084],[126.4653,37.7091],[126.4643,37.7122],[126.4625,37.7143],[126.457,37.718],[126.4497,37.7194],[126.4482,37.7186],[126.4454,37.7184],[126.4414,37.7194],[126.4376,37.7224],[126.4373,37.7265],[126.4398,37.7274],[126.4429,37.7297],[126.4455,37.7302],[126.4487,37.7327],[126.4513,37.7315],[126.4527,37.7315],[126.459,37.7362],[126.4679,37.7369],[126.4685,37.732],[126.4719,37.7289],[126.4777,37.7299],[126.4881,37.7364],[126.4931,37.7381],[126.4987,37.7363],[126.5022,37.7334],[126.5061,37.7327],[126.5076,37.7314],[126.5172,37.7326],[126.5224,37.7313]]]]}},{"type":"Feature","properties":{"c":"2871032000","n":"인천광역시 강화군 불은면","sg":"강화군","sd":"인천광역시","p":4963,"a":34.229,"d":145},"geometry":{"type":"MultiPolygon","coordinates":[[[[126.5255,37.6901],[126.5254,37.6874],[126.5233,37.6788],[126.5235,37.6744],[126.5252,37.6722],[126.5353,37.6663],[126.5355,37.6617],[126.5345,37.6591],[126.5314,37.6577],[126.5297,37.6559],[126.5289,37.6539],[126.5293,37.646],[126.5214,37.6458],[126.5174,37.6435],[126.5152,37.643],[126.5073,37.6432],[126.5078,37.6475],[126.5062,37.6484],[126.5031,37.6527],[126.4972,37.6553],[126.493,37.6551],[126.4934,37.6612],[126.4928,37.6665],[126.49,37.6704],[126.4767,37.6735],[126.4719,37.6759],[126.4691,37.6759],[126.4626,37.6779],[126.4583,37.6801],[126.4537,37.681],[126.4473,37.6813],[126.4437,37.6833],[126.4412,37.6864],[126.4408,37.6888],[126.4426,37.6903],[126.4396,37.6966],[126.4352,37.7014],[126.4319,37.7066],[126.4268,37.7107],[126.4319,37.7155],[126.4346,37.7168],[126.4388,37.7203],[126.4401,37.7203],[126.4414,37.7194],[126.4454,37.7184],[126.4482,37.7186],[126.4497,37.7194],[126.457,37.718],[126.4625,37.7143],[126.4643,37.7122],[126.4653,37.7091],[126.4671,37.7084],[126.4667,37.7016],[126.4806,37.7002],[126.4805,37.7007],[126.4815,37.7007],[126.4883,37.6994],[126.4907,37.6978],[126.4993,37.6973],[126.5072,37.6961],[126.511,37.6963],[126.5152,37.6932],[126.5197,37.6908],[126.5255,37.6901]]]]}},{"type":"Feature","properties":{"c":"2871033000","n":"인천광역시 강화군 길상면","sg":"강화군","sd":"인천광역시","p":7200,"a":45.038,"d":160},"geometry":{"type":"MultiPolygon","coordinates":[[[[126.5293,37.646],[126.5306,37.6413],[126.5305,37.6386],[126.5345,37.6331],[126.5355,37.6302],[126.5428,37.6226],[126.5442,37.6193],[126.5453,37.6152],[126.5456,37.6096],[126.5473,37.6042],[126.5439,37.6019],[126.5411,37.6017],[126.5239,37.5965],[126.5185,37.5934],[126.5216,37.5899],[126.525,37.5899],[126.5266,37.589],[126.5277,37.5866],[126.5265,37.5847],[126.5186,37.5799],[126.5163,37.5795],[126.512,37.5812],[126.5066,37.5857],[126.5032,37.5896],[126.5005,37.5902],[126.4926,37.5886],[126.484,37.5855],[126.4803,37.5836],[126.4723,37.5995],[126.4707,37.6074],[126.472,37.6078],[126.4663,37.6205],[126.4676,37.6213],[126.4707,37.6211],[126.4641,37.637],[126.4671,37.6389],[126.4665,37.6428],[126.4673,37.6453],[126.4714,37.6493],[126.4725,37.6526],[126.4728,37.6612],[126.4719,37.6671],[126.4726,37.6698],[126.4755,37.6725],[126.476,37.6738],[126.4903,37.6702],[126.4928,37.6665],[126.4934,37.6612],[126.493,37.6551],[126.4972,37.6553],[126.5031,37.6527],[126.5062,37.6484],[126.5078,37.6475],[126.5073,37.6432],[126.5152,37.643],[126.5174,37.6435],[126.5214,37.6458],[126.5293,37.646]]]]}},{"type":"Feature","properties":{"c":"2871034000","n":"인천광역시 강화군 화도면","sg":"강화군","sd":"인천광역시","p":4480,"a":43.326,"d":103},"geometry":{"type":"MultiPolygon","coordinates":[[[[126.4641,37.637],[126.4707,37.6211],[126.4676,37.6213],[126.4663,37.6205],[126.472,37.6078],[126.4707,37.6074],[126.4723,37.5995],[126.4733,37.5975],[126.4659,37.5955],[126.464,37.5934],[126.4627,37.5894],[126.4617,37.5888],[126.4604,37.591],[126.4553,37.5934],[126.4516,37.5927],[126.4466,37.5945],[126.4435,37.5941],[126.4379,37.5921],[126.4357,37.5926],[126.4037,37.5941],[126.3955,37.5987],[126.3938,37.6007],[126.3888,37.6023],[126.3861,37.604],[126.3851,37.606],[126.3855,37.6076],[126.3777,37.6095],[126.3773,37.6106],[126.3749,37.6118],[126.3714,37.6114],[126.37,37.6118],[126.3684,37.6149],[126.3691,37.6153],[126.3737,37.6144],[126.3772,37.6157],[126.3772,37.6193],[126.3753,37.6217],[126.3751,37.6249],[126.3725,37.6261],[126.3727,37.627],[126.3743,37.6278],[126.3735,37.6311],[126.372,37.633],[126.369,37.6341],[126.3644,37.6341],[126.3639,37.6349],[126.3642,37.6359],[126.366,37.6374],[126.3697,37.6381],[126.3741,37.6373],[126.3791,37.6377],[126.3811,37.6391],[126.3902,37.6415],[126.3953,37.6419],[126.398,37.6433],[126.4028,37.6473],[126.405,37.6508],[126.4122,37.648],[126.4181,37.6502],[126.4194,37.6501],[126.4209,37.6475],[126.4291,37.6449],[126.4288,37.6431],[126.4311,37.6411],[126.4333,37.6401],[126.439,37.641],[126.4509,37.6406],[126.4542,37.6398],[126.458,37.6374],[126.4614,37.638],[126.4641,37.637]]]]}},{"type":"Feature","properties":{"c":"2871035000","n":"인천광역시 강화군 양도면","sg":"강화군","sd":"인천광역시","p":4195,"a":39.407,"d":106},"geometry":{"type":"MultiPolygon","coordinates":[[[[126.4268,37.7107],[126.4319,37.7066],[126.4352,37.7014],[126.4396,37.6966],[126.4426,37.6903],[126.4408,37.6888],[126.4412,37.6864],[126.4437,37.6833],[126.4473,37.6813],[126.4537,37.681],[126.4583,37.6801],[126.4626,37.6779],[126.4691,37.6759],[126.4719,37.6759],[126.476,37.6738],[126.4755,37.6725],[126.4726,37.6698],[126.4719,37.6677],[126.4728,37.6602],[126.4719,37.6502],[126.4673,37.6453],[126.4665,37.6428],[126.4671,37.6389],[126.4641,37.637],[126.4614,37.638],[126.458,37.6374],[126.4542,37.6398],[126.4509,37.6406],[126.439,37.641],[126.4333,37.6401],[126.4311,37.6411],[126.4288,37.6431],[126.4291,37.6449],[126.4209,37.6475],[126.4194,37.6501],[126.4181,37.6502],[126.4122,37.648],[126.4077,37.65],[126.3885,37.6564],[126.387,37.6557],[126.3933,37.6615],[126.3957,37.6646],[126.3933,37.6778],[126.3868,37.6903],[126.3859,37.6909],[126.3929,37.6912],[126.3961,37.6894],[126.3971,37.6902],[126.3996,37.7025],[126.3989,37.7043],[126.4004,37.7058],[126.4029,37.7068],[126.4089,37.7068],[126.4112,37.708],[126.42,37.7088],[126.4225,37.7107],[126.4268,37.7107]]]]}},{"type":"Feature","properties":{"c":"2871036000","n":"인천광역시 강화군 내가면","sg":"강화군","sd":"인천광역시","p":2896,"a":35.228,"d":82},"geometry":{"type":"MultiPolygon","coordinates":[[[[126.3535,37.7436],[126.3547,37.741],[126.3706,37.7403],[126.3797,37.7377],[126.3823,37.7376],[126.3851,37.7392],[126.3889,37.7399],[126.4,37.7396],[126.4045,37.7381],[126.415,37.7406],[126.4213,37.7413],[126.4262,37.743],[126.4293,37.745],[126.4337,37.7449],[126.4375,37.744],[126.4395,37.7381],[126.4413,37.736],[126.442,37.733],[126.4419,37.7287],[126.4373,37.7265],[126.4376,37.7224],[126.4401,37.7203],[126.4381,37.7199],[126.4367,37.7183],[126.4319,37.7155],[126.4268,37.7107],[126.4225,37.7107],[126.42,37.7088],[126.4112,37.708],[126.4089,37.7068],[126.4024,37.7067],[126.3997,37.7054],[126.3989,37.7043],[126.3996,37.7025],[126.3971,37.6902],[126.3965,37.6895],[126.395,37.6897],[126.3929,37.6912],[126.3859,37.6909],[126.3775,37.6964],[126.3524,37.7058],[126.3467,37.7147],[126.3432,37.7206],[126.3414,37.7385],[126.3415,37.7484],[126.3521,37.7453],[126.3535,37.7436]]]]}},{"type":"Feature","properties":{"c":"2871037000","n":"인천광역시 강화군 하점면","sg":"강화군","sd":"인천광역시","p":3995,"a":37.196,"d":107},"geometry":{"type":"MultiPolygon","coordinates":[[[[126.4406,37.7445],[126.4375,37.744],[126.4337,37.7449],[126.4293,37.745],[126.4262,37.743],[126.4213,37.7413],[126.415,37.7406],[126.4045,37.7381],[126.4,37.7396],[126.3889,37.7399],[126.3851,37.7392],[126.3832,37.7377],[126.3804,37.7376],[126.3706,37.7403],[126.3547,37.741],[126.3531,37.7448],[126.3548,37.7566],[126.3533,37.7765],[126.354,37.7788],[126.3607,37.7786],[126.3652,37.7756],[126.3694,37.7756],[126.372,37.7737],[126.3762,37.7744],[126.378,37.7767],[126.3822,37.7797],[126.3873,37.781],[126.3901,37.7812],[126.3945,37.7833],[126.3956,37.7856],[126.3996,37.7866],[126.4012,37.7892],[126.4048,37.7894],[126.4106,37.7876],[126.4146,37.7857],[126.4167,37.7837],[126.42,37.7845],[126.4213,37.7858],[126.4282,37.7897],[126.4298,37.7922],[126.4309,37.7902],[126.4323,37.7893],[126.4346,37.7886],[126.4381,37.7891],[126.4426,37.7881],[126.4439,37.7861],[126.4423,37.7834],[126.4467,37.7805],[126.4441,37.7794],[126.4432,37.7783],[126.4418,37.7719],[126.4418,37.7709],[126.4444,37.768],[126.4456,37.7648],[126.4435,37.7625],[126.4426,37.7552],[126.4436,37.7528],[126.4406,37.7445]]]]}},{"type":"Feature","properties":{"c":"2871038000","n":"인천광역시 강화군 양사면","sg":"강화군","sd":"인천광역시","p":1912,"a":31.376,"d":61},"geometry":{"type":"MultiPolygon","coordinates":[[[[126.4536,37.8138],[126.4383,37.8016],[126.4308,37.7971],[126.4288,37.7903],[126.4213,37.7858],[126.42,37.7845],[126.4167,37.7837],[126.4146,37.7857],[126.4106,37.7876],[126.4048,37.7894],[126.4012,37.7892],[126.3996,37.7866],[126.3956,37.7856],[126.3945,37.7833],[126.3901,37.7812],[126.3873,37.781],[126.3822,37.7797],[126.378,37.7767],[126.3762,37.7744],[126.372,37.7737],[126.3694,37.7756],[126.3652,37.7756],[126.3607,37.7786],[126.3506,37.7787],[126.3495,37.7876],[126.348,37.7875],[126.347,37.7881],[126.3489,37.792],[126.3575,37.7957],[126.372,37.8055],[126.3902,37.8232],[126.3939,37.8255],[126.4008,37.8258],[126.4093,37.8245],[126.4137,37.8247],[126.419,37.8265],[126.4269,37.8334],[126.4366,37.8312],[126.4393,37.8271],[126.4404,37.8264],[126.4428,37.8262],[126.4435,37.8236],[126.4464,37.8234],[126.4477,37.8193],[126.4536,37.8138]]]]}},{"type":"Feature","properties":{"c":"2871039000","n":"인천광역시 강화군 송해면","sg":"강화군","sd":"인천광역시","p":3181,"a":22.657,"d":140},"geometry":{"type":"MultiPolygon","coordinates":[[[[126.4875,37.7915],[126.4849,37.7802],[126.4842,37.78],[126.4843,37.7771],[126.486,37.776],[126.4871,37.7708],[126.4855,37.7704],[126.4832,37.7686],[126.4837,37.7657],[126.4802,37.763],[126.4814,37.7563],[126.4732,37.7599],[126.4718,37.7591],[126.4712,37.7573],[126.4696,37.7561],[126.4684,37.7569],[126.4679,37.7567],[126.4662,37.7547],[126.4661,37.7542],[126.4675,37.7541],[126.4673,37.7511],[126.4663,37.7505],[126.4574,37.7481],[126.454,37.7494],[126.4508,37.749],[126.4467,37.7461],[126.443,37.7445],[126.4406,37.7445],[126.4436,37.7528],[126.4426,37.7552],[126.4435,37.7625],[126.4456,37.7648],[126.4444,37.768],[126.4418,37.7709],[126.4418,37.7719],[126.4432,37.7783],[126.4441,37.7794],[126.4467,37.7805],[126.4423,37.7834],[126.4439,37.7861],[126.4426,37.7881],[126.4381,37.7891],[126.4346,37.7886],[126.4309,37.7902],[126.4298,37.7922],[126.4308,37.7971],[126.4383,37.8016],[126.4536,37.8138],[126.463,37.806],[126.4688,37.8031],[126.4739,37.7989],[126.4847,37.7935],[126.4875,37.7915]]]]}},{"type":"Feature","properties":{"c":"2871040000","n":"인천광역시 강화군 교동면","sg":"강화군","sd":"인천광역시","p":2615,"a":48.052,"d":54},"geometry":{"type":"MultiPolygon","coordinates":[[[[126.2681,37.8157],[126.2734,37.814],[126.2828,37.8082],[126.2939,37.8039],[126.2942,37.8021],[126.297,37.8025],[126.3014,37.8045],[126.3024,37.8034],[126.3057,37.8026],[126.3122,37.8026],[126.3168,37.8033],[126.3215,37.805],[126.3234,37.8071],[126.3232,37.809],[126.3247,37.8091],[126.3284,37.8053],[126.3285,37.8039],[126.3346,37.7992],[126.3339,37.7973],[126.3302,37.7935],[126.3307,37.7896],[126.3256,37.7864],[126.3213,37.7819],[126.3224,37.7811],[126.318,37.7759],[126.315,37.7737],[126.3052,37.7706],[126.2924,37.7644],[126.291,37.7626],[126.2901,37.7628],[126.2869,37.766],[126.2813,37.7684],[126.2728,37.7697],[126.271,37.7686],[126.2705,37.7675],[126.2594,37.7646],[126.2478,37.7654],[126.2454,37.7649],[126.2415,37.7623],[126.2418,37.7604],[126.2402,37.7577],[126.2333,37.7514],[126.2321,37.7511],[126.2268,37.753],[126.2217,37.7563],[126.221,37.7579],[126.2073,37.7683],[126.2045,37.7679],[126.2028,37.7693],[126.2039,37.7732],[126.207,37.7742],[126.2092,37.7741],[126.216,37.7784],[126.2177,37.7835],[126.221,37.7862],[126.2222,37.7912],[126.2185,37.7931],[126.2184,37.7957],[126.2203,37.7982],[126.2218,37.7982],[126.2235,37.8],[126.2232,37.8054],[126.2329,37.811],[126.237,37.8164],[126.2394,37.8176],[126.246,37.8152],[126.2568,37.8146],[126.261,37.8162],[126.2633,37.8183],[126.2644,37.8184],[126.2659,37.8157],[126.2681,37.8157]]]]}},{"type":"Feature","properties":{"c":"2871041000","n":"인천광역시 강화군 삼산면","sg":"강화군","sd":"인천광역시","p":1960,"a":55.732,"d":35},"geometry":{"type":"MultiPolygon","coordinates":[[[[126.3007,37.6738],[126.2995,37.6738],[126.2988,37.675],[126.3009,37.6764],[126.3015,37.6757],[126.3007,37.6738]]],[[[126.2585,37.712],[126.2566,37.7125],[126.2561,37.7141],[126.2567,37.7154],[126.2582,37.7143],[126.2589,37.7125],[126.2585,37.712]]],[[[126.2098,37.718],[126.2084,37.7183],[126.2087,37.7232],[126.2096,37.7235],[126.2114,37.7224],[126.2118,37.7192],[126.2116,37.7185],[126.2098,37.718]]],[[[126.2362,37.729],[126.2378,37.7262],[126.2393,37.7259],[126.2405,37.7221],[126.2489,37.719],[126.2483,37.7177],[126.2319,37.7159],[126.2272,37.7177],[126.2181,37.7191],[126.217,37.7212],[126.2211,37.7228],[126.2309,37.7336],[126.2336,37.7337],[126.2359,37.7323],[126.2368,37.7311],[126.2362,37.729]]],[[[126.2695,37.7254],[126.265,37.7238],[126.2628,37.7249],[126.2577,37.7247],[126.2568,37.7255],[126.2574,37.7334],[126.2627,37.7362],[126.2649,37.7383],[126.2655,37.7383],[126.2667,37.7362],[126.2666,37.7335],[126.2684,37.7276],[126.2698,37.7259],[126.2695,37.7254]]],[[[126.2841,37.7494],[126.2857,37.7492],[126.2862,37.7484],[126.2835,37.7453],[126.2817,37.7444],[126.2788,37.7456],[126.2791,37.7471],[126.2821,37.7496],[126.2841,37.7494]]],[[[126.3304,37.7468],[126.323,37.7319],[126.3215,37.7252],[126.3206,37.7161],[126.322,37.715],[126.3256,37.7149],[126.3297,37.7154],[126.332,37.7144],[126.3326,37.7126],[126.3317,37.709],[126.334,37.7073],[126.3366,37.7077],[126.3382,37.7074],[126.3396,37.7054],[126.3395,37.7027],[126.3464,37.6992],[126.3719,37.6952],[126.3753,37.6922],[126.3758,37.6876],[126.3796,37.6822],[126.377,37.6753],[126.3766,37.6679],[126.3519,37.6487],[126.3428,37.6436],[126.3307,37.6415],[126.325,37.6414],[126.3226,37.6445],[126.3237,37.653],[126.3234,37.6591],[126.3244,37.6621],[126.3268,37.662],[126.3274,37.6644],[126.3269,37.6666],[126.3237,37.669],[126.3173,37.6817],[126.3133,37.6846],[126.2963,37.6904],[126.2851,37.6962],[126.2833,37.7001],[126.2772,37.703],[126.2747,37.7057],[126.2699,37.7083],[126.2678,37.7104],[126.2679,37.7112],[126.2716,37.7127],[126.2766,37.7123],[126.28,37.7127],[126.2822,37.7132],[126.2838,37.7148],[126.2856,37.724],[126.2879,37.7255],[126.2869,37.7278],[126.288,37.7359],[126.288,37.7405],[126.2871,37.7418],[126.2874,37.743],[126.2889,37.744],[126.294,37.7462],[126.3038,37.7465],[126.3177,37.7529],[126.3239,37.7543],[126.3258,37.7515],[126.3306,37.749],[126.3304,37.7468]]]]}},{"type":"Feature","properties":{"c":"2871042000","n":"인천광역시 강화군 서도면","sg":"강화군","sd":"인천광역시","p":350,"a":17.883,"d":20},"geometry":{"type":"MultiPolygon","coordinates":[[[[126.2713,37.6191],[126.2699,37.6191],[126.2693,37.6201],[126.2692,37.6207],[126.2701,37.6214],[126.2717,37.6209],[126.2713,37.6191]]],[[[126.2167,37.6285],[126.2136,37.6286],[126.2131,37.6294],[126.2169,37.6326],[126.2181,37.6319],[126.2182,37.6309],[126.2167,37.6285]]],[[[126.2743,37.632],[126.2733,37.6318],[126.2688,37.6374],[126.266,37.6453],[126.2659,37.6483],[126.2667,37.6524],[126.268,37.6551],[126.2698,37.6565],[126.2752,37.6521],[126.2768,37.6489],[126.2745,37.6451],[126.276,37.6367],[126.2756,37.6336],[126.2743,37.632]]],[[[126.244,37.6528],[126.2485,37.6542],[126.2523,37.6545],[126.2572,37.6527],[126.2575,37.6504],[126.2543,37.6485],[126.2514,37.6431],[126.2514,37.6376],[126.2521,37.6352],[126.2543,37.6324],[126.2595,37.6308],[126.2634,37.6271],[126.2639,37.6258],[126.261,37.6226],[126.2602,37.6225],[126.2595,37.6232],[126.2603,37.6254],[126.2598,37.6273],[126.2459,37.631],[126.2338,37.6379],[126.229,37.6435],[126.2251,37.6493],[126.2232,37.6512],[126.2217,37.6518],[126.2223,37.6545],[126.2239,37.6547],[126.2262,37.6528],[126.2276,37.6524],[126.2301,37.6542],[126.2298,37.6556],[126.2326,37.6565],[126.2372,37.6538],[126.244,37.6528]]],[[[126.235,37.6622],[126.2383,37.6627],[126.2406,37.6639],[126.2423,37.6633],[126.2406,37.6611],[126.2228,37.6578],[126.2214,37.6629],[126.2215,37.6657],[126.223,37.6663],[126.2253,37.666],[126.2295,37.6638],[126.235,37.6622]]],[[[126.1963,37.6849],[126.1959,37.6827],[126.1968,37.6804],[126.2053,37.6698],[126.2087,37.6675],[126.2102,37.6674],[126.2114,37.6666],[126.2099,37.664],[126.2051,37.6592],[126.2079,37.6568],[126.2085,37.6555],[126.2081,37.6546],[126.206,37.6551],[126.2048,37.6563],[126.1941,37.6584],[126.191,37.657],[126.1885,37.6575],[126.188,37.6581],[126.1884,37.659],[126.1914,37.6605],[126.1909,37.6623],[126.188,37.6648],[126.1813,37.6687],[126.1777,37.6695],[126.1692,37.6686],[126.1686,37.6684],[126.1688,37.6667],[126.1673,37.6662],[126.159,37.6719],[126.1547,37.6727],[126.1535,37.6774],[126.1543,37.6779],[126.1556,37.6778],[126.1571,37.6764],[126.1584,37.6764],[126.1608,37.6787],[126.1668,37.6799],[126.1683,37.6782],[126.1722,37.6767],[126.1825,37.6819],[126.184,37.6843],[126.1856,37.6849],[126.1875,37.6846],[126.1895,37.6856],[126.1911,37.6867],[126.192,37.6888],[126.1928,37.6889],[126.1956,37.6889],[126.1963,37.6849]]],[[[126.2013,37.6879],[126.2001,37.688],[126.2,37.69],[126.2011,37.6905],[126.2021,37.69],[126.2013,37.6879]]],[[[126.1286,37.6917],[126.1335,37.6925],[126.135,37.691],[126.1337,37.6889],[126.1385,37.6868],[126.1412,37.6871],[126.143,37.6867],[126.145,37.6827],[126.1448,37.6818],[126.1433,37.6812],[126.1389,37.6808],[126.1317,37.6826],[126.1286,37.6823],[126.1272,37.6816],[126.1261,37.6819],[126.1244,37.686],[126.1222,37.6863],[126.1214,37.6872],[126.1219,37.6901],[126.1265,37.6935],[126.1286,37.6917]]]]}},{"type":"Feature","properties":{"c":"2872031000","n":"인천광역시 옹진군 북도면","sg":"옹진군","sd":"인천광역시","p":1140,"a":20.759,"d":55},"geometry":{"type":"MultiPolygon","coordinates":[[[[126.3328,37.5033],[126.3333,37.503],[126.3327,37.5019],[126.3285,37.4996],[126.3261,37.5011],[126.3276,37.5027],[126.3328,37.5033]]],[[[126.3057,37.5035],[126.3078,37.5032],[126.308,37.5019],[126.3031,37.5],[126.3028,37.5015],[126.3048,37.5035],[126.3057,37.5035]]],[[[126.3226,37.5093],[126.322,37.5094],[126.3208,37.5128],[126.3231,37.5139],[126.324,37.5136],[126.3247,37.5116],[126.3244,37.5107],[126.3226,37.5093]]],[[[126.4264,37.5162],[126.4244,37.5165],[126.4251,37.5189],[126.4263,37.5186],[126.4269,37.5175],[126.4264,37.5162]]],[[[126.4206,37.5201],[126.4215,37.5198],[126.4202,37.5183],[126.4179,37.5183],[126.4183,37.5192],[126.4206,37.5201]]],[[[126.3952,37.5349],[126.3966,37.5348],[126.3977,37.5329],[126.3958,37.5324],[126.3944,37.5344],[126.3952,37.5349]]],[[[126.4111,37.5261],[126.4081,37.5259],[126.4047,37.5274],[126.4011,37.5314],[126.4037,37.5358],[126.4086,37.5379],[126.4125,37.5406],[126.4136,37.5407],[126.415,37.538],[126.4151,37.5359],[126.4122,37.5345],[126.4128,37.5336],[126.4114,37.5284],[126.4127,37.5276],[126.4111,37.5261]]],[[[126.4725,37.5376],[126.4738,37.5324],[126.4739,37.5287],[126.4699,37.5277],[126.4672,37.5284],[126.4671,37.5278],[126.4669,37.5247],[126.4685,37.5224],[126.4708,37.5223],[126.4678,37.5152],[126.4686,37.5137],[126.4708,37.5131],[126.4706,37.5118],[126.4668,37.511],[126.4635,37.5111],[126.4626,37.512],[126.4631,37.5135],[126.4598,37.5163],[126.4531,37.5189],[126.4509,37.5189],[126.4499,37.5165],[126.446,37.5166],[126.4443,37.5173],[126.4398,37.5161],[126.4394,37.5147],[126.44,37.5143],[126.4394,37.5139],[126.4368,37.5147],[126.4364,37.5163],[126.4344,37.5175],[126.4333,37.5178],[126.4301,37.5165],[126.4293,37.5184],[126.434,37.5265],[126.4422,37.5335],[126.4436,37.5341],[126.4467,37.5329],[126.449,37.5335],[126.4514,37.5363],[126.4547,37.5379],[126.4569,37.5425],[126.457,37.5445],[126.4614,37.5445],[126.4655,37.5415],[126.4662,37.5391],[126.4725,37.5376]]],[[[126.432,37.5454],[126.4329,37.5445],[126.4378,37.5461],[126.4399,37.5459],[126.4419,37.5449],[126.4412,37.544],[126.4392,37.5441],[126.4348,37.5425],[126.4351,37.5398],[126.4337,37.5374],[126.4316,37.531],[126.4267,37.5257],[126.4289,37.5235],[126.4258,37.5214],[126.4222,37.5228],[126.4152,37.5222],[126.4174,37.5246],[126.4204,37.5311],[126.422,37.5332],[126.4217,37.5348],[126.4203,37.5362],[126.4202,37.5378],[126.424,37.5467],[126.4265,37.5486],[126.4276,37.5485],[126.432,37.5454]]],[[[126.2762,37.546],[126.2763,37.544],[126.2646,37.5457],[126.2648,37.5467],[126.2677,37.5488],[126.273,37.5479],[126.2762,37.546]]],[[[126.2616,37.5507],[126.2606,37.5509],[126.2582,37.5559],[126.2581,37.5569],[126.2591,37.5575],[126.2633,37.5536],[126.2662,37.5522],[126.2645,37.551],[126.2616,37.5507]]],[[[126.3298,37.5507],[126.3328,37.5507],[126.3372,37.5521],[126.3405,37.5475],[126.3404,37.5452],[126.3435,37.5395],[126.3461,37.5384],[126.3499,37.5375],[126.3538,37.5354],[126.3665,37.535],[126.3735,37.5368],[126.3815,37.5376],[126.3832,37.538],[126.384,37.5393],[126.3847,37.5355],[126.384,37.5308],[126.3822,37.5276],[126.3799,37.5275],[126.3789,37.5287],[126.3679,37.5297],[126.3653,37.5294],[126.3607,37.5307],[126.3437,37.5279],[126.3431,37.5276],[126.3435,37.5265],[126.3417,37.5256],[126.3399,37.5262],[126.34,37.5295],[126.3358,37.5303],[126.3343,37.529],[126.3353,37.5268],[126.3298,37.5255],[126.3277,37.5237],[126.3266,37.5217],[126.3251,37.5251],[126.3282,37.5278],[126.3278,37.531],[126.3298,37.5361],[126.3288,37.5411],[126.3167,37.5503],[126.3154,37.5505],[126.309,37.5561],[126.3074,37.5602],[126.3099,37.5602],[126.3197,37.5561],[126.3232,37.5538],[126.3277,37.5518],[126.3281,37.551],[126.3298,37.5507]]]]}},{"type":"Feature","properties":{"c":"2872038000","n":"인천광역시 옹진군 연평면","sg":"옹진군","sd":"인천광역시","p":1898,"a":8.982,"d":211},"geometry":{"type":"MultiPolygon","coordinates":[[[[125.72,37.6047],[125.7188,37.6038],[125.7173,37.604],[125.7112,37.6069],[125.7058,37.6119],[125.7134,37.6156],[125.7209,37.6144],[125.7196,37.609],[125.72,37.6047]]],[[[125.6798,37.6322],[125.679,37.6321],[125.6786,37.633],[125.6803,37.6396],[125.6834,37.6393],[125.6835,37.6382],[125.6813,37.6366],[125.6801,37.6348],[125.6798,37.6322]]],[[[125.7196,37.6446],[125.7161,37.645],[125.7154,37.6464],[125.7184,37.646],[125.7196,37.6446]]],[[[125.7158,37.6801],[125.7154,37.6789],[125.7172,37.6753],[125.7169,37.6739],[125.7156,37.6728],[125.7127,37.6717],[125.7106,37.668],[125.7104,37.6662],[125.7056,37.6631],[125.7062,37.6626],[125.7019,37.6588],[125.7064,37.6562],[125.7083,37.6556],[125.711,37.6557],[125.7128,37.6545],[125.7142,37.6497],[125.7134,37.6496],[125.7095,37.6513],[125.7105,37.6532],[125.7102,37.6539],[125.7004,37.6586],[125.6973,37.6568],[125.6969,37.6554],[125.6927,37.6518],[125.6862,37.6519],[125.6838,37.6528],[125.6829,37.6537],[125.6838,37.6551],[125.6834,37.6585],[125.6812,37.6627],[125.6815,37.6634],[125.6847,37.6644],[125.685,37.6678],[125.6838,37.6709],[125.6769,37.674],[125.6761,37.676],[125.6773,37.6801],[125.6792,37.6808],[125.6835,37.6812],[125.6839,37.6795],[125.6863,37.6782],[125.6921,37.6774],[125.6986,37.6787],[125.7052,37.6815],[125.7074,37.6815],[125.7093,37.68],[125.7124,37.6808],[125.7146,37.6824],[125.7158,37.6801]]],[[[125.6957,37.706],[125.6948,37.7055],[125.6927,37.7062],[125.6915,37.7095],[125.6926,37.7094],[125.6957,37.706]]],[[[125.6524,37.7173],[125.6534,37.7169],[125.6562,37.7172],[125.6573,37.7166],[125.6563,37.7154],[125.6531,37.7148],[125.6504,37.7161],[125.6504,37.7166],[125.6524,37.7173]]],[[[125.6512,37.7356],[125.6499,37.735],[125.6485,37.7356],[125.6469,37.7373],[125.6467,37.7384],[125.6521,37.7391],[125.6528,37.7382],[125.6512,37.7356]]],[[[125.6478,37.7462],[125.6463,37.7461],[125.6442,37.7474],[125.6479,37.7471],[125.6478,37.7462]]],[[[125.6447,37.7496],[125.643,37.7489],[125.6434,37.7502],[125.6445,37.7506],[125.6447,37.7496]]]]}},{"type":"Feature","properties":{"c":"2872033000","n":"인천광역시 옹진군 백령면","sg":"옹진군","sd":"인천광역시","p":4430,"a":53.546,"d":83},"geometry":{"type":"MultiPolygon","coordinates":[[[[124.7067,37.9834],[124.7096,37.9824],[124.7204,37.9823],[124.7216,37.982],[124.7225,37.9805],[124.7245,37.9793],[124.7264,37.9793],[124.7295,37.9783],[124.7308,37.9757],[124.7305,37.9728],[124.7316,37.9684],[124.7329,37.9657],[124.7374,37.9623],[124.7402,37.9615],[124.7433,37.9625],[124.7455,37.9616],[124.7463,37.9594],[124.7459,37.9577],[124.7411,37.9568],[124.7375,37.9586],[124.7356,37.962],[124.733,37.9622],[124.7301,37.9603],[124.73,37.9585],[124.7304,37.9573],[124.7355,37.9569],[124.7375,37.9559],[124.7375,37.954],[124.7349,37.9514],[124.7297,37.9501],[124.729,37.951],[124.7313,37.9531],[124.7309,37.9537],[124.7254,37.9539],[124.7229,37.9531],[124.715,37.9469],[124.708,37.9441],[124.7039,37.9382],[124.7032,37.935],[124.7048,37.9332],[124.7044,37.9307],[124.7041,37.93],[124.702,37.9294],[124.6986,37.9251],[124.6989,37.922],[124.6996,37.921],[124.6989,37.9188],[124.6963,37.917],[124.6897,37.9145],[124.6876,37.9153],[124.6873,37.9174],[124.6799,37.922],[124.6737,37.9211],[124.6732,37.9198],[124.6715,37.9193],[124.669,37.9212],[124.6651,37.9225],[124.6556,37.9207],[124.6553,37.9216],[124.6562,37.9224],[124.6549,37.9232],[124.6508,37.9234],[124.6495,37.9223],[124.6465,37.9222],[124.6448,37.9229],[124.6386,37.9225],[124.6372,37.9232],[124.6334,37.9295],[124.6303,37.9374],[124.6223,37.9471],[124.6223,37.9517],[124.6251,37.953],[124.6246,37.9539],[124.6189,37.9582],[124.6154,37.959],[124.6144,37.9585],[124.6112,37.9609],[124.6104,37.9633],[124.6098,37.9701],[124.6118,37.9711],[124.6142,37.9742],[124.6156,37.9781],[124.6234,37.9767],[124.6304,37.9738],[124.6327,37.9717],[124.6382,37.9691],[124.6405,37.9688],[124.6453,37.9702],[124.6474,37.9734],[124.6551,37.973],[124.6587,37.9739],[124.6678,37.9774],[124.6702,37.9797],[124.6701,37.9811],[124.6709,37.9812],[124.6742,37.9819],[124.6756,37.9798],[124.678,37.9794],[124.6811,37.9804],[124.6831,37.982],[124.6851,37.9825],[124.6856,37.9816],[124.6882,37.9804],[124.6911,37.9796],[124.6933,37.9797],[124.6946,37.9802],[124.6965,37.9832],[124.7005,37.983],[124.7053,37.9843],[124.7067,37.9834]]]]}},{"type":"Feature","properties":{"c":"2872034000","n":"인천광역시 옹진군 대청면","sg":"옹진군","sd":"인천광역시","p":1115,"a":17.955,"d":62},"geometry":{"type":"MultiPolygon","coordinates":[[[[124.7694,37.7797],[124.7721,37.7794],[124.7721,37.7774],[124.7688,37.7738],[124.7675,37.7693],[124.7694,37.7684],[124.7695,37.7678],[124.7668,37.766],[124.7645,37.7656],[124.7527,37.7698],[124.7495,37.768],[124.7407,37.7657],[124.7399,37.7637],[124.7377,37.7613],[124.7348,37.7615],[124.7321,37.7608],[124.7308,37.76],[124.7302,37.7584],[124.7277,37.7599],[124.7272,37.7619],[124.7317,37.7643],[124.734,37.7667],[124.7343,37.7709],[124.7417,37.7731],[124.742,37.7757],[124.7397,37.7769],[124.7406,37.7786],[124.7417,37.7788],[124.744,37.7763],[124.7466,37.7757],[124.7511,37.7777],[124.7615,37.778],[124.7669,37.7795],[124.7694,37.7797]]],[[[124.6605,37.7978],[124.6578,37.7978],[124.657,37.7989],[124.6607,37.7984],[124.6605,37.7978]]],[[[124.7069,37.8468],[124.7089,37.8452],[124.718,37.8467],[124.7211,37.846],[124.7216,37.8447],[124.7236,37.843],[124.7271,37.8427],[124.7284,37.8416],[124.7282,37.8388],[124.7187,37.836],[124.7161,37.8336],[124.7141,37.8301],[124.7145,37.8282],[124.7168,37.8276],[124.7182,37.8265],[124.7205,37.8201],[124.7205,37.8164],[124.7172,37.8113],[124.7117,37.807],[124.7019,37.8044],[124.6984,37.8083],[124.6971,37.8085],[124.6888,37.806],[124.6844,37.8023],[124.6877,37.8],[124.682,37.7982],[124.6809,37.7988],[124.6791,37.8019],[124.6815,37.8046],[124.6841,37.8059],[124.6849,37.8105],[124.6838,37.8128],[124.6809,37.8147],[124.6794,37.8146],[124.6787,37.8134],[124.6754,37.8137],[124.674,37.8145],[124.6718,37.8173],[124.6678,37.8183],[124.6628,37.8207],[124.6622,37.8224],[124.6652,37.8228],[124.6689,37.8223],[124.6722,37.82],[124.6746,37.8198],[124.6771,37.8205],[124.6793,37.8222],[124.6818,37.8253],[124.6804,37.8268],[124.6849,37.8316],[124.6863,37.8323],[124.6876,37.8351],[124.6873,37.836],[124.6917,37.8386],[124.7,37.8403],[124.702,37.842],[124.7031,37.8456],[124.7013,37.8487],[124.7047,37.8498],[124.7069,37.8468]]]]}},{"type":"Feature","properties":{"c":"2872035000","n":"인천광역시 옹진군 덕적면","sg":"옹진군","sd":"인천광역시","p":1834,"a":44.32,"d":41},"geometry":{"type":"MultiPolygon","coordinates":[[[[125.9826,37.0399],[125.9868,37.0406],[125.9887,37.0399],[125.9898,37.0383],[125.9922,37.0368],[125.9942,37.0371],[125.9945,37.0348],[125.9932,37.034],[125.9923,37.0326],[125.995,37.027],[125.9984,37.0276],[126.0027,37.0246],[126.0052,37.026],[126.0131,37.0262],[126.0144,37.0262],[126.0147,37.0247],[126.0018,37.0188],[125.9989,37.0182],[125.9967,37.0181],[125.9947,37.0191],[125.9933,37.0214],[125.9904,37.0234],[125.9855,37.0229],[125.9841,37.0233],[125.9831,37.0242],[125.9818,37.0282],[125.9818,37.0294],[125.9831,37.0314],[125.979,37.0337],[125.9789,37.0356],[125.9802,37.0395],[125.9816,37.0405],[125.9826,37.0399]]],[[[126.0145,37.0592],[126.0118,37.0592],[126.0111,37.0598],[126.0128,37.0604],[126.0148,37.0598],[126.0145,37.0592]]],[[[126.0099,37.0675],[126.0085,37.0675],[126.0079,37.068],[126.0086,37.0692],[126.0101,37.0693],[126.0112,37.0681],[126.0099,37.0675]]],[[[126.0153,37.0774],[126.0157,37.0771],[126.0183,37.0778],[126.0202,37.0776],[126.0213,37.0768],[126.0196,37.0717],[126.0214,37.0692],[126.0207,37.0681],[126.014,37.0639],[126.0126,37.0635],[126.012,37.0649],[126.0143,37.0706],[126.0172,37.0735],[126.0153,37.0756],[126.0129,37.0763],[126.0128,37.0783],[126.0138,37.0785],[126.0153,37.0774]]],[[[126.0086,37.0793],[126.0066,37.08],[126.0068,37.0816],[126.0086,37.0812],[126.0093,37.08],[126.0086,37.0793]]],[[[125.9547,37.0893],[125.9585,37.0892],[125.962,37.0899],[125.9672,37.0874],[125.9671,37.0866],[125.9646,37.0809],[125.9606,37.0822],[125.9587,37.0843],[125.956,37.0851],[125.9531,37.0853],[125.9518,37.0816],[125.953,37.0786],[125.9553,37.0769],[125.9559,37.0738],[125.9555,37.0723],[125.9544,37.0716],[125.9529,37.0708],[125.9513,37.071],[125.9488,37.0719],[125.9481,37.0754],[125.9447,37.076],[125.9423,37.0775],[125.9452,37.0794],[125.9488,37.0884],[125.9523,37.0898],[125.9547,37.0893]]],[[[125.9143,37.1004],[125.9138,37.1002],[125.9128,37.1023],[125.9135,37.1034],[125.9145,37.1025],[125.9143,37.1004]]],[[[125.9146,37.1082],[125.9134,37.1083],[125.9111,37.1101],[125.9106,37.1121],[125.911,37.1156],[125.9136,37.1185],[125.9143,37.1185],[125.9174,37.1143],[125.9146,37.1082]]],[[[125.9081,37.1167],[125.9072,37.1168],[125.907,37.1204],[125.9077,37.1214],[125.9083,37.1213],[125.9086,37.1194],[125.9081,37.1167]]],[[[125.9164,37.1171],[125.9158,37.1171],[125.9145,37.1208],[125.9146,37.1245],[125.9172,37.1186],[125.9164,37.1171]]],[[[125.8936,37.1357],[125.8917,37.1361],[125.892,37.1374],[125.8951,37.1385],[125.8956,37.1378],[125.8936,37.1357]]],[[[125.9015,37.1404],[125.9032,37.14],[125.9044,37.1351],[125.9036,37.1314],[125.9016,37.1326],[125.9016,37.1344],[125.9002,37.1376],[125.8985,37.1383],[125.8998,37.1401],[125.9015,37.1404]]],[[[125.8808,37.1751],[125.8808,37.1741],[125.883,37.173],[125.8832,37.1709],[125.8826,37.1706],[125.8784,37.1711],[125.8715,37.1686],[125.8693,37.169],[125.868,37.1747],[125.8685,37.1752],[125.8728,37.1744],[125.8761,37.1748],[125.8777,37.1758],[125.8776,37.1778],[125.8784,37.1783],[125.8809,37.1777],[125.8808,37.1751]]],[[[126.1169,37.1848],[126.1155,37.1849],[126.1145,37.1859],[126.1157,37.1861],[126.1169,37.1848]]],[[[126.097,37.1873],[126.1001,37.1867],[126.1028,37.1846],[126.1052,37.182],[126.1046,37.1799],[126.1058,37.1793],[126.1102,37.1795],[126.1111,37.1808],[126.1112,37.1822],[126.1126,37.1833],[126.1135,37.1834],[126.1146,37.1822],[126.1151,37.1805],[126.1146,37.1794],[126.1121,37.177],[126.1087,37.1761],[126.108,37.1748],[126.1077,37.1726],[126.1082,37.1721],[126.1101,37.1707],[126.1111,37.171],[126.1126,37.1705],[126.1099,37.1651],[126.1067,37.1656],[126.1049,37.1666],[126.0972,37.1662],[126.094,37.167],[126.0921,37.1699],[126.087,37.1728],[126.0846,37.1764],[126.0849,37.1791],[126.0864,37.1808],[126.0892,37.1816],[126.0902,37.1849],[126.0925,37.1877],[126.0951,37.1885],[126.097,37.1873]]],[[[125.9764,37.1936],[125.9822,37.1932],[125.9853,37.1895],[125.9861,37.1876],[125.9833,37.1853],[125.9812,37.1867],[125.9814,37.188],[125.9799,37.1885],[125.9763,37.1887],[125.9752,37.1879],[125.9753,37.1862],[125.9639,37.1829],[125.9614,37.1824],[125.9604,37.1828],[125.9604,37.1847],[125.9664,37.1878],[125.9682,37.1868],[125.9727,37.1897],[125.9718,37.1949],[125.9732,37.1951],[125.9764,37.1936]]],[[[126.1123,37.1968],[126.111,37.1962],[126.1099,37.1969],[126.1099,37.1977],[126.1109,37.1987],[126.1125,37.1981],[126.1123,37.1968]]],[[[126.1054,37.206],[126.1045,37.2056],[126.1032,37.2063],[126.1038,37.2081],[126.1046,37.2084],[126.1058,37.2077],[126.1054,37.206]]],[[[126.1934,37.2162],[126.1912,37.2168],[126.1894,37.218],[126.1895,37.2188],[126.1923,37.2183],[126.1934,37.2162]]],[[[126.1872,37.2189],[126.1859,37.2194],[126.1861,37.2206],[126.1869,37.2211],[126.1872,37.2189]]],[[[126.1708,37.2269],[126.1731,37.2221],[126.1776,37.2186],[126.1799,37.218],[126.1826,37.2094],[126.1844,37.2103],[126.1876,37.2104],[126.1919,37.2093],[126.188,37.2029],[126.1857,37.2017],[126.1846,37.1999],[126.1844,37.1957],[126.1835,37.1932],[126.1815,37.1954],[126.1794,37.2004],[126.1793,37.2048],[126.1776,37.2085],[126.1778,37.2108],[126.177,37.2116],[126.1746,37.2122],[126.1696,37.2088],[126.1685,37.2113],[126.1646,37.2121],[126.1629,37.2107],[126.1614,37.2106],[126.1609,37.2111],[126.161,37.212],[126.1626,37.2131],[126.1621,37.2143],[126.1602,37.2155],[126.1597,37.2186],[126.1615,37.2218],[126.1585,37.2242],[126.1586,37.2247],[126.1643,37.2241],[126.1665,37.2267],[126.1699,37.2292],[126.1708,37.2269]]],[[[126.0902,37.2623],[126.0886,37.2616],[126.0871,37.2622],[126.087,37.2629],[126.0894,37.2652],[126.0912,37.2645],[126.0913,37.2632],[126.0902,37.2623]]],[[[126.1058,37.2741],[126.1075,37.2731],[126.1099,37.2736],[126.1107,37.272],[126.1112,37.2676],[126.1098,37.266],[126.1118,37.2583],[126.1133,37.2574],[126.115,37.2585],[126.1189,37.258],[126.1188,37.254],[126.1171,37.251],[126.1185,37.2483],[126.1207,37.2474],[126.1244,37.2504],[126.1247,37.2518],[126.1287,37.2518],[126.1311,37.2481],[126.1373,37.2469],[126.1383,37.2442],[126.1395,37.243],[126.1427,37.2416],[126.1453,37.2429],[126.1459,37.2423],[126.1457,37.2406],[126.1429,37.24],[126.1434,37.2388],[126.1485,37.2397],[126.1519,37.2392],[126.1581,37.2355],[126.1662,37.2326],[126.1662,37.231],[126.1627,37.2287],[126.1569,37.2277],[126.1556,37.2269],[126.1541,37.2221],[126.1521,37.2216],[126.1507,37.2232],[126.1491,37.223],[126.1466,37.2195],[126.1468,37.2177],[126.1481,37.2168],[126.1493,37.2164],[126.1518,37.2168],[126.1529,37.2177],[126.1573,37.216],[126.158,37.2146],[126.1549,37.2128],[126.1545,37.2108],[126.1576,37.2096],[126.1569,37.2088],[126.1525,37.2074],[126.152,37.205],[126.1492,37.2042],[126.1439,37.2048],[126.14,37.2032],[126.1399,37.2021],[126.1424,37.2005],[126.1433,37.1989],[126.1408,37.1963],[126.1369,37.1956],[126.1366,37.1975],[126.1373,37.1982],[126.1365,37.2008],[126.1335,37.2002],[126.1326,37.2011],[126.133,37.2026],[126.1377,37.2067],[126.1432,37.2093],[126.1431,37.2135],[126.1421,37.2143],[126.1394,37.2137],[126.1389,37.213],[126.1268,37.2126],[126.1197,37.2096],[126.1174,37.2093],[126.1121,37.212],[126.1106,37.2133],[126.1114,37.2144],[126.1133,37.2143],[126.1151,37.215],[126.1159,37.2162],[126.1144,37.2202],[126.1126,37.2223],[126.1117,37.2227],[126.1091,37.2207],[126.1045,37.2195],[126.1002,37.222],[126.102,37.2251],[126.1046,37.2268],[126.103,37.2297],[126.097,37.2299],[126.0944,37.2267],[126.095,37.2253],[126.0912,37.2215],[126.0891,37.2203],[126.0843,37.2211],[126.0838,37.2216],[126.0883,37.2268],[126.0897,37.2264],[126.0913,37.2299],[126.0918,37.2366],[126.0894,37.2395],[126.0895,37.2473],[126.0903,37.249],[126.093,37.2507],[126.0954,37.2536],[126.0967,37.2596],[126.098,37.2622],[126.1017,37.265],[126.1024,37.2687],[126.1001,37.2715],[126.1004,37.2728],[126.1033,37.2743],[126.1058,37.2741]]],[[[126.0924,37.2754],[126.0868,37.2757],[126.0873,37.2778],[126.0857,37.2807],[126.0785,37.2827],[126.0755,37.2846],[126.0752,37.2897],[126.0816,37.2901],[126.0843,37.2893],[126.0874,37.2859],[126.0983,37.2794],[126.0976,37.277],[126.0924,37.2754]]]]}},{"type":"Feature","properties":{"c":"2872037000","n":"인천광역시 옹진군 자월면","sg":"옹진군","sd":"인천광역시","p":927,"a":24.03,"d":39},"geometry":{"type":"MultiPolygon","coordinates":[[[[126.0797,37.1085],[126.0858,37.1075],[126.0868,37.1057],[126.0856,37.1036],[126.0887,37.1008],[126.0897,37.0989],[126.0889,37.0949],[126.0857,37.0935],[126.0816,37.0902],[126.0749,37.0835],[126.0675,37.0834],[126.0638,37.0853],[126.0623,37.0892],[126.066,37.093],[126.0675,37.0932],[126.07,37.0918],[126.0733,37.0924],[126.074,37.0956],[126.0718,37.0974],[126.0665,37.0968],[126.0653,37.0977],[126.0611,37.0948],[126.0601,37.0957],[126.0609,37.0983],[126.0626,37.0985],[126.0661,37.1031],[126.0663,37.1056],[126.0716,37.1052],[126.0767,37.1062],[126.0782,37.1081],[126.0797,37.1085]]],[[[126.2744,37.1259],[126.273,37.1254],[126.2722,37.1258],[126.272,37.1269],[126.2736,37.1272],[126.2744,37.1268],[126.2744,37.1259]]],[[[126.3013,37.1262],[126.299,37.1265],[126.2977,37.1279],[126.2981,37.1285],[126.3011,37.1301],[126.3039,37.1297],[126.3013,37.1262]]],[[[126.2688,37.1333],[126.2668,37.1332],[126.2666,37.1346],[126.2688,37.1347],[126.2688,37.1333]]],[[[126.3016,37.1399],[126.3025,37.1395],[126.3043,37.1397],[126.3069,37.1385],[126.3096,37.1331],[126.3083,37.1314],[126.3046,37.1316],[126.3053,37.1333],[126.3043,37.1359],[126.3036,37.1369],[126.301,37.1375],[126.2995,37.1402],[126.3,37.1406],[126.3016,37.1399]]],[[[126.275,37.1509],[126.2776,37.1507],[126.2783,37.1493],[126.276,37.1459],[126.2763,37.1444],[126.2781,37.1422],[126.2759,37.1404],[126.272,37.1443],[126.2711,37.1489],[126.2717,37.15],[126.275,37.1509]]],[[[126.3232,37.1509],[126.3216,37.1507],[126.3179,37.1521],[126.3179,37.1531],[126.3218,37.1545],[126.3239,37.1546],[126.3248,37.1531],[126.3232,37.1509]]],[[[126.2882,37.1721],[126.2867,37.172],[126.2858,37.1726],[126.2865,37.1741],[126.2878,37.1745],[126.2887,37.1736],[126.2882,37.1721]]],[[[126.2965,37.1736],[126.2985,37.1729],[126.3008,37.1737],[126.3028,37.1738],[126.3055,37.1716],[126.3073,37.1711],[126.3095,37.1721],[126.3122,37.1723],[126.3152,37.1699],[126.3148,37.1691],[126.3174,37.1669],[126.3259,37.1613],[126.3222,37.1587],[126.3204,37.1581],[126.3159,37.1605],[126.3128,37.1583],[126.3061,37.1582],[126.3054,37.1595],[126.3066,37.161],[126.3061,37.1621],[126.3006,37.1648],[126.2986,37.1641],[126.2946,37.1646],[126.2943,37.1655],[126.2951,37.1669],[126.295,37.1681],[126.2902,37.1706],[126.2895,37.1721],[126.2899,37.1754],[126.2947,37.1761],[126.2954,37.1743],[126.2965,37.1736]]],[[[126.2561,37.1818],[126.2571,37.1809],[126.2617,37.1811],[126.2645,37.1792],[126.267,37.1755],[126.2685,37.1754],[126.2712,37.1765],[126.2718,37.1701],[126.2743,37.1651],[126.2769,37.1641],[126.283,37.1636],[126.2848,37.1625],[126.2821,37.1574],[126.2798,37.157],[126.2725,37.1596],[126.272,37.1606],[126.2729,37.1624],[126.2726,37.1631],[126.2685,37.1663],[126.2657,37.1676],[126.2589,37.1689],[126.2544,37.1708],[126.2493,37.1698],[126.2436,37.1738],[126.2437,37.1761],[126.246,37.1784],[126.2485,37.179],[126.2501,37.1774],[126.2526,37.1775],[126.2537,37.1784],[126.2528,37.181],[126.2548,37.1822],[126.2561,37.1818]]],[[[126.2974,37.1838],[126.297,37.1835],[126.295,37.1841],[126.295,37.1852],[126.2962,37.1861],[126.2978,37.1859],[126.2982,37.1852],[126.2974,37.1838]]],[[[126.2166,37.1891],[126.218,37.1886],[126.2199,37.189],[126.2202,37.188],[126.2184,37.1855],[126.2183,37.1843],[126.2223,37.1821],[126.2243,37.1824],[126.226,37.184],[126.2262,37.1873],[126.227,37.188],[126.2334,37.1866],[126.2403,37.1866],[126.2449,37.1845],[126.2467,37.1849],[126.249,37.1838],[126.2493,37.183],[126.2485,37.1823],[126.2441,37.182],[126.2403,37.1805],[126.2396,37.179],[126.2418,37.1771],[126.2414,37.1763],[126.2392,37.1762],[126.2378,37.1777],[126.2329,37.1792],[126.2284,37.1775],[126.2235,37.1796],[126.2209,37.1781],[126.2199,37.1782],[126.2148,37.1822],[126.2139,37.184],[126.214,37.1868],[126.2151,37.1886],[126.2166,37.1891]]],[[[126.2146,37.1903],[126.2116,37.1907],[126.2112,37.1918],[126.2124,37.193],[126.2151,37.1913],[126.2154,37.1907],[126.2146,37.1903]]],[[[126.3143,37.2117],[126.3102,37.2117],[126.3092,37.2121],[126.3092,37.2131],[126.3098,37.2143],[126.3127,37.2166],[126.3137,37.2215],[126.3154,37.223],[126.3162,37.223],[126.3197,37.2187],[126.3211,37.2131],[126.3197,37.2123],[126.3143,37.2117]]],[[[126.2978,37.2661],[126.3015,37.2663],[126.3034,37.2657],[126.3052,37.2639],[126.3072,37.263],[126.3154,37.2625],[126.3207,37.2592],[126.3255,37.2572],[126.3281,37.2575],[126.3285,37.2607],[126.3306,37.2588],[126.3302,37.2571],[126.3314,37.2554],[126.3337,37.2556],[126.3348,37.2567],[126.334,37.2578],[126.3337,37.2614],[126.3351,37.2631],[126.3383,37.2636],[126.3405,37.2633],[126.343,37.2621],[126.3478,37.261],[126.349,37.2593],[126.3429,37.25],[126.3404,37.2488],[126.3357,37.2482],[126.3313,37.2454],[126.3268,37.2453],[126.3261,37.2455],[126.3259,37.2473],[126.3232,37.2471],[126.3208,37.2458],[126.3196,37.2442],[126.3184,37.244],[126.3169,37.2443],[126.3166,37.2478],[126.3157,37.2485],[126.3131,37.2493],[126.3107,37.2489],[126.3105,37.2476],[126.3116,37.2462],[126.3107,37.2458],[126.3098,37.2461],[126.3085,37.2473],[126.3077,37.2511],[126.3055,37.2527],[126.3032,37.2534],[126.3013,37.253],[126.2996,37.2514],[126.2969,37.2519],[126.2943,37.2562],[126.2914,37.256],[126.2867,37.26],[126.2841,37.259],[126.2809,37.2586],[126.2779,37.2631],[126.279,37.2644],[126.2822,37.264],[126.2833,37.2654],[126.2842,37.2688],[126.2834,37.2709],[126.2857,37.2722],[126.2884,37.272],[126.2887,37.2708],[126.288,37.27],[126.2892,37.2676],[126.2978,37.2661]]],[[[126.2764,37.3137],[126.2711,37.3163],[126.2718,37.3194],[126.2736,37.3192],[126.2746,37.3163],[126.2768,37.3151],[126.2764,37.3137]]],[[[126.2653,37.3258],[126.2643,37.3259],[126.264,37.327],[126.2667,37.3307],[126.2675,37.3314],[126.2698,37.3317],[126.2703,37.3307],[126.2695,37.3291],[126.2653,37.3258]]]]}},{"type":"Feature","properties":{"c":"2872036000","n":"인천광역시 옹진군 영흥면","sg":"옹진군","sd":"인천광역시","p":6442,"a":30.344,"d":212},"geometry":{"type":"MultiPolygon","coordinates":[[[[126.3683,37.187],[126.3667,37.1873],[126.3667,37.1886],[126.3686,37.1887],[126.369,37.1874],[126.3683,37.187]]],[[[126.3701,37.192],[126.3686,37.1923],[126.3687,37.1936],[126.37,37.1932],[126.3701,37.192]]],[[[126.3623,37.203],[126.3606,37.2027],[126.3599,37.2036],[126.3604,37.2044],[126.362,37.2044],[126.3623,37.203]]],[[[126.4385,37.2067],[126.4376,37.2065],[126.4365,37.207],[126.4357,37.2082],[126.4361,37.2091],[126.4385,37.2081],[126.4385,37.2067]]],[[[126.3667,37.2102],[126.3628,37.2098],[126.3625,37.2134],[126.3634,37.2137],[126.3669,37.2114],[126.3667,37.2102]]],[[[126.3949,37.2186],[126.3918,37.2185],[126.3906,37.2193],[126.3907,37.2199],[126.3949,37.2196],[126.3949,37.2186]]],[[[126.3871,37.2194],[126.3854,37.2194],[126.3844,37.2203],[126.3855,37.2231],[126.3864,37.2228],[126.3877,37.2202],[126.3871,37.2194]]],[[[126.5151,37.2282],[126.5128,37.2277],[126.5112,37.2319],[126.5121,37.2336],[126.5152,37.2348],[126.5183,37.234],[126.5192,37.2322],[126.518,37.2299],[126.5151,37.2282]]],[[[126.4,37.2422],[126.3991,37.2415],[126.3948,37.2413],[126.3923,37.2418],[126.3878,37.2405],[126.3852,37.241],[126.3861,37.2422],[126.3906,37.2422],[126.3923,37.2432],[126.3935,37.2451],[126.3977,37.2441],[126.4,37.2422]]],[[[126.5241,37.2576],[126.5296,37.2521],[126.5294,37.2503],[126.5266,37.2491],[126.5272,37.248],[126.5313,37.2457],[126.5344,37.2389],[126.5392,37.2356],[126.5406,37.2338],[126.5394,37.232],[126.5322,37.2319],[126.5239,37.2355],[126.5239,37.2368],[126.5257,37.2389],[126.5255,37.2455],[126.5214,37.2497],[126.5151,37.2505],[126.513,37.2529],[126.5123,37.2547],[126.5144,37.2572],[126.5201,37.2582],[126.5205,37.2592],[126.5218,37.2597],[126.5215,37.258],[126.5241,37.2576]]],[[[126.4721,37.2845],[126.4753,37.2824],[126.4816,37.2813],[126.487,37.2826],[126.4974,37.2771],[126.4964,37.2746],[126.4947,37.2732],[126.4943,37.2714],[126.4968,37.2638],[126.5011,37.2592],[126.5016,37.2576],[126.5005,37.2546],[126.4984,37.2531],[126.4959,37.2531],[126.4954,37.2564],[126.4926,37.259],[126.4906,37.2596],[126.488,37.2595],[126.4866,37.2575],[126.4889,37.2542],[126.4893,37.2509],[126.4892,37.2503],[126.4875,37.2499],[126.4858,37.2501],[126.4856,37.2511],[126.4824,37.2549],[126.4798,37.2548],[126.4768,37.2536],[126.4763,37.2526],[126.4829,37.2492],[126.4828,37.2476],[126.4807,37.2443],[126.4825,37.2432],[126.483,37.2419],[126.4815,37.2411],[126.4746,37.2403],[126.4704,37.2383],[126.4687,37.2351],[126.4687,37.2322],[126.459,37.2261],[126.46,37.225],[126.4599,37.2242],[126.4586,37.2237],[126.457,37.2242],[126.4526,37.229],[126.4425,37.2312],[126.4354,37.2311],[126.4316,37.233],[126.4315,37.2472],[126.4356,37.2472],[126.4347,37.2511],[126.435,37.2545],[126.4328,37.2599],[126.4286,37.2613],[126.4278,37.2623],[126.4293,37.2638],[126.4353,37.2652],[126.4362,37.266],[126.4363,37.2672],[126.4339,37.2688],[126.4336,37.2741],[126.4345,37.2748],[126.436,37.275],[126.4378,37.2729],[126.4406,37.2729],[126.4433,37.2737],[126.4475,37.2719],[126.4511,37.2742],[126.4537,37.2777],[126.4534,37.2787],[126.4504,37.2796],[126.4516,37.2823],[126.4542,37.283],[126.4579,37.2829],[126.4665,37.2841],[126.4693,37.2861],[126.4706,37.2878],[126.4707,37.2857],[126.4721,37.2845]]]]}},{"type":"Feature","properties":{"c":"4111156000","n":"경기도 수원시장안구 파장동","sg":"수원시장안구","sd":"경기도","p":24524,"a":8.568,"d":2862},"geometry":{"type":"MultiPolygon","coordinates":[[[[127.0061,37.3381],[127.0071,37.335],[127.0064,37.3324],[127.0033,37.3296],[127.0023,37.3269],[127.0054,37.3238],[127.006,37.3212],[127.008,37.3187],[127.0024,37.3126],[127.0026,37.3104],[126.9971,37.3031],[126.9958,37.3055],[126.9924,37.3062],[126.9884,37.309],[126.9867,37.3117],[126.9817,37.3098],[126.9822,37.3062],[126.9739,37.3051],[126.9727,37.3055],[126.9739,37.3091],[126.9669,37.3232],[126.9712,37.3318],[126.9809,37.3266],[126.9828,37.3267],[126.9871,37.3294],[126.9914,37.334],[127.0005,37.3385],[127.0061,37.3381]]]]}},{"type":"Feature","properties":{"c":"4111156600","n":"경기도 수원시장안구 율천동","sg":"수원시장안구","sd":"경기도","p":39330,"a":2.896,"d":13579},"geometry":{"type":"MultiPolygon","coordinates":[[[[126.9727,37.3055],[126.9727,37.3003],[126.9774,37.299],[126.9844,37.2913],[126.9776,37.2884],[126.9788,37.2866],[126.9743,37.2855],[126.9696,37.2866],[126.9698,37.2887],[126.9681,37.2943],[126.965,37.2968],[126.9637,37.2987],[126.9642,37.3027],[126.9611,37.302],[126.964,37.3044],[126.9663,37.3082],[126.9667,37.313],[126.9677,37.3159],[126.97,37.3169],[126.9739,37.3091],[126.9727,37.3055]]]]}},{"type":"Feature","properties":{"c":"4111157100","n":"경기도 수원시장안구 정자1동","sg":"수원시장안구","sd":"경기도","p":33197,"a":1.133,"d":29298},"geometry":{"type":"MultiPolygon","coordinates":[[[[126.9971,37.3031],[126.9981,37.3005],[126.9977,37.2978],[126.9958,37.3002],[126.9913,37.2985],[126.9895,37.3016],[126.9875,37.302],[126.9845,37.3015],[126.9825,37.3042],[126.9817,37.3098],[126.9867,37.3117],[126.9884,37.309],[126.9924,37.3062],[126.9958,37.3055],[126.9971,37.3031]]]]}},{"type":"Feature","properties":{"c":"4111157200","n":"경기도 수원시장안구 정자2동","sg":"수원시장안구","sd":"경기도","p":38129,"a":1.291,"d":29542},"geometry":{"type":"MultiPolygon","coordinates":[[[[127.0094,37.2954],[127.011,37.2932],[126.9905,37.2862],[126.9884,37.2896],[126.9861,37.2894],[126.9872,37.2901],[126.988,37.2921],[126.9939,37.2944],[126.9978,37.298],[126.9991,37.2968],[127.0017,37.2962],[127.0094,37.2954]]]]}},{"type":"Feature","properties":{"c":"4111158000","n":"경기도 수원시장안구 영화동","sg":"수원시장안구","sd":"경기도","p":17632,"a":1.247,"d":14136},"geometry":{"type":"MultiPolygon","coordinates":[[[[127.0176,37.2878],[127.0148,37.2894],[127.0128,37.2875],[127.0092,37.2855],[127.0061,37.2859],[127.0006,37.2898],[127.0193,37.2962],[127.0255,37.2978],[127.0266,37.2973],[127.0176,37.2878]]]]}},{"type":"Feature","properties":{"c":"4111159100","n":"경기도 수원시장안구 송죽동","sg":"수원시장안구","sd":"경기도","p":17891,"a":1.669,"d":10717},"geometry":{"type":"MultiPolygon","coordinates":[[[[127.0128,37.3165],[127.0128,37.314],[127.0078,37.3109],[127.0045,37.3061],[127.0043,37.3046],[127.0094,37.3015],[127.0069,37.2987],[127.0094,37.2954],[126.9991,37.2968],[126.9978,37.298],[126.9981,37.3005],[126.9971,37.3031],[127.0026,37.3104],[127.0021,37.3123],[127.008,37.3187],[127.0115,37.3186],[127.0128,37.3165]]]]}},{"type":"Feature","properties":{"c":"4111159700","n":"경기도 수원시장안구 조원1동","sg":"수원시장안구","sd":"경기도","p":27064,"a":1.653,"d":16377},"geometry":{"type":"MultiPolygon","coordinates":[[[[127.0255,37.2978],[127.011,37.2932],[127.0069,37.2987],[127.0139,37.3063],[127.0182,37.3069],[127.0232,37.3068],[127.024,37.3075],[127.0246,37.3055],[127.024,37.3034],[127.0245,37.3001],[127.0255,37.2978]]]]}},{"type":"Feature","properties":{"c":"4111160000","n":"경기도 수원시장안구 연무동","sg":"수원시장안구","sd":"경기도","p":16890,"a":11.704,"d":1443},"geometry":{"type":"MultiPolygon","coordinates":[[[[127.0334,37.3447],[127.0321,37.3424],[127.0315,37.337],[127.0349,37.3343],[127.0369,37.3294],[127.0383,37.3285],[127.0372,37.3273],[127.0373,37.3264],[127.0399,37.3213],[127.0389,37.3208],[127.0381,37.3162],[127.0342,37.3138],[127.0323,37.3096],[127.0333,37.307],[127.0326,37.2988],[127.0345,37.2954],[127.0346,37.2937],[127.033,37.2926],[127.0265,37.2913],[127.0251,37.2895],[127.0238,37.2893],[127.0225,37.2881],[127.0187,37.2871],[127.0176,37.2878],[127.0178,37.2884],[127.0266,37.2973],[127.0255,37.2978],[127.0245,37.3001],[127.024,37.3034],[127.0245,37.307],[127.0171,37.3141],[127.0128,37.3165],[127.0115,37.3186],[127.008,37.3187],[127.006,37.3212],[127.0054,37.3238],[127.0023,37.3269],[127.0027,37.3282],[127.0033,37.3296],[127.0064,37.3324],[127.0071,37.335],[127.0061,37.3381],[127.0065,37.3386],[127.0091,37.3388],[127.0109,37.3432],[127.0126,37.3451],[127.0133,37.3478],[127.0146,37.3492],[127.0185,37.3504],[127.0188,37.3516],[127.0251,37.3485],[127.0263,37.3486],[127.0288,37.3476],[127.0334,37.3447]]]]}},{"type":"Feature","properties":{"c":"4111157300","n":"경기도 수원시장안구 정자3동","sg":"수원시장안구","sd":"경기도","p":38090,"a":1.853,"d":20558},"geometry":{"type":"MultiPolygon","coordinates":[[[[126.9977,37.2978],[126.9939,37.2944],[126.988,37.2921],[126.9872,37.2901],[126.9861,37.2894],[126.9774,37.299],[126.9727,37.3003],[126.9727,37.3055],[126.9739,37.3051],[126.9822,37.3062],[126.9827,37.3039],[126.9845,37.3015],[126.9875,37.302],[126.9895,37.3016],[126.9913,37.2985],[126.9958,37.3002],[126.9977,37.2978]]]]}},{"type":"Feature","properties":{"c":"4111159800","n":"경기도 수원시장안구 조원2동","sg":"수원시장안구","sd":"경기도","p":17044,"a":1.28,"d":13314},"geometry":{"type":"MultiPolygon","coordinates":[[[[127.024,37.3075],[127.0232,37.3068],[127.0182,37.3069],[127.0139,37.3063],[127.0094,37.3015],[127.0043,37.3046],[127.0046,37.3065],[127.0078,37.3109],[127.0128,37.314],[127.0128,37.3165],[127.0171,37.3141],[127.024,37.3075]]]]}},{"type":"Feature","properties":{"c":"4111352000","n":"경기도 수원시권선구 세류1동","sg":"수원시권선구","sd":"경기도","p":9492,"a":0.781,"d":12149},"geometry":{"type":"MultiPolygon","coordinates":[[[[127.0122,37.2663],[127.0084,37.2595],[127.0076,37.256],[127.0035,37.2543],[126.9981,37.2535],[126.9987,37.2556],[127.0036,37.2595],[127.001,37.2634],[127.0019,37.2641],[127.0072,37.2636],[127.0098,37.2676],[127.0122,37.2663]]]]}},{"type":"Feature","properties":{"c":"4111353000","n":"경기도 수원시권선구 세류2동","sg":"수원시권선구","sd":"경기도","p":21752,"a":3.904,"d":5571},"geometry":{"type":"MultiPolygon","coordinates":[[[[127.0203,37.2531],[127.0177,37.2479],[127.0156,37.2371],[127.0129,37.2361],[127.0096,37.2366],[127.003,37.2328],[127.0029,37.2305],[127.0037,37.2293],[126.9976,37.2302],[126.9975,37.2375],[126.9981,37.2375],[127.0008,37.2436],[127.0005,37.2468],[126.9987,37.2492],[126.9984,37.2536],[127.0035,37.2543],[127.0071,37.2557],[127.0084,37.2595],[127.0122,37.2587],[127.0113,37.2561],[127.0153,37.256],[127.0148,37.2551],[127.0203,37.2531]]]]}},{"type":"Feature","properties":{"c":"4111354000","n":"경기도 수원시권선구 세류3동","sg":"수원시권선구","sd":"경기도","p":16899,"a":0.875,"d":19315},"geometry":{"type":"MultiPolygon","coordinates":[[[[127.0207,37.2645],[127.017,37.2574],[127.0219,37.2562],[127.0203,37.2531],[127.0148,37.2551],[127.0153,37.256],[127.0113,37.2561],[127.0122,37.2587],[127.0084,37.2595],[127.0122,37.2663],[127.0136,37.2645],[127.0207,37.2645]]]]}},{"type":"Feature","properties":{"c":"4111355000","n":"경기도 수원시권선구 평동","sg":"수원시권선구","sd":"경기도","p":40873,"a":10.874,"d":3759},"geometry":{"type":"MultiPolygon","coordinates":[[[[127.001,37.2634],[127.0036,37.2595],[126.9987,37.2556],[126.9981,37.2535],[126.9987,37.2492],[127.0005,37.2468],[127.0008,37.2436],[126.9981,37.2375],[126.9975,37.2375],[126.9976,37.2302],[126.9926,37.2309],[126.9881,37.2336],[126.9857,37.2326],[126.9804,37.2322],[126.9782,37.2296],[126.9728,37.2287],[126.9704,37.2292],[126.967,37.2356],[126.9578,37.2398],[126.9574,37.2404],[126.958,37.2426],[126.9562,37.2468],[126.9534,37.2481],[126.9527,37.2491],[126.9522,37.2515],[126.9529,37.2527],[126.9607,37.2536],[126.9673,37.2583],[126.9674,37.2564],[126.9687,37.2559],[126.9738,37.2566],[126.9734,37.2596],[126.9776,37.2586],[126.9836,37.258],[126.9959,37.2618],[126.999,37.2629],[127.0004,37.2642],[127.001,37.2634]]]]}},{"type":"Feature","properties":{"c":"4111356000","n":"경기도 수원시권선구 서둔동","sg":"수원시권선구","sd":"경기도","p":36560,"a":5.521,"d":6622},"geometry":{"type":"MultiPolygon","coordinates":[[[[126.9931,37.2774],[126.9974,37.2699],[126.9987,37.2662],[127.0004,37.2642],[126.999,37.2629],[126.9836,37.258],[126.9776,37.2586],[126.9734,37.2596],[126.9738,37.2566],[126.9687,37.2559],[126.9674,37.2564],[126.9675,37.2594],[126.9705,37.2611],[126.9707,37.2628],[126.9677,37.2679],[126.9621,37.2732],[126.9796,37.2762],[126.9784,37.2774],[126.9785,37.2829],[126.9839,37.2843],[126.9866,37.2821],[126.9866,37.2794],[126.9857,37.2775],[126.9859,37.2749],[126.9869,37.2748],[126.9931,37.2774]]]]}},{"type":"Feature","properties":{"c":"4111365000","n":"경기도 수원시권선구 구운동","sg":"수원시권선구","sd":"경기도","p":22443,"a":2.065,"d":10867},"geometry":{"type":"MultiPolygon","coordinates":[[[[126.9697,37.2878],[126.9696,37.2866],[126.9743,37.2855],[126.9788,37.2866],[126.9813,37.2835],[126.9785,37.2829],[126.9784,37.2774],[126.9796,37.2762],[126.9621,37.2732],[126.9594,37.2798],[126.9609,37.2802],[126.9618,37.2819],[126.9651,37.2834],[126.9631,37.2888],[126.9666,37.2877],[126.9697,37.2878]]]]}},{"type":"Feature","properties":{"c":"4111366400","n":"경기도 수원시권선구 호매실동","sg":"수원시권선구","sd":"경기도","p":43709,"a":4.751,"d":9199},"geometry":{"type":"MultiPolygon","coordinates":[[[[126.9621,37.2732],[126.9677,37.2679],[126.9707,37.2628],[126.9705,37.2611],[126.9691,37.2607],[126.9675,37.2594],[126.9674,37.2584],[126.9607,37.2536],[126.9532,37.2529],[126.9522,37.2515],[126.9507,37.2524],[126.95,37.2538],[126.95,37.2558],[126.9485,37.2568],[126.9465,37.2575],[126.9395,37.2566],[126.9351,37.2569],[126.932,37.2606],[126.9308,37.261],[126.9371,37.2632],[126.9388,37.2658],[126.9386,37.2664],[126.9417,37.2705],[126.9429,37.2712],[126.9453,37.2713],[126.9462,37.2705],[126.9484,37.2707],[126.9529,37.2688],[126.956,37.2688],[126.959,37.2704],[126.9621,37.2732]]]]}},{"type":"Feature","properties":{"c":"4111369000","n":"경기도 수원시권선구 곡선동","sg":"수원시권선구","sd":"경기도","p":34582,"a":3.619,"d":9557},"geometry":{"type":"MultiPolygon","coordinates":[[[[127.0425,37.2512],[127.0396,37.247],[127.0403,37.2446],[127.0371,37.2405],[127.0367,37.2384],[127.0296,37.232],[127.0229,37.2295],[127.024,37.2272],[127.022,37.2245],[127.0214,37.2242],[127.0136,37.2269],[127.0099,37.2273],[127.0032,37.2299],[127.003,37.2328],[127.0096,37.2366],[127.0129,37.2361],[127.0156,37.2371],[127.016,37.2378],[127.0193,37.2379],[127.0213,37.2339],[127.0235,37.235],[127.0272,37.2379],[127.0324,37.2468],[127.0351,37.2529],[127.037,37.2524],[127.0395,37.2542],[127.0404,37.2524],[127.0425,37.2512]]]]}},{"type":"Feature","properties":{"c":"4111370000","n":"경기도 수원시권선구 입북동","sg":"수원시권선구","sd":"경기도","p":19616,"a":7.014,"d":2797},"geometry":{"type":"MultiPolygon","coordinates":[[[[126.9611,37.302],[126.9642,37.3027],[126.9637,37.2987],[126.965,37.2968],[126.9681,37.2943],[126.9698,37.2887],[126.9697,37.2878],[126.9666,37.2877],[126.9631,37.2888],[126.9651,37.2834],[126.9618,37.2819],[126.9609,37.2802],[126.96,37.2801],[126.9528,37.283],[126.944,37.2814],[126.9413,37.2816],[126.9405,37.2797],[126.9423,37.2774],[126.9414,37.2771],[126.9341,37.2774],[126.9331,37.2781],[126.9274,37.2788],[126.9293,37.286],[126.9314,37.2884],[126.933,37.2916],[126.9395,37.2953],[126.9393,37.2969],[126.9355,37.298],[126.9326,37.3008],[126.9328,37.303],[126.9347,37.3031],[126.9416,37.301],[126.9517,37.3006],[126.9543,37.3031],[126.9611,37.302]]]]}},{"type":"Feature","properties":{"c":"4111366200","n":"경기도 수원시권선구 금곡동","sg":"수원시권선구","sd":"경기도","p":44194,"a":4.082,"d":10827},"geometry":{"type":"MultiPolygon","coordinates":[[[[126.96,37.2801],[126.9594,37.2798],[126.9621,37.2732],[126.959,37.2704],[126.956,37.2688],[126.9529,37.2688],[126.9484,37.2707],[126.9462,37.2705],[126.9453,37.2713],[126.9429,37.2712],[126.9417,37.2705],[126.9386,37.2664],[126.9388,37.2658],[126.9371,37.2632],[126.9308,37.261],[126.929,37.2637],[126.9273,37.2714],[126.9287,37.2767],[126.9274,37.2788],[126.9331,37.2781],[126.9341,37.2774],[126.9414,37.2771],[126.9423,37.2774],[126.9405,37.2797],[126.9413,37.2816],[126.944,37.2814],[126.9528,37.283],[126.96,37.2801]]]]}},{"type":"Feature","properties":{"c":"4111368000","n":"경기도 수원시권선구 권선2동","sg":"수원시권선구","sd":"경기도","p":46129,"a":2.488,"d":18540},"geometry":{"type":"MultiPolygon","coordinates":[[[[127.0351,37.2529],[127.0324,37.2468],[127.0272,37.2379],[127.0257,37.2364],[127.0213,37.2339],[127.0193,37.2379],[127.016,37.2378],[127.0157,37.2394],[127.0177,37.2479],[127.0219,37.2562],[127.0351,37.2529]]]]}},{"type":"Feature","properties":{"c":"4111570000","n":"경기도 수원시팔달구 지동","sg":"수원시팔달구","sd":"경기도","p":11351,"a":0.816,"d":13904},"geometry":{"type":"MultiPolygon","coordinates":[[[[127.0251,37.2895],[127.0311,37.2782],[127.0291,37.2782],[127.0267,37.2767],[127.022,37.2753],[127.0197,37.2753],[127.0188,37.2781],[127.0243,37.2854],[127.0253,37.2874],[127.0251,37.2895]]]]}},{"type":"Feature","properties":{"c":"4111571000","n":"경기도 수원시팔달구 우만1동","sg":"수원시팔달구","sd":"경기도","p":17744,"a":1.385,"d":12812},"geometry":{"type":"MultiPolygon","coordinates":[[[[127.0388,37.2848],[127.0384,37.2837],[127.0366,37.2839],[127.0336,37.2831],[127.0317,37.2781],[127.0311,37.2782],[127.0251,37.2895],[127.0272,37.2916],[127.033,37.2926],[127.0339,37.2932],[127.0383,37.293],[127.0432,37.2904],[127.0429,37.2894],[127.0388,37.2857],[127.0388,37.2848]]]]}},{"type":"Feature","properties":{"c":"4111572000","n":"경기도 수원시팔달구 우만2동","sg":"수원시팔달구","sd":"경기도","p":15423,"a":0.82,"d":18815},"geometry":{"type":"MultiPolygon","coordinates":[[[[127.0441,37.2854],[127.0417,37.2841],[127.0438,37.2792],[127.0441,37.2747],[127.0317,37.2781],[127.0336,37.2831],[127.0366,37.2839],[127.0384,37.2837],[127.0388,37.2848],[127.0406,37.2857],[127.0434,37.2859],[127.0441,37.2854]]]]}},{"type":"Feature","properties":{"c":"4111573000","n":"경기도 수원시팔달구 인계동","sg":"수원시팔달구","sd":"경기도","p":45266,"a":2.945,"d":15372},"geometry":{"type":"MultiPolygon","coordinates":[[[[127.0311,37.2782],[127.0404,37.2759],[127.0402,37.2754],[127.037,37.2751],[127.0383,37.2695],[127.0348,37.2679],[127.0359,37.2664],[127.0404,37.2653],[127.0367,37.2565],[127.0305,37.2582],[127.0313,37.2615],[127.0207,37.2645],[127.0191,37.2661],[127.0182,37.2723],[127.0197,37.2753],[127.022,37.2753],[127.0267,37.2767],[127.0291,37.2782],[127.0311,37.2782]]]]}},{"type":"Feature","properties":{"c":"4111565000","n":"경기도 수원시팔달구 매교동","sg":"수원시팔달구","sd":"경기도","p":21742,"a":0.649,"d":33482},"geometry":{"type":"MultiPolygon","coordinates":[[[[127.0182,37.2723],[127.0191,37.2661],[127.0207,37.2645],[127.0136,37.2645],[127.0122,37.2663],[127.0098,37.2676],[127.0115,37.2711],[127.0118,37.2739],[127.0156,37.2746],[127.0161,37.2726],[127.0175,37.2712],[127.0182,37.2723]]]]}},{"type":"Feature","properties":{"c":"4111566000","n":"경기도 수원시팔달구 매산동","sg":"수원시팔달구","sd":"경기도","p":9786,"a":0.888,"d":11025},"geometry":{"type":"MultiPolygon","coordinates":[[[[127.0118,37.2739],[127.0112,37.2704],[127.0072,37.2636],[127.0019,37.2641],[127.001,37.2634],[126.9987,37.2662],[126.9974,37.2699],[126.9985,37.2697],[127.0004,37.2704],[127.0045,37.2694],[127.0078,37.2707],[127.0087,37.2724],[127.0078,37.2734],[127.0082,37.2763],[127.0101,37.2762],[127.0107,37.2776],[127.012,37.2764],[127.0118,37.2739]]]]}},{"type":"Feature","properties":{"c":"4111567000","n":"경기도 수원시팔달구 고등동","sg":"수원시팔달구","sd":"경기도","p":19126,"a":0.976,"d":19600},"geometry":{"type":"MultiPolygon","coordinates":[[[[127.0099,37.2794],[127.0108,37.2769],[127.0101,37.2762],[127.0082,37.2763],[127.0078,37.2734],[127.0087,37.2724],[127.0078,37.2707],[127.0045,37.2694],[127.0004,37.2704],[126.9985,37.2697],[126.9974,37.2699],[126.9954,37.2736],[126.9966,37.2761],[127.0033,37.2772],[127.0044,37.2788],[127.0081,37.2797],[127.0099,37.2794]]]]}},{"type":"Feature","properties":{"c":"4111568000","n":"경기도 수원시팔달구 화서1동","sg":"수원시팔달구","sd":"경기도","p":20320,"a":0.956,"d":21264},"geometry":{"type":"MultiPolygon","coordinates":[[[[127.0092,37.2855],[127.0082,37.2838],[127.0099,37.2811],[127.0099,37.2794],[127.0081,37.2797],[127.0044,37.2788],[127.0033,37.2772],[126.9979,37.2766],[126.9966,37.2761],[126.9954,37.2736],[126.9931,37.2774],[126.9927,37.2802],[126.9972,37.2829],[127.0003,37.2821],[127.0027,37.283],[127.005,37.2845],[127.0053,37.2866],[127.0061,37.2859],[127.0092,37.2855]]]]}},{"type":"Feature","properties":{"c":"4111569000","n":"경기도 수원시팔달구 화서2동","sg":"수원시팔달구","sd":"경기도","p":23669,"a":1.955,"d":12108},"geometry":{"type":"MultiPolygon","coordinates":[[[[126.9861,37.2894],[126.9884,37.2896],[126.9905,37.2862],[127.0006,37.2898],[127.0053,37.2866],[127.005,37.2845],[127.0007,37.2821],[126.9972,37.2829],[126.9927,37.2802],[126.9931,37.2774],[126.9863,37.2748],[126.9857,37.2775],[126.9866,37.2794],[126.9866,37.2823],[126.9839,37.2843],[126.9813,37.2835],[126.9776,37.2884],[126.9844,37.2913],[126.9861,37.2894]]]]}},{"type":"Feature","properties":{"c":"4111574000","n":"경기도 수원시팔달구 행궁동","sg":"수원시팔달구","sd":"경기도","p":8898,"a":1.633,"d":5448},"geometry":{"type":"MultiPolygon","coordinates":[[[[127.0197,37.2753],[127.0175,37.2712],[127.0161,37.2726],[127.0156,37.2746],[127.0118,37.2739],[127.012,37.2764],[127.0107,37.2776],[127.0099,37.2811],[127.0082,37.2843],[127.0148,37.2894],[127.0187,37.2871],[127.0215,37.2876],[127.0247,37.2895],[127.0253,37.2874],[127.0243,37.2854],[127.0188,37.2781],[127.0197,37.2753]]]]}},{"type":"Feature","properties":{"c":"4111751000","n":"경기도 수원시영통구 매탄1동","sg":"수원시영통구","sd":"경기도","p":10050,"a":0.597,"d":16844},"geometry":{"type":"MultiPolygon","coordinates":[[[[127.0441,37.2747],[127.048,37.2735],[127.0434,37.2715],[127.0404,37.2653],[127.0359,37.2664],[127.0348,37.2679],[127.0383,37.2695],[127.037,37.2751],[127.0402,37.2754],[127.0404,37.2759],[127.0441,37.2747]]]]}},{"type":"Feature","properties":{"c":"4111752000","n":"경기도 수원시영통구 매탄2동","sg":"수원시영통구","sd":"경기도","p":13261,"a":0.618,"d":21446},"geometry":{"type":"MultiPolygon","coordinates":[[[[127.0554,37.2672],[127.0428,37.2705],[127.0434,37.2715],[127.048,37.2735],[127.0529,37.2732],[127.0584,37.2712],[127.0583,37.2686],[127.0554,37.2672]]]]}},{"type":"Feature","properties":{"c":"4111753000","n":"경기도 수원시영통구 매탄3동","sg":"수원시영통구","sd":"경기도","p":33727,"a":3.243,"d":10401},"geometry":{"type":"MultiPolygon","coordinates":[[[[127.0616,37.2645],[127.0601,37.2577],[127.063,37.2573],[127.0647,37.2562],[127.0616,37.253],[127.06,37.2523],[127.0597,37.2526],[127.0593,37.252],[127.0574,37.2522],[127.0583,37.2511],[127.0562,37.2503],[127.0564,37.2491],[127.0532,37.2486],[127.0504,37.2494],[127.0497,37.2483],[127.048,37.2484],[127.0482,37.2497],[127.0475,37.2502],[127.0465,37.2494],[127.0469,37.2504],[127.0459,37.251],[127.0426,37.2468],[127.0411,37.2474],[127.0404,37.247],[127.041,37.2444],[127.04,37.2433],[127.0403,37.245],[127.0396,37.247],[127.0425,37.2512],[127.0404,37.2524],[127.0395,37.2542],[127.0367,37.2565],[127.0404,37.2653],[127.0495,37.2631],[127.052,37.2657],[127.0597,37.2617],[127.0616,37.2645]]]]}},{"type":"Feature","properties":{"c":"4111754000","n":"경기도 수원시영통구 매탄4동","sg":"수원시영통구","sd":"경기도","p":19223,"a":0.816,"d":23550},"geometry":{"type":"MultiPolygon","coordinates":[[[[127.0554,37.2672],[127.0591,37.2661],[127.0616,37.2645],[127.0597,37.2617],[127.052,37.2657],[127.0495,37.2631],[127.0404,37.2653],[127.0428,37.2705],[127.0554,37.2672]]]]}},{"type":"Feature","properties":{"c":"4111757000","n":"경기도 수원시영통구 영통1동","sg":"수원시영통구","sd":"경기도","p":32262,"a":1.621,"d":19905},"geometry":{"type":"MultiPolygon","coordinates":[[[[127.0834,37.2547],[127.0808,37.2546],[127.0801,37.2532],[127.0727,37.2576],[127.0658,37.2571],[127.0652,37.2583],[127.0677,37.2595],[127.0706,37.263],[127.0709,37.2665],[127.0736,37.2661],[127.0749,37.2645],[127.0752,37.2624],[127.0759,37.2615],[127.0769,37.2614],[127.0776,37.2635],[127.076,37.2657],[127.0776,37.2657],[127.0775,37.267],[127.0855,37.2705],[127.0862,37.2648],[127.0811,37.26],[127.081,37.2585],[127.0838,37.2585],[127.0847,37.2566],[127.0834,37.2547]]]]}},{"type":"Feature","properties":{"c":"4111758000","n":"경기도 수원시영통구 영통2동","sg":"수원시영통구","sd":"경기도","p":24995,"a":1.168,"d":21400},"geometry":{"type":"MultiPolygon","coordinates":[[[[127.0668,37.2467],[127.0644,37.2438],[127.0581,37.2444],[127.0569,37.2457],[127.042,37.2451],[127.0459,37.251],[127.0469,37.2504],[127.0465,37.2494],[127.0475,37.2502],[127.0482,37.2497],[127.048,37.2484],[127.0497,37.2483],[127.0504,37.2494],[127.0532,37.2486],[127.0564,37.2491],[127.0562,37.2503],[127.0583,37.2511],[127.0574,37.2522],[127.0593,37.252],[127.0597,37.2526],[127.06,37.2523],[127.0616,37.253],[127.0609,37.2522],[127.068,37.248],[127.0668,37.2467]]]]}},{"type":"Feature","properties":{"c":"4111759300","n":"경기도 수원시영통구 망포1동","sg":"수원시영통구","sd":"경기도","p":31233,"a":1.023,"d":30526},"geometry":{"type":"MultiPolygon","coordinates":[[[[127.0517,37.2343],[127.0519,37.2391],[127.056,37.2392],[127.0553,37.2426],[127.0569,37.2457],[127.0581,37.2444],[127.0662,37.2439],[127.066,37.2411],[127.0669,37.2412],[127.0671,37.2404],[127.0633,37.2392],[127.0583,37.2341],[127.0526,37.2311],[127.0538,37.2323],[127.0536,37.2334],[127.0517,37.2343]]]]}},{"type":"Feature","properties":{"c":"4111755000","n":"경기도 수원시영통구 원천동","sg":"수원시영통구","sd":"경기도","p":45583,"a":3.223,"d":14143},"geometry":{"type":"MultiPolygon","coordinates":[[[[127.0535,37.2828],[127.0546,37.2823],[127.0573,37.2843],[127.0591,37.2827],[127.0606,37.2755],[127.0664,37.2742],[127.0677,37.2744],[127.0681,37.2756],[127.0679,37.2745],[127.0662,37.2731],[127.0647,37.2706],[127.0685,37.2687],[127.0699,37.2667],[127.0709,37.2665],[127.0709,37.2637],[127.0677,37.2595],[127.0627,37.2572],[127.0601,37.2577],[127.0616,37.2645],[127.0591,37.2661],[127.0554,37.2672],[127.0583,37.2686],[127.0584,37.2712],[127.0529,37.2732],[127.048,37.2735],[127.0441,37.2747],[127.0438,37.2792],[127.0417,37.2841],[127.0448,37.2857],[127.0454,37.2872],[127.0465,37.287],[127.0483,37.2856],[127.0501,37.2828],[127.05,37.2813],[127.0511,37.2804],[127.0523,37.2806],[127.0535,37.2828]]]]}},{"type":"Feature","properties":{"c":"4111760000","n":"경기도 수원시영통구 광교1동","sg":"수원시영통구","sd":"경기도","p":53890,"a":7.906,"d":6816},"geometry":{"type":"MultiPolygon","coordinates":[[[[127.0606,37.3109],[127.0582,37.3048],[127.0608,37.3041],[127.0609,37.3014],[127.0601,37.2995],[127.0606,37.2966],[127.0619,37.2964],[127.065,37.2918],[127.0628,37.2907],[127.0535,37.2828],[127.0523,37.2806],[127.0511,37.2804],[127.05,37.2813],[127.0494,37.2843],[127.0465,37.287],[127.0454,37.2872],[127.0441,37.2854],[127.0434,37.2859],[127.0408,37.2858],[127.0388,37.2848],[127.0388,37.2857],[127.0429,37.2894],[127.0432,37.2904],[127.0383,37.293],[127.0339,37.2932],[127.0346,37.2937],[127.0345,37.2954],[127.0326,37.2988],[127.0333,37.307],[127.0323,37.3096],[127.0342,37.3138],[127.0381,37.3162],[127.0389,37.3208],[127.0399,37.3213],[127.0407,37.32],[127.049,37.3159],[127.0539,37.3161],[127.0577,37.3156],[127.0581,37.3134],[127.0606,37.3109]]]]}},{"type":"Feature","properties":{"c":"4111761000","n":"경기도 수원시영통구 광교2동","sg":"수원시영통구","sd":"경기도","p":28323,"a":4.193,"d":6754},"geometry":{"type":"MultiPolygon","coordinates":[[[[127.0883,37.2932],[127.0879,37.2903],[127.0888,37.287],[127.0865,37.2861],[127.0841,37.2863],[127.0817,37.2846],[127.0754,37.2822],[127.0704,37.2793],[127.0695,37.2787],[127.0677,37.2744],[127.066,37.2742],[127.0606,37.2755],[127.0591,37.2827],[127.0573,37.2843],[127.0546,37.2823],[127.0535,37.2828],[127.0628,37.2907],[127.065,37.2918],[127.0619,37.2964],[127.0793,37.2933],[127.0798,37.2954],[127.0825,37.297],[127.0856,37.2981],[127.0893,37.2976],[127.0899,37.2984],[127.0906,37.2971],[127.0883,37.2932]]]]}},{"type":"Feature","properties":{"c":"4113151000","n":"경기도 성남시수정구 신흥1동","sg":"성남시수정구","sd":"경기도","p":11917,"a":0.324,"d":36833},"geometry":{"type":"MultiPolygon","coordinates":[[[[127.1446,37.4395],[127.1408,37.4374],[127.1376,37.4393],[127.1361,37.4422],[127.1425,37.4441],[127.1446,37.4395]]]]}},{"type":"Feature","properties":{"c":"4113152000","n":"경기도 성남시수정구 신흥2동","sg":"성남시수정구","sd":"경기도","p":31559,"a":1.18,"d":26751},"geometry":{"type":"MultiPolygon","coordinates":[[[[127.1505,37.4568],[127.1493,37.4523],[127.1533,37.4495],[127.1566,37.4453],[127.1573,37.4457],[127.1523,37.4426],[127.1454,37.4463],[127.1402,37.4531],[127.1429,37.4562],[127.1505,37.4568]]]]}},{"type":"Feature","properties":{"c":"4113153000","n":"경기도 성남시수정구 신흥3동","sg":"성남시수정구","sd":"경기도","p":10629,"a":0.334,"d":31821},"geometry":{"type":"MultiPolygon","coordinates":[[[[127.1523,37.4426],[127.1446,37.4395],[127.1425,37.4441],[127.1454,37.4463],[127.1523,37.4426]]]]}},{"type":"Feature","properties":{"c":"4113154000","n":"경기도 성남시수정구 태평1동","sg":"성남시수정구","sd":"경기도","p":13467,"a":1.432,"d":9403},"geometry":{"type":"MultiPolygon","coordinates":[[[[127.1202,37.4531],[127.1226,37.4513],[127.1282,37.4491],[127.1318,37.4409],[127.1273,37.4396],[127.1229,37.4395],[127.1183,37.4406],[127.1165,37.445],[127.1168,37.4511],[127.1173,37.4528],[127.1202,37.4531]]]]}},{"type":"Feature","properties":{"c":"4113155000","n":"경기도 성남시수정구 태평2동","sg":"성남시수정구","sd":"경기도","p":13569,"a":0.481,"d":28213},"geometry":{"type":"MultiPolygon","coordinates":[[[[127.1374,37.4531],[127.1372,37.4513],[127.1408,37.4436],[127.1361,37.4422],[127.1324,37.4503],[127.1355,37.4529],[127.1374,37.4531]]]]}},{"type":"Feature","properties":{"c":"4113156000","n":"경기도 성남시수정구 태평3동","sg":"성남시수정구","sd":"경기도","p":11439,"a":0.393,"d":29085},"geometry":{"type":"MultiPolygon","coordinates":[[[[127.1361,37.4422],[127.1318,37.4409],[127.1282,37.4491],[127.1324,37.4503],[127.1361,37.4422]]]]}},{"type":"Feature","properties":{"c":"4113156100","n":"경기도 성남시수정구 태평4동","sg":"성남시수정구","sd":"경기도","p":10753,"a":0.38,"d":28281},"geometry":{"type":"MultiPolygon","coordinates":[[[[127.1402,37.4531],[127.1454,37.4463],[127.1425,37.4441],[127.1408,37.4436],[127.1372,37.4513],[127.1374,37.4531],[127.1402,37.4531]]]]}},{"type":"Feature","properties":{"c":"4113157000","n":"경기도 성남시수정구 수진1동","sg":"성남시수정구","sd":"경기도","p":10534,"a":0.346,"d":30473},"geometry":{"type":"MultiPolygon","coordinates":[[[[127.1408,37.4374],[127.1368,37.4351],[127.1347,37.4347],[127.1318,37.4409],[127.1361,37.4422],[127.1376,37.4393],[127.1408,37.4374]]]]}},{"type":"Feature","properties":{"c":"4113158000","n":"경기도 성남시수정구 수진2동","sg":"성남시수정구","sd":"경기도","p":14258,"a":1.004,"d":14197},"geometry":{"type":"MultiPolygon","coordinates":[[[[127.1347,37.4347],[127.1259,37.433],[127.1184,37.4323],[127.1188,37.4386],[127.1183,37.4406],[127.1229,37.4395],[127.1273,37.4396],[127.1318,37.4409],[127.1347,37.4347]]]]}},{"type":"Feature","properties":{"c":"4113159000","n":"경기도 성남시수정구 단대동","sg":"성남시수정구","sd":"경기도","p":14044,"a":0.801,"d":17535},"geometry":{"type":"MultiPolygon","coordinates":[[[[127.1608,37.4542],[127.1573,37.4457],[127.1566,37.4453],[127.1526,37.45],[127.1547,37.4513],[127.1551,37.4595],[127.156,37.4604],[127.1553,37.4627],[127.1538,37.4634],[127.1608,37.4643],[127.158,37.4606],[127.1588,37.4576],[127.1602,37.4562],[127.1608,37.4542]]]]}},{"type":"Feature","properties":{"c":"4113160000","n":"경기도 성남시수정구 산성동","sg":"성남시수정구","sd":"경기도","p":4371,"a":0.582,"d":7507},"geometry":{"type":"MultiPolygon","coordinates":[[[[127.1538,37.4634],[127.1553,37.4627],[127.156,37.4604],[127.1551,37.4595],[127.1547,37.4513],[127.1526,37.45],[127.1493,37.4523],[127.1505,37.4568],[127.1507,37.4615],[127.1528,37.4633],[127.1538,37.4634]]]]}},{"type":"Feature","properties":{"c":"4113161000","n":"경기도 성남시수정구 양지동","sg":"성남시수정구","sd":"경기도","p":8854,"a":1.349,"d":6565},"geometry":{"type":"MultiPolygon","coordinates":[[[[127.1608,37.4542],[127.1602,37.4562],[127.1588,37.4576],[127.158,37.4606],[127.1608,37.4643],[127.1597,37.4655],[127.1646,37.4691],[127.1707,37.4699],[127.176,37.4722],[127.1769,37.4713],[127.174,37.4661],[127.1663,37.4607],[127.1608,37.4542]]]]}},{"type":"Feature","properties":{"c":"4113162000","n":"경기도 성남시수정구 복정동","sg":"성남시수정구","sd":"경기도","p":13868,"a":3.678,"d":3770},"geometry":{"type":"MultiPolygon","coordinates":[[[[127.1266,37.4689],[127.1383,37.4644],[127.1472,37.4595],[127.1495,37.4568],[127.1429,37.4562],[127.1402,37.4531],[127.1355,37.4529],[127.1324,37.4503],[127.1282,37.4491],[127.1226,37.4513],[127.1187,37.4542],[127.1168,37.457],[127.117,37.4613],[127.1175,37.4622],[127.1238,37.4663],[127.1251,37.4689],[127.1266,37.4689]]]]}},{"type":"Feature","properties":{"c":"4113163000","n":"경기도 성남시수정구 신촌동","sg":"성남시수정구","sd":"경기도","p":5270,"a":4.813,"d":1095},"geometry":{"type":"MultiPolygon","coordinates":[[[[127.1167,37.4586],[127.1168,37.457],[127.1182,37.4548],[127.1202,37.4531],[127.1173,37.4528],[127.1168,37.4511],[127.1165,37.445],[127.1183,37.4406],[127.1106,37.4427],[127.1026,37.4416],[127.0998,37.44],[127.0979,37.4401],[127.0917,37.4419],[127.0902,37.4448],[127.088,37.4451],[127.0883,37.4486],[127.0908,37.4528],[127.0921,37.4536],[127.0943,37.4565],[127.0951,37.4583],[127.0946,37.4588],[127.0963,37.4614],[127.0968,37.4596],[127.0982,37.4588],[127.1006,37.4591],[127.1035,37.4596],[127.1047,37.4621],[127.1063,37.4625],[127.1134,37.4611],[127.1129,37.4605],[127.1136,37.4597],[127.1156,37.4586],[127.1167,37.4586]]]]}},{"type":"Feature","properties":{"c":"4113164000","n":"경기도 성남시수정구 고등동","sg":"성남시수정구","sd":"경기도","p":11700,"a":12.57,"d":931},"geometry":{"type":"MultiPolygon","coordinates":[[[[127.1183,37.4406],[127.1188,37.4386],[127.1178,37.4222],[127.1144,37.4241],[127.1147,37.4273],[127.1104,37.4286],[127.1065,37.4275],[127.1031,37.4278],[127.1021,37.4273],[127.1026,37.4232],[127.0953,37.422],[127.0897,37.4217],[127.0894,37.4201],[127.0874,37.4184],[127.0838,37.4212],[127.0837,37.4219],[127.0851,37.4226],[127.0836,37.424],[127.0792,37.4237],[127.0752,37.4224],[127.0727,37.4231],[127.0693,37.4213],[127.0642,37.4159],[127.0557,37.4131],[127.0468,37.4136],[127.0417,37.4156],[127.0418,37.4269],[127.0459,37.4291],[127.0475,37.4309],[127.0509,37.4297],[127.0546,37.4294],[127.058,37.4301],[127.0657,37.429],[127.0682,37.4306],[127.0705,37.4301],[127.0714,37.4352],[127.0726,37.4364],[127.0734,37.4393],[127.072,37.44],[127.0717,37.4418],[127.0724,37.4424],[127.0763,37.4423],[127.0816,37.441],[127.0854,37.4449],[127.0893,37.4451],[127.0902,37.4448],[127.0917,37.4419],[127.0979,37.4401],[127.0998,37.44],[127.1026,37.4416],[127.1106,37.4427],[127.1183,37.4406]]]]}},{"type":"Feature","properties":{"c":"4113165000","n":"경기도 성남시수정구 시흥동","sg":"성남시수정구","sd":"경기도","p":3650,"a":12.928,"d":282},"geometry":{"type":"MultiPolygon","coordinates":[[[[127.1178,37.4222],[127.1194,37.4211],[127.12,37.4193],[127.118,37.4152],[127.1183,37.4112],[127.1167,37.4096],[127.1125,37.4078],[127.1066,37.4077],[127.1026,37.4097],[127.1003,37.4088],[127.0995,37.4072],[127.0929,37.4051],[127.0894,37.4033],[127.089,37.401],[127.0861,37.3992],[127.084,37.397],[127.0785,37.3991],[127.0745,37.3979],[127.0676,37.398],[127.0631,37.3987],[127.0559,37.4024],[127.0498,37.4037],[127.0449,37.4037],[127.043,37.4051],[127.0427,37.4081],[127.0467,37.4108],[127.0468,37.4136],[127.0557,37.4131],[127.0615,37.4148],[127.0642,37.4159],[127.0693,37.4213],[127.0727,37.4231],[127.0752,37.4224],[127.0792,37.4237],[127.0837,37.4239],[127.0851,37.4226],[127.0837,37.4219],[127.0838,37.4212],[127.0874,37.4184],[127.0894,37.4201],[127.0897,37.4217],[127.0953,37.422],[127.1026,37.4232],[127.1021,37.4273],[127.1031,37.4278],[127.1065,37.4275],[127.1104,37.4286],[127.1147,37.4273],[127.1144,37.4241],[127.1178,37.4222]]]]}},{"type":"Feature","properties":{"c":"4113351000","n":"경기도 성남시중원구 성남동","sg":"성남시중원구","sd":"경기도","p":31786,"a":1.97,"d":16131},"geometry":{"type":"MultiPolygon","coordinates":[[[[127.1445,37.4395],[127.1485,37.4343],[127.1481,37.4331],[127.1401,37.429],[127.1326,37.4289],[127.1294,37.4298],[127.1288,37.4227],[127.1253,37.4238],[127.1198,37.4279],[127.1179,37.4265],[127.1184,37.4323],[127.1259,37.433],[127.1368,37.4351],[127.1445,37.4395]]]]}},{"type":"Feature","properties":{"c":"4113353000","n":"경기도 성남시중원구 금광1동","sg":"성남시중원구","sd":"경기도","p":19632,"a":0.627,"d":31298},"geometry":{"type":"MultiPolygon","coordinates":[[[[127.1754,37.4458],[127.173,37.4439],[127.1688,37.4423],[127.167,37.4429],[127.164,37.4417],[127.1626,37.4404],[127.16,37.4412],[127.1569,37.445],[127.1602,37.4448],[127.173,37.4479],[127.1728,37.4462],[127.1754,37.4458]]]]}},{"type":"Feature","properties":{"c":"4113354000","n":"경기도 성남시중원구 금광2동","sg":"성남시중원구","sd":"경기도","p":22424,"a":1.153,"d":19451},"geometry":{"type":"MultiPolygon","coordinates":[[[[127.1754,37.4458],[127.1728,37.4462],[127.173,37.4479],[127.1602,37.4448],[127.157,37.4451],[127.1608,37.4542],[127.1627,37.4532],[127.1614,37.4503],[127.1622,37.4501],[127.1712,37.4521],[127.1728,37.4534],[127.1723,37.4541],[127.1743,37.4538],[127.1785,37.4545],[127.1786,37.4523],[127.1772,37.448],[127.1754,37.4458]]]]}},{"type":"Feature","properties":{"c":"4113355000","n":"경기도 성남시중원구 은행1동","sg":"성남시중원구","sd":"경기도","p":9283,"a":0.271,"d":34306},"geometry":{"type":"MultiPolygon","coordinates":[[[[127.1723,37.4541],[127.1728,37.4534],[127.1711,37.452],[127.1614,37.4503],[127.1627,37.4532],[127.1695,37.4543],[127.1723,37.4541]]]]}},{"type":"Feature","properties":{"c":"4113356000","n":"경기도 성남시중원구 은행2동","sg":"성남시중원구","sd":"경기도","p":18220,"a":2.258,"d":8069},"geometry":{"type":"MultiPolygon","coordinates":[[[[127.1811,37.4733],[127.182,37.4679],[127.1815,37.4607],[127.1822,37.4597],[127.1844,37.4588],[127.1831,37.4572],[127.1785,37.4545],[127.1743,37.4538],[127.1695,37.4543],[127.1627,37.4532],[127.1608,37.4542],[127.1663,37.4607],[127.174,37.4661],[127.1769,37.4713],[127.176,37.4722],[127.1763,37.4726],[127.1778,37.4734],[127.18,37.4738],[127.1811,37.4733]]]]}},{"type":"Feature","properties":{"c":"4113357000","n":"경기도 성남시중원구 상대원1동","sg":"성남시중원구","sd":"경기도","p":22279,"a":6.872,"d":3242},"geometry":{"type":"MultiPolygon","coordinates":[[[[127.1957,37.4451],[127.1959,37.4436],[127.1937,37.4392],[127.1938,37.4335],[127.1944,37.4328],[127.1919,37.4323],[127.191,37.4329],[127.189,37.4322],[127.1828,37.4287],[127.1812,37.4268],[127.1751,37.4261],[127.1748,37.4265],[127.1704,37.4269],[127.169,37.4261],[127.1659,37.4278],[127.1613,37.4277],[127.1588,37.4284],[127.1611,37.4307],[127.1599,37.4335],[127.1589,37.4343],[127.1603,37.4348],[127.1609,37.4368],[127.1615,37.4374],[127.1643,37.4373],[127.1688,37.4423],[127.1753,37.4453],[127.1772,37.448],[127.1786,37.4523],[127.1785,37.4545],[127.1825,37.4566],[127.1844,37.4588],[127.1896,37.4582],[127.191,37.4574],[127.1936,37.4526],[127.1957,37.4451]]]]}},{"type":"Feature","properties":{"c":"4113358000","n":"경기도 성남시중원구 상대원2동","sg":"성남시중원구","sd":"경기도","p":2865,"a":0.441,"d":6499},"geometry":{"type":"MultiPolygon","coordinates":[[[[127.1626,37.4404],[127.1581,37.4363],[127.1583,37.4349],[127.1599,37.4335],[127.1611,37.4307],[127.1588,37.4284],[127.158,37.4328],[127.1537,37.4362],[127.1529,37.4363],[127.1528,37.438],[127.1532,37.4386],[127.1589,37.4399],[127.16,37.4412],[127.1626,37.4404]]]]}},{"type":"Feature","properties":{"c":"4113359000","n":"경기도 성남시중원구 상대원3동","sg":"성남시중원구","sd":"경기도","p":11025,"a":0.302,"d":36558},"geometry":{"type":"MultiPolygon","coordinates":[[[[127.1688,37.4423],[127.1643,37.4373],[127.1615,37.4374],[127.1603,37.4348],[127.1589,37.4343],[127.1582,37.4365],[127.164,37.4417],[127.167,37.4429],[127.1688,37.4423]]]]}},{"type":"Feature","properties":{"c":"4113366000","n":"경기도 성남시중원구 하대원동","sg":"성남시중원구","sd":"경기도","p":19499,"a":2.404,"d":8110},"geometry":{"type":"MultiPolygon","coordinates":[[[[127.1588,37.4284],[127.1596,37.428],[127.1578,37.4261],[127.153,37.4237],[127.1486,37.4227],[127.1466,37.4208],[127.1391,37.424],[127.1372,37.4233],[127.1347,37.4233],[127.1318,37.4251],[127.1288,37.4239],[127.1294,37.4298],[127.1326,37.4289],[127.1401,37.429],[127.1481,37.4331],[127.1485,37.4343],[127.1479,37.4347],[127.1529,37.4363],[127.1537,37.4362],[127.158,37.4328],[127.1588,37.4284]]]]}},{"type":"Feature","properties":{"c":"4113367000","n":"경기도 성남시중원구 도촌동","sg":"성남시중원구","sd":"경기도","p":25548,"a":9.331,"d":2738},"geometry":{"type":"MultiPolygon","coordinates":[[[[127.1944,37.4328],[127.1952,37.431],[127.1934,37.4261],[127.1946,37.4254],[127.1938,37.4241],[127.1862,37.4192],[127.1849,37.4153],[127.1829,37.4149],[127.1803,37.4159],[127.179,37.4158],[127.177,37.4146],[127.1779,37.4127],[127.1772,37.409],[127.1743,37.4054],[127.1647,37.4067],[127.1553,37.4108],[127.1517,37.4105],[127.1466,37.411],[127.1469,37.4125],[127.1436,37.415],[127.1352,37.4169],[127.1221,37.4169],[127.118,37.4152],[127.12,37.4193],[127.1194,37.4211],[127.1178,37.4222],[127.1179,37.4265],[127.1197,37.4279],[127.1253,37.4238],[127.1283,37.4227],[127.1288,37.4227],[127.1288,37.4239],[127.1296,37.4245],[127.1318,37.4251],[127.1347,37.4233],[127.1372,37.4233],[127.1391,37.424],[127.1466,37.4208],[127.1486,37.4227],[127.153,37.4237],[127.1578,37.4261],[127.1596,37.428],[127.1659,37.4278],[127.169,37.4261],[127.1708,37.4269],[127.1748,37.4265],[127.1751,37.4261],[127.1797,37.4263],[127.1818,37.4271],[127.1828,37.4287],[127.189,37.4322],[127.191,37.4329],[127.1919,37.4323],[127.1944,37.4328]]]]}},{"type":"Feature","properties":{"c":"4113352500","n":"경기도 성남시중원구 중앙동","sg":"성남시중원구","sd":"경기도","p":16523,"a":0.702,"d":23526},"geometry":{"type":"MultiPolygon","coordinates":[[[[127.16,37.4412],[127.1589,37.4399],[127.1532,37.4386],[127.1529,37.4363],[127.1479,37.4347],[127.1445,37.4395],[127.1569,37.445],[127.16,37.4412]]]]}},{"type":"Feature","properties":{"c":"4113551000","n":"경기도 성남시분당구 분당동","sg":"성남시분당구","sd":"경기도","p":24363,"a":3.199,"d":7615},"geometry":{"type":"MultiPolygon","coordinates":[[[[127.1608,37.3742],[127.1605,37.3728],[127.1562,37.3686],[127.1529,37.3635],[127.1502,37.3614],[127.1444,37.3594],[127.1419,37.3594],[127.1384,37.3607],[127.1318,37.3672],[127.1324,37.3681],[127.1321,37.369],[127.1301,37.3695],[127.1288,37.3691],[127.1256,37.372],[127.1304,37.3753],[127.137,37.3695],[127.1417,37.3731],[127.1434,37.3767],[127.1428,37.3789],[127.1455,37.3789],[127.1474,37.3749],[127.1486,37.3739],[127.1507,37.3743],[127.1568,37.3743],[127.1592,37.3738],[127.1608,37.3742]]]]}},{"type":"Feature","properties":{"c":"4113554000","n":"경기도 성남시분당구 수내3동","sg":"성남시분당구","sd":"경기도","p":13174,"a":1.066,"d":12354},"geometry":{"type":"MultiPolygon","coordinates":[[[[127.1395,37.36],[127.1339,37.3585],[127.1333,37.3593],[127.131,37.3596],[127.1254,37.3629],[127.1208,37.3685],[127.1256,37.372],[127.1288,37.3691],[127.1301,37.3695],[127.1321,37.369],[127.1324,37.3681],[127.1317,37.3672],[127.1332,37.3654],[127.1395,37.36]]]]}},{"type":"Feature","properties":{"c":"4113552000","n":"경기도 성남시분당구 수내1동","sg":"성남시분당구","sd":"경기도","p":17889,"a":1.023,"d":17479},"geometry":{"type":"MultiPolygon","coordinates":[[[[127.1218,37.3822],[127.1187,37.38],[127.1218,37.3754],[127.1166,37.3716],[127.109,37.3785],[127.1166,37.3867],[127.1218,37.3822]]]]}},{"type":"Feature","properties":{"c":"4113553000","n":"경기도 성남시분당구 수내2동","sg":"성남시분당구","sd":"경기도","p":10251,"a":0.845,"d":12134},"geometry":{"type":"MultiPolygon","coordinates":[[[[127.1304,37.3753],[127.1208,37.3685],[127.1166,37.3716],[127.1218,37.3754],[127.1187,37.38],[127.1218,37.3822],[127.1304,37.3753]]]]}},{"type":"Feature","properties":{"c":"4113556000","n":"경기도 성남시분당구 정자2동","sg":"성남시분당구","sd":"경기도","p":12230,"a":0.509,"d":24041},"geometry":{"type":"MultiPolygon","coordinates":[[[[127.1208,37.3685],[127.1242,37.3649],[127.1232,37.3635],[127.1148,37.3634],[127.1148,37.3697],[127.1153,37.3707],[127.1166,37.3716],[127.1208,37.3685]]]]}},{"type":"Feature","properties":{"c":"4113557000","n":"경기도 성남시분당구 정자3동","sg":"성남시분당구","sd":"경기도","p":16489,"a":1.866,"d":8835},"geometry":{"type":"MultiPolygon","coordinates":[[[[127.1339,37.3585],[127.1317,37.3512],[127.1275,37.3533],[127.1197,37.3523],[127.1093,37.3585],[127.1089,37.3599],[127.1149,37.36],[127.1148,37.3634],[127.1232,37.3635],[127.1242,37.3649],[127.1254,37.3629],[127.1279,37.3613],[127.131,37.3596],[127.1333,37.3593],[127.1339,37.3585]]]]}},{"type":"Feature","properties":{"c":"4113558000","n":"경기도 성남시분당구 서현1동","sg":"성남시분당구","sd":"경기도","p":30481,"a":7.676,"d":3971},"geometry":{"type":"MultiPolygon","coordinates":[[[[127.1687,37.3954],[127.1684,37.3925],[127.1768,37.3872],[127.1767,37.3851],[127.1735,37.3827],[127.1679,37.3804],[127.1617,37.3797],[127.1608,37.3742],[127.1592,37.3738],[127.1568,37.3743],[127.1486,37.3739],[127.1474,37.3749],[127.1455,37.3789],[127.1396,37.3787],[127.1371,37.3802],[127.1304,37.3753],[127.1166,37.3867],[127.1203,37.3911],[127.1231,37.3896],[127.1274,37.3857],[127.1363,37.3893],[127.1412,37.3891],[127.1434,37.3908],[127.1433,37.3931],[127.1443,37.3942],[127.1497,37.3965],[127.1512,37.3963],[127.1513,37.3956],[127.1542,37.3956],[127.1568,37.3964],[127.1687,37.3954]]]]}},{"type":"Feature","properties":{"c":"4113559000","n":"경기도 성남시분당구 서현2동","sg":"성남시분당구","sd":"경기도","p":17169,"a":0.776,"d":22113},"geometry":{"type":"MultiPolygon","coordinates":[[[[127.1428,37.3789],[127.1434,37.3767],[127.1417,37.3731],[127.137,37.3695],[127.1304,37.3753],[127.1371,37.3802],[127.1396,37.3787],[127.1428,37.3789]]]]}},{"type":"Feature","properties":{"c":"4113560000","n":"경기도 성남시분당구 이매1동","sg":"성남시분당구","sd":"경기도","p":24463,"a":2.568,"d":9528},"geometry":{"type":"MultiPolygon","coordinates":[[[[127.1457,37.3947],[127.1433,37.3931],[127.1434,37.3908],[127.1412,37.3891],[127.1363,37.3893],[127.1274,37.3857],[127.1216,37.3905],[127.1242,37.3932],[127.1244,37.3944],[127.1245,37.4053],[127.1286,37.4053],[127.1287,37.399],[127.1316,37.4009],[127.1336,37.4014],[127.1369,37.4008],[127.1411,37.3995],[127.1453,37.3958],[127.1457,37.3947]]]]}},{"type":"Feature","properties":{"c":"4113561000","n":"경기도 성남시분당구 이매2동","sg":"성남시분당구","sd":"경기도","p":12757,"a":0.597,"d":21384},"geometry":{"type":"MultiPolygon","coordinates":[[[[127.1245,37.4053],[127.1244,37.3944],[127.1242,37.3932],[127.1216,37.3905],[127.1203,37.3911],[127.1208,37.3947],[127.1191,37.4055],[127.1245,37.4053]]]]}},{"type":"Feature","properties":{"c":"4113562000","n":"경기도 성남시분당구 야탑1동","sg":"성남시분당구","sd":"경기도","p":16457,"a":1.137,"d":14475},"geometry":{"type":"MultiPolygon","coordinates":[[[[127.1339,37.417],[127.1339,37.4094],[127.1263,37.4099],[127.1187,37.4084],[127.118,37.4152],[127.1221,37.4169],[127.1339,37.417]]]]}},{"type":"Feature","properties":{"c":"4113564000","n":"경기도 성남시분당구 야탑3동","sg":"성남시분당구","sd":"경기도","p":26542,"a":5.46,"d":4861},"geometry":{"type":"MultiPolygon","coordinates":[[[[127.1743,37.4054],[127.1716,37.401],[127.1708,37.3979],[127.1687,37.3954],[127.1568,37.3964],[127.1542,37.3956],[127.1513,37.3956],[127.1512,37.3963],[127.1497,37.3965],[127.1457,37.3947],[127.1453,37.3958],[127.1411,37.3995],[127.1336,37.4014],[127.1316,37.4009],[127.1287,37.399],[127.1286,37.4053],[127.1341,37.4075],[127.1379,37.4078],[127.138,37.4095],[127.1339,37.4094],[127.1339,37.417],[127.1436,37.415],[127.1469,37.4125],[127.1466,37.411],[127.1517,37.4105],[127.1553,37.4108],[127.1647,37.4067],[127.1743,37.4054]]]]}},{"type":"Feature","properties":{"c":"4113563000","n":"경기도 성남시분당구 야탑2동","sg":"성남시분당구","sd":"경기도","p":15498,"a":0.622,"d":24916},"geometry":{"type":"MultiPolygon","coordinates":[[[[127.1339,37.4094],[127.138,37.4095],[127.1379,37.4078],[127.1341,37.4075],[127.1298,37.4055],[127.1191,37.4055],[127.1187,37.4084],[127.1263,37.4099],[127.1339,37.4094]]]]}},{"type":"Feature","properties":{"c":"4113567000","n":"경기도 성남시분당구 구미동","sg":"성남시분당구","sd":"경기도","p":27848,"a":3.848,"d":7236},"geometry":{"type":"MultiPolygon","coordinates":[[[[127.1317,37.3512],[127.1329,37.3505],[127.1325,37.3491],[127.133,37.3484],[127.138,37.3441],[127.1379,37.3404],[127.1373,37.3397],[127.1305,37.3376],[127.1233,37.337],[127.1207,37.3344],[127.1171,37.3334],[127.1134,37.3357],[127.1103,37.3346],[127.1027,37.34],[127.1022,37.3424],[127.1089,37.3427],[127.1089,37.3458],[127.1207,37.3465],[127.1207,37.3504],[127.1197,37.3523],[127.1275,37.3533],[127.1317,37.3512]]]]}},{"type":"Feature","properties":{"c":"4113568000","n":"경기도 성남시분당구 운중동","sg":"성남시분당구","sd":"경기도","p":38827,"a":17.853,"d":2175},"geometry":{"type":"MultiPolygon","coordinates":[[[[127.089,37.401],[127.0891,37.3987],[127.0839,37.3863],[127.0838,37.385],[127.0854,37.3829],[127.0795,37.3787],[127.078,37.3737],[127.0785,37.3728],[127.0771,37.3712],[127.0785,37.3655],[127.0769,37.3635],[127.0755,37.3597],[127.0756,37.3561],[127.0766,37.3541],[127.0745,37.3532],[127.0735,37.3554],[127.0709,37.3577],[127.0631,37.3604],[127.0583,37.3608],[127.0555,37.36],[127.0541,37.3602],[127.0529,37.3611],[127.0529,37.3636],[127.0471,37.3667],[127.0458,37.3685],[127.0306,37.372],[127.0279,37.3721],[127.0271,37.3754],[127.0274,37.3768],[127.0289,37.3792],[127.0297,37.3793],[127.0315,37.3812],[127.0354,37.3888],[127.037,37.3894],[127.0387,37.3911],[127.0382,37.3985],[127.0374,37.4009],[127.0385,37.402],[127.0408,37.4023],[127.0435,37.4036],[127.0437,37.4042],[127.0498,37.4037],[127.0563,37.4023],[127.0631,37.3987],[127.0676,37.398],[127.0745,37.3979],[127.0785,37.3991],[127.084,37.397],[127.0861,37.3992],[127.089,37.401]]]]}},{"type":"Feature","properties":{"c":"4113566200","n":"경기도 성남시분당구 금곡동","sg":"성남시분당구","sd":"경기도","p":26637,"a":5.531,"d":4816},"geometry":{"type":"MultiPolygon","coordinates":[[[[127.1035,37.3761],[127.1045,37.3656],[127.1042,37.3626],[127.1036,37.3618],[127.1036,37.3566],[127.1085,37.3566],[127.1117,37.3573],[127.1175,37.3537],[127.1137,37.3501],[127.1034,37.3501],[127.1034,37.3474],[127.1018,37.3465],[127.0956,37.3481],[127.0924,37.358],[127.0785,37.3655],[127.0771,37.3712],[127.0785,37.3728],[127.0797,37.3715],[127.0811,37.3717],[127.083,37.3734],[127.0938,37.376],[127.1018,37.3767],[127.1035,37.3761]]]]}},{"type":"Feature","properties":{"c":"4113566500","n":"경기도 성남시분당구 구미1동","sg":"성남시분당구","sd":"경기도","p":16088,"a":3.548,"d":4535},"geometry":{"type":"MultiPolygon","coordinates":[[[[127.1175,37.3537],[127.1197,37.3523],[127.1207,37.3504],[127.1207,37.3465],[127.1089,37.3458],[127.1089,37.3427],[127.1022,37.3424],[127.1012,37.3431],[127.097,37.3432],[127.0925,37.3471],[127.0882,37.3488],[127.087,37.351],[127.0846,37.352],[127.0827,37.3517],[127.08,37.3499],[127.0776,37.3491],[127.0752,37.3514],[127.0745,37.3532],[127.0766,37.3541],[127.0756,37.3561],[127.0755,37.3597],[127.0769,37.3635],[127.0785,37.3655],[127.0885,37.3598],[127.0921,37.3583],[127.0957,37.348],[127.1018,37.3465],[127.1034,37.3474],[127.1034,37.3501],[127.1137,37.3501],[127.1175,37.3537]]]]}},{"type":"Feature","properties":{"c":"4113565500","n":"경기도 성남시분당구 삼평동","sg":"성남시분당구","sd":"경기도","p":23460,"a":2.925,"d":8021},"geometry":{"type":"MultiPolygon","coordinates":[[[[127.1187,37.4084],[127.1208,37.3947],[127.1128,37.3947],[127.1119,37.3945],[127.1118,37.394],[127.1098,37.3947],[127.1063,37.3947],[127.1019,37.3911],[127.0998,37.4006],[127.0947,37.4057],[127.0995,37.4072],[127.1003,37.4088],[127.1026,37.4097],[127.1066,37.4077],[127.1112,37.4077],[127.1147,37.4085],[127.1183,37.4112],[127.1187,37.4084]]]]}},{"type":"Feature","properties":{"c":"4113565000","n":"경기도 성남시분당구 판교동","sg":"성남시분당구","sd":"경기도","p":26230,"a":4.874,"d":5381},"geometry":{"type":"MultiPolygon","coordinates":[[[[127.1019,37.3911],[127.1034,37.3824],[127.1035,37.3761],[127.1018,37.3767],[127.0938,37.376],[127.083,37.3734],[127.0811,37.3717],[127.0789,37.3718],[127.078,37.3737],[127.0795,37.3787],[127.0854,37.3829],[127.0838,37.385],[127.0839,37.3863],[127.0891,37.3987],[127.0888,37.4022],[127.0894,37.4033],[127.0947,37.4057],[127.0987,37.402],[127.1002,37.3999],[127.1019,37.3911]]]]}},{"type":"Feature","properties":{"c":"4113565700","n":"경기도 성남시분당구 백현동","sg":"성남시분당구","sd":"경기도","p":26074,"a":1.96,"d":13300},"geometry":{"type":"MultiPolygon","coordinates":[[[[127.1208,37.3947],[127.1203,37.3911],[127.109,37.3785],[127.1034,37.3814],[127.1019,37.3911],[127.1029,37.3922],[127.1063,37.3947],[127.1098,37.3947],[127.1118,37.394],[127.1119,37.3945],[127.1128,37.3947],[127.1208,37.3947]]]]}},{"type":"Feature","properties":{"c":"4113555000","n":"경기도 성남시분당구 정자1동","sg":"성남시분당구","sd":"경기도","p":30387,"a":1.16,"d":26185},"geometry":{"type":"MultiPolygon","coordinates":[[[[127.109,37.3785],[127.1123,37.3755],[127.1081,37.3724],[127.1085,37.3566],[127.1036,37.3566],[127.1036,37.3618],[127.1045,37.3641],[127.1036,37.3711],[127.1034,37.3814],[127.109,37.3785]]]]}},{"type":"Feature","properties":{"c":"4113554500","n":"경기도 성남시분당구 정자동","sg":"성남시분당구","sd":"경기도","p":13725,"a":1.005,"d":13650},"geometry":{"type":"MultiPolygon","coordinates":[[[[127.1166,37.3716],[127.1148,37.3697],[127.1149,37.36],[127.1089,37.3599],[127.1093,37.3585],[127.1117,37.3573],[127.1085,37.3566],[127.1081,37.3724],[127.1123,37.3755],[127.1166,37.3716]]]]}},{"type":"Feature","properties":{"c":"4115052000","n":"경기도 의정부시 의정부2동","sg":"의정부시","sd":"경기도","p":29563,"a":2.495,"d":11847},"geometry":{"type":"MultiPolygon","coordinates":[[[[127.0468,37.7387],[127.0452,37.7391],[127.0469,37.7315],[127.0435,37.7309],[127.042,37.7321],[127.0334,37.7277],[127.0302,37.7269],[127.0268,37.7267],[127.025,37.7278],[127.0297,37.7398],[127.033,37.7418],[127.0343,37.7418],[127.0397,37.7396],[127.0402,37.7403],[127.0407,37.742],[127.036,37.7431],[127.0383,37.7438],[127.0393,37.7461],[127.0424,37.7462],[127.0424,37.7468],[127.0449,37.7469],[127.0468,37.7387]]]]}},{"type":"Feature","properties":{"c":"4115054500","n":"경기도 의정부시 호원1동","sg":"의정부시","sd":"경기도","p":33042,"a":6.609,"d":5000},"geometry":{"type":"MultiPolygon","coordinates":[[[[127.0504,37.7237],[127.0491,37.7218],[127.0489,37.7189],[127.0507,37.7158],[127.0509,37.714],[127.0502,37.7117],[127.0523,37.7054],[127.0521,37.7043],[127.0485,37.7006],[127.0482,37.6939],[127.0451,37.6924],[127.0431,37.6952],[127.0416,37.6954],[127.0359,37.6922],[127.0325,37.6917],[127.0311,37.6929],[127.0293,37.6988],[127.028,37.7006],[127.0272,37.7007],[127.0249,37.6994],[127.0221,37.6996],[127.0196,37.7011],[127.0158,37.701],[127.0155,37.7034],[127.0235,37.7104],[127.0256,37.7144],[127.0289,37.7171],[127.0349,37.7189],[127.0465,37.7188],[127.0471,37.7244],[127.0482,37.7249],[127.0504,37.7237]]]]}},{"type":"Feature","properties":{"c":"4115056100","n":"경기도 의정부시 장암동","sg":"의정부시","sd":"경기도","p":18216,"a":9.176,"d":1985},"geometry":{"type":"MultiPolygon","coordinates":[[[[127.0734,37.7199],[127.0738,37.7184],[127.0783,37.713],[127.0807,37.7113],[127.0792,37.7089],[127.0797,37.7056],[127.0817,37.7044],[127.082,37.7034],[127.0838,37.7017],[127.0804,37.6996],[127.0811,37.6961],[127.0773,37.6964],[127.0726,37.6943],[127.0694,37.6944],[127.0651,37.6898],[127.0604,37.6887],[127.0568,37.6896],[127.0548,37.6893],[127.0508,37.687],[127.0494,37.6929],[127.0482,37.6939],[127.0485,37.7006],[127.0521,37.7043],[127.0523,37.7054],[127.0502,37.7117],[127.0509,37.714],[127.0507,37.7158],[127.0493,37.7179],[127.0488,37.72],[127.0491,37.7218],[127.052,37.7265],[127.0643,37.7266],[127.0612,37.7215],[127.066,37.7221],[127.0711,37.7218],[127.0734,37.7199]]]]}},{"type":"Feature","properties":{"c":"4115056700","n":"경기도 의정부시 신곡1동","sg":"의정부시","sd":"경기도","p":41249,"a":2.902,"d":14216},"geometry":{"type":"MultiPolygon","coordinates":[[[[127.0734,37.7199],[127.0711,37.7218],[127.066,37.7221],[127.0612,37.7215],[127.0643,37.7266],[127.052,37.7265],[127.0517,37.7278],[127.0543,37.7305],[127.0541,37.7349],[127.0531,37.7374],[127.0542,37.7405],[127.0562,37.7405],[127.0585,37.7366],[127.0643,37.7379],[127.0666,37.7394],[127.0725,37.7403],[127.0742,37.7414],[127.075,37.7397],[127.0747,37.7385],[127.073,37.737],[127.071,37.7321],[127.0721,37.7304],[127.0744,37.729],[127.0746,37.726],[127.0734,37.7219],[127.074,37.7205],[127.0734,37.7199]]]]}},{"type":"Feature","properties":{"c":"4115056800","n":"경기도 의정부시 신곡2동","sg":"의정부시","sd":"경기도","p":43507,"a":2.459,"d":17691},"geometry":{"type":"MultiPolygon","coordinates":[[[[127.0827,37.7522],[127.0799,37.7497],[127.0823,37.7467],[127.0784,37.7451],[127.0788,37.7467],[127.0734,37.7442],[127.0731,37.7422],[127.0742,37.7414],[127.0725,37.7403],[127.0666,37.7394],[127.0643,37.7379],[127.0585,37.7366],[127.0562,37.7405],[127.0542,37.7405],[127.0545,37.7438],[127.0597,37.7481],[127.0662,37.7499],[127.0677,37.7496],[127.0707,37.7504],[127.0748,37.7535],[127.0773,37.7541],[127.0789,37.7542],[127.0827,37.7522]]]]}},{"type":"Feature","properties":{"c":"4115057300","n":"경기도 의정부시 송산1동","sg":"의정부시","sd":"경기도","p":31391,"a":4.544,"d":6908},"geometry":{"type":"MultiPolygon","coordinates":[[[[127.0898,37.7322],[127.0903,37.731],[127.0882,37.7304],[127.0877,37.7295],[127.0915,37.7274],[127.0901,37.7252],[127.0888,37.7247],[127.0878,37.7221],[127.0865,37.7218],[127.0855,37.7148],[127.0835,37.7141],[127.0807,37.7113],[127.0783,37.713],[127.0738,37.7184],[127.0734,37.7199],[127.074,37.7207],[127.0734,37.7219],[127.0746,37.726],[127.0744,37.729],[127.0721,37.7304],[127.071,37.7321],[127.0713,37.7336],[127.073,37.737],[127.0745,37.7379],[127.075,37.7397],[127.0731,37.7422],[127.0734,37.7442],[127.0788,37.7467],[127.0784,37.7451],[127.0823,37.7467],[127.0799,37.7497],[127.0827,37.7522],[127.0837,37.7476],[127.086,37.7419],[127.0879,37.7399],[127.0886,37.738],[127.0882,37.736],[127.0898,37.7322]]]]}},{"type":"Feature","properties":{"c":"4115058000","n":"경기도 의정부시 자금동","sg":"의정부시","sd":"경기도","p":26431,"a":12.08,"d":2188},"geometry":{"type":"MultiPolygon","coordinates":[[[[127.1254,37.7633],[127.1222,37.7654],[127.1151,37.7653],[127.1138,37.7684],[127.1126,37.7691],[127.1105,37.768],[127.1085,37.7654],[127.1045,37.7623],[127.105,37.7587],[127.1034,37.7572],[127.0979,37.7548],[127.0899,37.7531],[127.0875,37.7542],[127.0853,37.7522],[127.0852,37.7511],[127.0842,37.7507],[127.0834,37.7507],[127.0827,37.7522],[127.0789,37.7542],[127.076,37.7538],[127.0748,37.7535],[127.0707,37.7504],[127.0677,37.7496],[127.0662,37.7499],[127.0597,37.7481],[127.0545,37.7438],[127.0546,37.7455],[127.0535,37.7477],[127.0514,37.748],[127.0474,37.7515],[127.0461,37.7538],[127.0472,37.753],[127.0486,37.7539],[127.0522,37.7608],[127.0542,37.7623],[127.0565,37.7617],[127.0602,37.7621],[127.0654,37.7637],[127.0705,37.7658],[127.0741,37.7685],[127.0791,37.7695],[127.0815,37.7707],[127.083,37.7727],[127.0847,37.7736],[127.0947,37.7772],[127.1035,37.7787],[127.1043,37.7797],[127.1107,37.7794],[127.1117,37.7789],[127.1154,37.7764],[127.1156,37.7738],[127.1201,37.774],[127.1281,37.7718],[127.1291,37.7669],[127.1273,37.7654],[127.1265,37.7656],[127.1254,37.7633]]]]}},{"type":"Feature","properties":{"c":"4115059500","n":"경기도 의정부시 가능동","sg":"의정부시","sd":"경기도","p":25629,"a":4.544,"d":5640},"geometry":{"type":"MultiPolygon","coordinates":[[[[127.0423,37.7579],[127.0426,37.7528],[127.0449,37.7469],[127.0424,37.7468],[127.0424,37.7462],[127.0386,37.746],[127.0386,37.7467],[127.0308,37.7465],[127.0303,37.7479],[127.0281,37.7485],[127.0216,37.7483],[127.0143,37.7471],[127.0123,37.7457],[127.0053,37.7432],[127.0025,37.7444],[127.003,37.7498],[127.0021,37.7514],[127.0033,37.7531],[127.0013,37.759],[127.0023,37.7628],[127.0047,37.7632],[127.008,37.7625],[127.0177,37.7559],[127.0249,37.7567],[127.0304,37.7562],[127.0363,37.7548],[127.0388,37.7562],[127.0395,37.759],[127.041,37.7592],[127.0423,37.7579]]]]}},{"type":"Feature","properties":{"c":"4115061500","n":"경기도 의정부시 흥선동","sg":"의정부시","sd":"경기도","p":17784,"a":5.468,"d":3253},"geometry":{"type":"MultiPolygon","coordinates":[[[[127.0393,37.7461],[127.0383,37.7438],[127.036,37.7431],[127.0407,37.742],[127.0397,37.7396],[127.0343,37.7418],[127.033,37.7418],[127.0297,37.7398],[127.0287,37.7363],[127.0231,37.7246],[127.0217,37.7243],[127.0201,37.7222],[127.0136,37.7193],[127.0115,37.7223],[127.0126,37.7237],[127.0126,37.7258],[127.0109,37.7263],[127.0087,37.7281],[127.0099,37.73],[127.0031,37.7386],[127.0022,37.7407],[127.0032,37.7425],[127.0077,37.7437],[127.0123,37.7457],[127.0143,37.7471],[127.0182,37.7481],[127.0281,37.7485],[127.0303,37.7479],[127.0308,37.7465],[127.0386,37.7467],[127.0386,37.746],[127.0393,37.7461]]]]}},{"type":"Feature","properties":{"c":"4115062000","n":"경기도 의정부시 녹양동","sg":"의정부시","sd":"경기도","p":18745,"a":4.158,"d":4508},"geometry":{"type":"MultiPolygon","coordinates":[[[[127.0528,37.7614],[127.0486,37.7539],[127.0472,37.753],[127.041,37.7592],[127.0395,37.759],[127.0388,37.7562],[127.0363,37.7548],[127.0304,37.7562],[127.0249,37.7567],[127.0177,37.7559],[127.008,37.7625],[127.0047,37.7632],[127.0106,37.7662],[127.0173,37.7686],[127.0187,37.7686],[127.0255,37.7669],[127.0351,37.7677],[127.0412,37.7667],[127.0509,37.7609],[127.0528,37.7614]]]]}},{"type":"Feature","properties":{"c":"4115055500","n":"경기도 의정부시 호원2동","sg":"의정부시","sd":"경기도","p":32405,"a":3.897,"d":8316},"geometry":{"type":"MultiPolygon","coordinates":[[[[127.0435,37.7309],[127.0468,37.7301],[127.0502,37.7284],[127.052,37.7265],[127.0504,37.7237],[127.0482,37.7249],[127.0471,37.7244],[127.0465,37.7188],[127.0349,37.7189],[127.0289,37.7171],[127.0256,37.7144],[127.0235,37.7104],[127.0194,37.7073],[127.0194,37.7082],[127.0134,37.7142],[127.0128,37.7165],[127.0141,37.7192],[127.0201,37.7222],[127.0217,37.7243],[127.0229,37.7244],[127.025,37.7278],[127.0268,37.7267],[127.0302,37.7269],[127.0334,37.7277],[127.042,37.7321],[127.0435,37.7309]]]]}},{"type":"Feature","properties":{"c":"4115057600","n":"경기도 의정부시 송산2동","sg":"의정부시","sd":"경기도","p":30666,"a":1.46,"d":21002},"geometry":{"type":"MultiPolygon","coordinates":[[[[127.0846,37.7458],[127.0863,37.7454],[127.0918,37.7461],[127.1004,37.7418],[127.1016,37.7431],[127.1053,37.7408],[127.1009,37.7374],[127.0987,37.7344],[127.096,37.7357],[127.0945,37.7353],[127.0937,37.7359],[127.0898,37.7322],[127.0882,37.736],[127.0886,37.738],[127.0879,37.7399],[127.086,37.7419],[127.0846,37.7458]]]]}},{"type":"Feature","properties":{"c":"4117151000","n":"경기도 안양시만안구 안양1동","sg":"안양시만안구","sd":"경기도","p":18944,"a":0.592,"d":31973},"geometry":{"type":"MultiPolygon","coordinates":[[[[126.9278,37.4008],[126.9315,37.3974],[126.9253,37.3942],[126.9199,37.4005],[126.9206,37.4013],[126.9209,37.4035],[126.9223,37.4045],[126.9278,37.4008]]]]}},{"type":"Feature","properties":{"c":"4117152000","n":"경기도 안양시만안구 안양2동","sg":"안양시만안구","sd":"경기도","p":22058,"a":2.892,"d":7626},"geometry":{"type":"MultiPolygon","coordinates":[[[[126.9371,37.4142],[126.9352,37.4133],[126.9331,37.4138],[126.9294,37.4134],[126.9275,37.4073],[126.9282,37.4049],[126.9278,37.4008],[126.9223,37.4045],[126.9209,37.4035],[126.9206,37.4013],[126.9199,37.4005],[126.9187,37.402],[126.9134,37.4026],[126.9131,37.4048],[126.9109,37.4085],[126.9128,37.409],[126.9136,37.4132],[126.9155,37.4143],[126.916,37.4164],[126.9188,37.4182],[126.9205,37.4186],[126.9223,37.4174],[126.923,37.4161],[126.9241,37.4158],[126.9246,37.4189],[126.9291,37.4196],[126.9311,37.4179],[126.9339,37.4177],[126.9347,37.4191],[126.9413,37.4208],[126.9428,37.4203],[126.9463,37.4217],[126.9474,37.4214],[126.9418,37.4191],[126.9371,37.4142]]]]}},{"type":"Feature","properties":{"c":"4117153000","n":"경기도 안양시만안구 안양3동","sg":"안양시만안구","sd":"경기도","p":14650,"a":0.707,"d":20721},"geometry":{"type":"MultiPolygon","coordinates":[[[[126.9199,37.4005],[126.9167,37.3987],[126.9147,37.3959],[126.9165,37.3933],[126.9158,37.3917],[126.9141,37.3923],[126.9131,37.3949],[126.9063,37.3948],[126.9043,37.3971],[126.9051,37.3978],[126.9083,37.3978],[126.9103,37.3995],[126.9103,37.4013],[126.9128,37.4016],[126.9129,37.4026],[126.9187,37.402],[126.9199,37.4005]]]]}},{"type":"Feature","properties":{"c":"4117154000","n":"경기도 안양시만안구 안양4동","sg":"안양시만안구","sd":"경기도","p":6580,"a":0.327,"d":20122},"geometry":{"type":"MultiPolygon","coordinates":[[[[126.9233,37.3965],[126.9189,37.3945],[126.9172,37.3931],[126.9165,37.3933],[126.9147,37.3959],[126.9167,37.3987],[126.9199,37.4005],[126.9233,37.3965]]]]}},{"type":"Feature","properties":{"c":"4117155000","n":"경기도 안양시만안구 안양5동","sg":"안양시만안구","sd":"경기도","p":14592,"a":0.617,"d":23631},"geometry":{"type":"MultiPolygon","coordinates":[[[[126.9283,37.3957],[126.9301,37.3943],[126.9267,37.3925],[126.9274,37.3916],[126.9188,37.3873],[126.9173,37.3908],[126.9158,37.3917],[126.9165,37.3933],[126.9172,37.3931],[126.9189,37.3945],[126.9233,37.3965],[126.9253,37.3942],[126.9283,37.3957]]]]}},{"type":"Feature","properties":{"c":"4117156000","n":"경기도 안양시만안구 안양6동","sg":"안양시만안구","sd":"경기도","p":27220,"a":1.422,"d":19140},"geometry":{"type":"MultiPolygon","coordinates":[[[[126.936,37.3833],[126.9338,37.3839],[126.9322,37.3858],[126.9258,37.3842],[126.9219,37.3809],[126.9192,37.3769],[126.9175,37.3768],[126.9173,37.3789],[126.9145,37.3818],[126.9151,37.3835],[126.9189,37.3858],[126.9188,37.3873],[126.9274,37.3916],[126.9267,37.3925],[126.9301,37.3943],[126.9334,37.3904],[126.936,37.3833]]]]}},{"type":"Feature","properties":{"c":"4117157000","n":"경기도 안양시만안구 안양7동","sg":"안양시만안구","sd":"경기도","p":14773,"a":1.071,"d":13794},"geometry":{"type":"MultiPolygon","coordinates":[[[[126.9315,37.3974],[126.9397,37.3935],[126.9413,37.3918],[126.9418,37.3899],[126.9413,37.3861],[126.939,37.3811],[126.9408,37.3791],[126.9412,37.3768],[126.9366,37.3818],[126.9334,37.3904],[126.9283,37.3957],[126.9315,37.3974]]]]}},{"type":"Feature","properties":{"c":"4117158200","n":"경기도 안양시만안구 명학동","sg":"안양시만안구","sd":"경기도","p":7788,"a":1.181,"d":6593},"geometry":{"type":"MultiPolygon","coordinates":[[[[126.936,37.3833],[126.9371,37.381],[126.9412,37.3768],[126.9401,37.3759],[126.9328,37.3775],[126.9269,37.3776],[126.9214,37.3765],[126.9192,37.3769],[126.9219,37.3809],[126.9258,37.3842],[126.9322,37.3858],[126.9338,37.3839],[126.936,37.3833]]]]}},{"type":"Feature","properties":{"c":"4117158300","n":"경기도 안양시만안구 병목안동","sg":"안양시만안구","sd":"경기도","p":15478,"a":6.839,"d":2263},"geometry":{"type":"MultiPolygon","coordinates":[[[[126.9158,37.3917],[126.9173,37.3908],[126.9189,37.3858],[126.9151,37.3835],[126.9145,37.3818],[126.9173,37.3789],[126.9175,37.3768],[126.9167,37.3759],[126.9148,37.3754],[126.9116,37.3678],[126.9083,37.3634],[126.9074,37.3601],[126.9043,37.3571],[126.901,37.3569],[126.8972,37.3581],[126.8957,37.36],[126.8911,37.3753],[126.8934,37.3799],[126.8956,37.3824],[126.8941,37.3841],[126.8951,37.3865],[126.896,37.3874],[126.898,37.3872],[126.8995,37.3928],[126.9044,37.3948],[126.9127,37.395],[126.9141,37.3923],[126.9158,37.3917]]]]}},{"type":"Feature","properties":{"c":"4117159000","n":"경기도 안양시만안구 석수1동","sg":"안양시만안구","sd":"경기도","p":18066,"a":9.47,"d":1908},"geometry":{"type":"MultiPolygon","coordinates":[[[[126.931,37.4478],[126.9303,37.4474],[126.9305,37.4453],[126.9354,37.4428],[126.9378,37.4402],[126.9373,37.4385],[126.9386,37.436],[126.9402,37.4357],[126.9414,37.4374],[126.9449,37.437],[126.9482,37.4385],[126.9479,37.4355],[126.9489,37.4299],[126.9481,37.4278],[126.948,37.4223],[126.9428,37.4203],[126.9413,37.4208],[126.9347,37.4191],[126.9339,37.4177],[126.9311,37.4179],[126.9291,37.4196],[126.9246,37.4189],[126.9241,37.4158],[126.923,37.4161],[126.9223,37.4174],[126.9205,37.4186],[126.9193,37.4184],[126.916,37.4164],[126.9155,37.4143],[126.9136,37.4132],[126.9074,37.421],[126.9043,37.4264],[126.9019,37.4364],[126.9045,37.4341],[126.9087,37.4338],[126.9124,37.4386],[126.9143,37.44],[126.9181,37.4399],[126.9194,37.4408],[126.9221,37.4452],[126.9287,37.4502],[126.931,37.4478]]]]}},{"type":"Feature","properties":{"c":"4117160000","n":"경기도 안양시만안구 석수2동","sg":"안양시만안구","sd":"경기도","p":29296,"a":3.132,"d":9353},"geometry":{"type":"MultiPolygon","coordinates":[[[[126.9005,37.4374],[126.9019,37.4364],[126.9043,37.4264],[126.9074,37.421],[126.9136,37.4132],[126.9128,37.409],[126.9074,37.4076],[126.9071,37.4083],[126.9024,37.4083],[126.9035,37.4104],[126.9023,37.4115],[126.8945,37.4128],[126.8929,37.4176],[126.8896,37.4178],[126.8889,37.4186],[126.8904,37.4204],[126.8919,37.4205],[126.894,37.4217],[126.8965,37.4256],[126.8966,37.4278],[126.8941,37.429],[126.8958,37.4306],[126.8978,37.431],[126.8992,37.4339],[126.8996,37.4375],[126.9005,37.4374]]]]}},{"type":"Feature","properties":{"c":"4117161100","n":"경기도 안양시만안구 충훈동","sg":"안양시만안구","sd":"경기도","p":11524,"a":0.966,"d":11931},"geometry":{"type":"MultiPolygon","coordinates":[[[[126.9074,37.4076],[126.9033,37.4049],[126.8975,37.4034],[126.8958,37.4039],[126.8928,37.4088],[126.8908,37.4108],[126.8918,37.414],[126.8935,37.4161],[126.8945,37.4128],[126.9023,37.4115],[126.9035,37.4104],[126.9024,37.4083],[126.9071,37.4083],[126.9074,37.4076]]]]}},{"type":"Feature","properties":{"c":"4117164000","n":"경기도 안양시만안구 박달동","sg":"안양시만안구","sd":"경기도","p":13201,"a":0.449,"d":29384},"geometry":{"type":"MultiPolygon","coordinates":[[[[126.9134,37.4026],[126.9129,37.4026],[126.9128,37.4016],[126.9103,37.4013],[126.9103,37.4002],[126.9083,37.4011],[126.9079,37.4026],[126.9059,37.4025],[126.9057,37.4042],[126.9033,37.4049],[126.9074,37.4076],[126.9109,37.4085],[126.9131,37.4048],[126.9134,37.4026]]]]}},{"type":"Feature","properties":{"c":"4117165000","n":"경기도 안양시만안구 호현동","sg":"안양시만안구","sd":"경기도","p":19875,"a":7.587,"d":2620},"geometry":{"type":"MultiPolygon","coordinates":[[[[126.8935,37.4161],[126.8918,37.414],[126.8908,37.4108],[126.8928,37.4088],[126.8953,37.4043],[126.8975,37.4034],[126.9033,37.4049],[126.9046,37.4046],[126.9057,37.4042],[126.9059,37.4025],[126.9079,37.4026],[126.9083,37.4011],[126.9103,37.4002],[126.9103,37.3995],[126.9081,37.3977],[126.9051,37.3978],[126.9043,37.3971],[126.9057,37.3951],[126.8995,37.3928],[126.898,37.3872],[126.896,37.3874],[126.8951,37.3865],[126.8941,37.3841],[126.8956,37.3824],[126.8934,37.3799],[126.8911,37.3753],[126.8865,37.3766],[126.8819,37.3762],[126.8779,37.3873],[126.8761,37.3947],[126.8776,37.3971],[126.877,37.4021],[126.8774,37.4047],[126.8754,37.4068],[126.8706,37.4069],[126.8711,37.4121],[126.8719,37.4125],[126.8799,37.4102],[126.8889,37.4126],[126.8896,37.4178],[126.8929,37.4176],[126.8935,37.4161]]]]}},{"type":"Feature","properties":{"c":"4117351000","n":"경기도 안양시동안구 비산1동","sg":"안양시동안구","sd":"경기도","p":28084,"a":1.784,"d":15745},"geometry":{"type":"MultiPolygon","coordinates":[[[[126.9382,37.413],[126.9402,37.4117],[126.9383,37.4069],[126.9416,37.4051],[126.9412,37.4024],[126.9429,37.4007],[126.9412,37.4005],[126.9415,37.3988],[126.9341,37.3987],[126.9315,37.3974],[126.9278,37.4008],[126.9282,37.4049],[126.9275,37.4073],[126.9294,37.4134],[126.9331,37.4138],[126.9352,37.4133],[126.9371,37.4142],[126.9382,37.413]]]]}},{"type":"Feature","properties":{"c":"4117352000","n":"경기도 안양시동안구 비산2동","sg":"안양시동안구","sd":"경기도","p":12854,"a":0.457,"d":28102},"geometry":{"type":"MultiPolygon","coordinates":[[[[126.9454,37.3986],[126.9399,37.3955],[126.944,37.3924],[126.9413,37.3918],[126.9397,37.3935],[126.9315,37.3974],[126.9341,37.3987],[126.9415,37.3988],[126.9412,37.4005],[126.9429,37.4007],[126.9439,37.399],[126.9454,37.3986]]]]}},{"type":"Feature","properties":{"c":"4117353000","n":"경기도 안양시동안구 비산3동","sg":"안양시동안구","sd":"경기도","p":17817,"a":5.568,"d":3200},"geometry":{"type":"MultiPolygon","coordinates":[[[[126.9613,37.4292],[126.9596,37.4281],[126.9579,37.4242],[126.9597,37.4182],[126.9591,37.4163],[126.9579,37.4143],[126.9539,37.4113],[126.9528,37.4093],[126.954,37.401],[126.9507,37.4007],[126.9454,37.3986],[126.9439,37.399],[126.9412,37.4024],[126.9416,37.4051],[126.9383,37.4069],[126.9402,37.4117],[126.9371,37.4142],[126.9418,37.4191],[126.9474,37.4214],[126.9463,37.4217],[126.948,37.4223],[126.9481,37.4278],[126.9489,37.4299],[126.9479,37.4355],[126.9482,37.4385],[126.951,37.4384],[126.9526,37.4392],[126.9552,37.4386],[126.9592,37.4392],[126.96,37.4403],[126.9638,37.4408],[126.9655,37.4403],[126.9643,37.4376],[126.9642,37.4314],[126.9626,37.4311],[126.9623,37.429],[126.9613,37.4292]]]]}},{"type":"Feature","properties":{"c":"4117354000","n":"경기도 안양시동안구 부흥동","sg":"안양시동안구","sd":"경기도","p":15741,"a":0.488,"d":32284},"geometry":{"type":"MultiPolygon","coordinates":[[[[126.951,37.3911],[126.9481,37.3891],[126.9399,37.3955],[126.9454,37.3986],[126.9488,37.3953],[126.951,37.3911]]]]}},{"type":"Feature","properties":{"c":"4117354600","n":"경기도 안양시동안구 달안동","sg":"안양시동안구","sd":"경기도","p":9351,"a":0.419,"d":22311},"geometry":{"type":"MultiPolygon","coordinates":[[[[126.9552,37.3925],[126.951,37.3911],[126.9488,37.3953],[126.9454,37.3986],[126.9507,37.4007],[126.9552,37.3925]]]]}},{"type":"Feature","properties":{"c":"4117355200","n":"경기도 안양시동안구 관양동","sg":"안양시동안구","sd":"경기도","p":31778,"a":3.278,"d":9693},"geometry":{"type":"MultiPolygon","coordinates":[[[[126.9785,37.4032],[126.9765,37.4023],[126.972,37.4048],[126.9656,37.4045],[126.9645,37.4044],[126.965,37.4022],[126.9644,37.402],[126.9575,37.4021],[126.954,37.401],[126.9528,37.4093],[126.9539,37.4113],[126.9579,37.4143],[126.9591,37.4163],[126.9597,37.4182],[126.9579,37.4242],[126.9596,37.4281],[126.9613,37.4292],[126.9623,37.429],[126.9618,37.4269],[126.9609,37.426],[126.9628,37.4207],[126.964,37.4191],[126.9738,37.415],[126.9753,37.4126],[126.9762,37.4061],[126.9785,37.4032]]]]}},{"type":"Feature","properties":{"c":"4117355900","n":"경기도 안양시동안구 인덕원동","sg":"안양시동안구","sd":"경기도","p":17799,"a":1.705,"d":10438},"geometry":{"type":"MultiPolygon","coordinates":[[[[126.9785,37.4032],[126.9805,37.403],[126.9819,37.4018],[126.9827,37.4003],[126.9822,37.3988],[126.9795,37.3959],[126.9766,37.3966],[126.9739,37.3965],[126.9742,37.3917],[126.9711,37.3907],[126.9694,37.3908],[126.9688,37.396],[126.9641,37.3955],[126.96,37.4019],[126.965,37.4022],[126.9645,37.4044],[126.9663,37.4046],[126.972,37.4048],[126.9765,37.4023],[126.9785,37.4032]]]]}},{"type":"Feature","properties":{"c":"4117356600","n":"경기도 안양시동안구 부림동","sg":"안양시동안구","sd":"경기도","p":26421,"a":0.955,"d":27665},"geometry":{"type":"MultiPolygon","coordinates":[[[[126.96,37.4019],[126.9652,37.3936],[126.9562,37.3905],[126.9507,37.4007],[126.954,37.401],[126.9575,37.4021],[126.96,37.4019]]]]}},{"type":"Feature","properties":{"c":"4117357000","n":"경기도 안양시동안구 평촌동","sg":"안양시동안구","sd":"경기도","p":14715,"a":0.505,"d":29118},"geometry":{"type":"MultiPolygon","coordinates":[[[[126.9795,37.3959],[126.9818,37.3944],[126.9812,37.3933],[126.9788,37.3923],[126.9729,37.3868],[126.9729,37.3872],[126.9697,37.3883],[126.9694,37.3908],[126.9711,37.3907],[126.9742,37.3917],[126.9739,37.3965],[126.9766,37.3966],[126.9795,37.3959]]]]}},{"type":"Feature","properties":{"c":"4117357600","n":"경기도 안양시동안구 평안동","sg":"안양시동안구","sd":"경기도","p":22183,"a":0.835,"d":26578},"geometry":{"type":"MultiPolygon","coordinates":[[[[126.9694,37.3908],[126.9697,37.3883],[126.9592,37.385],[126.9562,37.3905],[126.9652,37.3936],[126.9641,37.3955],[126.9688,37.396],[126.9694,37.3908]]]]}},{"type":"Feature","properties":{"c":"4117357800","n":"경기도 안양시동안구 귀인동","sg":"안양시동안구","sd":"경기도","p":15902,"a":0.688,"d":23119},"geometry":{"type":"MultiPolygon","coordinates":[[[[126.9729,37.3868],[126.9722,37.3813],[126.9714,37.3803],[126.9661,37.3823],[126.9615,37.3809],[126.9592,37.385],[126.9697,37.3883],[126.9729,37.3872],[126.9729,37.3868]]]]}},{"type":"Feature","properties":{"c":"4117358000","n":"경기도 안양시동안구 호계1동","sg":"안양시동안구","sd":"경기도","p":27088,"a":0.969,"d":27964},"geometry":{"type":"MultiPolygon","coordinates":[[[[126.9632,37.3722],[126.9613,37.3712],[126.9536,37.3691],[126.9503,37.3674],[126.9471,37.37],[126.9456,37.3738],[126.9467,37.3757],[126.9513,37.3745],[126.9541,37.3749],[126.9564,37.3757],[126.9558,37.3769],[126.9592,37.3781],[126.9632,37.3722]]]]}},{"type":"Feature","properties":{"c":"4117359000","n":"경기도 안양시동안구 호계2동","sg":"안양시동안구","sd":"경기도","p":27182,"a":1.709,"d":15904},"geometry":{"type":"MultiPolygon","coordinates":[[[[126.9481,37.3891],[126.9505,37.3869],[126.9564,37.3757],[126.9541,37.3749],[126.9513,37.3745],[126.9467,37.3757],[126.9438,37.378],[126.9407,37.3792],[126.9391,37.3805],[126.9413,37.3861],[126.9418,37.3899],[126.9413,37.3918],[126.944,37.3924],[126.9481,37.3891]]]]}},{"type":"Feature","properties":{"c":"4117360000","n":"경기도 안양시동안구 호계3동","sg":"안양시동안구","sd":"경기도","p":23835,"a":0.845,"d":28203},"geometry":{"type":"MultiPolygon","coordinates":[[[[126.9658,37.3728],[126.9654,37.3674],[126.9643,37.3651],[126.9662,37.3632],[126.9661,37.3622],[126.9621,37.3616],[126.957,37.366],[126.9531,37.3663],[126.9503,37.3674],[126.9536,37.3691],[126.9613,37.3712],[126.9662,37.3733],[126.9658,37.3728]]]]}},{"type":"Feature","properties":{"c":"4117361000","n":"경기도 안양시동안구 범계동","sg":"안양시동안구","sd":"경기도","p":14885,"a":0.572,"d":26012},"geometry":{"type":"MultiPolygon","coordinates":[[[[126.9562,37.3905],[126.9592,37.385],[126.9527,37.3828],[126.9502,37.3874],[126.9481,37.3891],[126.951,37.3911],[126.9552,37.3925],[126.9562,37.3905]]]]}},{"type":"Feature","properties":{"c":"4117362000","n":"경기도 안양시동안구 신촌동","sg":"안양시동안구","sd":"경기도","p":12184,"a":0.416,"d":29301},"geometry":{"type":"MultiPolygon","coordinates":[[[[126.9615,37.3809],[126.9592,37.3781],[126.9558,37.3769],[126.9527,37.3828],[126.9592,37.385],[126.9615,37.3809]]]]}},{"type":"Feature","properties":{"c":"4117363000","n":"경기도 안양시동안구 갈산동","sg":"안양시동안구","sd":"경기도","p":10279,"a":0.72,"d":14275},"geometry":{"type":"MultiPolygon","coordinates":[[[[126.9714,37.3803],[126.9662,37.3733],[126.9632,37.3722],[126.9592,37.3781],[126.9615,37.3809],[126.9661,37.3823],[126.9714,37.3803]]]]}},{"type":"Feature","properties":{"c":"4121051000","n":"경기도 광명시 광명1동","sg":"광명시","sd":"경기도","p":16172,"a":0.341,"d":47483},"geometry":{"type":"MultiPolygon","coordinates":[[[[126.8627,37.4865],[126.8625,37.4833],[126.8611,37.483],[126.8594,37.4831],[126.8575,37.4855],[126.8565,37.4857],[126.8582,37.4863],[126.8619,37.4904],[126.867,37.493],[126.8662,37.4902],[126.8621,37.4873],[126.8627,37.4865]]]]}},{"type":"Feature","properties":{"c":"4121052000","n":"경기도 광명시 광명2동","sg":"광명시","sd":"경기도","p":7098,"a":0.232,"d":30659},"geometry":{"type":"MultiPolygon","coordinates":[[[[126.8625,37.4833],[126.8613,37.481],[126.8599,37.4804],[126.8535,37.4826],[126.8565,37.4857],[126.8575,37.4855],[126.8594,37.4831],[126.8625,37.4833]]]]}},{"type":"Feature","properties":{"c":"4121054000","n":"경기도 광명시 광명3동","sg":"광명시","sd":"경기도","p":8873,"a":0.309,"d":28761},"geometry":{"type":"MultiPolygon","coordinates":[[[[126.8615,37.4814],[126.8622,37.4771],[126.8465,37.4817],[126.8483,37.4824],[126.8519,37.4816],[126.8535,37.4826],[126.8599,37.4804],[126.8615,37.4814]]]]}},{"type":"Feature","properties":{"c":"4121055000","n":"경기도 광명시 광명4동","sg":"광명시","sd":"경기도","p":7118,"a":0.295,"d":24145},"geometry":{"type":"MultiPolygon","coordinates":[[[[126.8606,37.4776],[126.8598,37.476],[126.8576,37.4764],[126.8533,37.4761],[126.8531,37.4766],[126.8504,37.4771],[126.8496,37.4808],[126.8606,37.4776]]]]}},{"type":"Feature","properties":{"c":"4121056000","n":"경기도 광명시 광명5동","sg":"광명시","sd":"경기도","p":11271,"a":0.356,"d":31645},"geometry":{"type":"MultiPolygon","coordinates":[[[[126.8496,37.4808],[126.8504,37.4771],[126.8531,37.4766],[126.8518,37.4739],[126.8483,37.4735],[126.8456,37.4745],[126.846,37.4797],[126.8465,37.4817],[126.8496,37.4808]]]]}},{"type":"Feature","properties":{"c":"4121057000","n":"경기도 광명시 광명6동","sg":"광명시","sd":"경기도","p":12395,"a":2.496,"d":4966},"geometry":{"type":"MultiPolygon","coordinates":[[[[126.8456,37.4745],[126.8483,37.4735],[126.8518,37.4739],[126.8542,37.4727],[126.852,37.4685],[126.849,37.4677],[126.8479,37.4679],[126.845,37.4712],[126.8418,37.4666],[126.8426,37.4624],[126.8411,37.4586],[126.8388,37.4557],[126.837,37.456],[126.8384,37.4573],[126.8376,37.4584],[126.8363,37.4581],[126.8331,37.4604],[126.8322,37.459],[126.8293,37.4578],[126.8285,37.4596],[126.826,37.4594],[126.8277,37.4632],[126.8311,37.4648],[126.8315,37.4663],[126.8332,37.4659],[126.8335,37.4687],[126.832,37.4734],[126.8323,37.4763],[126.833,37.4773],[126.8358,37.4753],[126.8388,37.4755],[126.841,37.4746],[126.8428,37.4749],[126.8453,37.4738],[126.8456,37.4745]]]]}},{"type":"Feature","properties":{"c":"4121058000","n":"경기도 광명시 광명7동","sg":"광명시","sd":"경기도","p":25197,"a":2.276,"d":11072},"geometry":{"type":"MultiPolygon","coordinates":[[[[126.8598,37.476],[126.8612,37.4753],[126.8618,37.4721],[126.86,37.4685],[126.8573,37.4655],[126.8561,37.4591],[126.8544,37.4581],[126.8479,37.458],[126.8472,37.457],[126.8436,37.4564],[126.8405,37.4581],[126.8426,37.4624],[126.8418,37.4666],[126.845,37.4712],[126.8479,37.4679],[126.849,37.4677],[126.852,37.4685],[126.8542,37.4727],[126.8518,37.4739],[126.8531,37.4766],[126.8533,37.4761],[126.8576,37.4764],[126.8598,37.476]]]]}},{"type":"Feature","properties":{"c":"4121059000","n":"경기도 광명시 철산1동","sg":"광명시","sd":"경기도","p":9889,"a":0.494,"d":20015},"geometry":{"type":"MultiPolygon","coordinates":[[[[126.8747,37.4854],[126.874,37.4851],[126.8708,37.4867],[126.8704,37.4885],[126.8673,37.4871],[126.8627,37.4865],[126.8621,37.4873],[126.8662,37.4902],[126.8683,37.4951],[126.8689,37.4951],[126.8697,37.4925],[126.8728,37.4888],[126.8753,37.4885],[126.8747,37.4854]]]]}},{"type":"Feature","properties":{"c":"4121060000","n":"경기도 광명시 철산2동","sg":"광명시","sd":"경기도","p":19170,"a":0.712,"d":26933},"geometry":{"type":"MultiPolygon","coordinates":[[[[126.874,37.4851],[126.8739,37.4833],[126.8728,37.4828],[126.8721,37.4815],[126.8672,37.4805],[126.865,37.4814],[126.8631,37.477],[126.8622,37.4771],[126.8615,37.4814],[126.8625,37.4833],[126.8627,37.4865],[126.8673,37.4871],[126.8704,37.4885],[126.8708,37.4867],[126.874,37.4851]]]]}},{"type":"Feature","properties":{"c":"4121061000","n":"경기도 광명시 철산3동","sg":"광명시","sd":"경기도","p":35095,"a":1.469,"d":23897},"geometry":{"type":"MultiPolygon","coordinates":[[[[126.8807,37.4719],[126.8742,37.4684],[126.8724,37.4713],[126.8713,37.4704],[126.8686,37.4701],[126.8668,37.4712],[126.8657,37.4711],[126.864,37.4759],[126.8629,37.4768],[126.865,37.4814],[126.8679,37.4806],[126.8721,37.4815],[126.8728,37.4828],[126.8739,37.4833],[126.8767,37.4776],[126.8807,37.4719]]]]}},{"type":"Feature","properties":{"c":"4121062000","n":"경기도 광명시 철산4동","sg":"광명시","sd":"경기도","p":8864,"a":0.34,"d":26100},"geometry":{"type":"MultiPolygon","coordinates":[[[[126.8622,37.4771],[126.8639,37.4759],[126.8657,37.4711],[126.8668,37.4712],[126.8671,37.4708],[126.8649,37.4679],[126.8608,37.4698],[126.8618,37.4721],[126.8612,37.4753],[126.8598,37.476],[126.8606,37.4776],[126.8622,37.4771]]]]}},{"type":"Feature","properties":{"c":"4121063100","n":"경기도 광명시 하안1동","sg":"광명시","sd":"경기도","p":24124,"a":3.95,"d":6107},"geometry":{"type":"MultiPolygon","coordinates":[[[[126.8742,37.4684],[126.8687,37.467],[126.8692,37.4656],[126.8761,37.4606],[126.8811,37.4548],[126.8789,37.453],[126.8754,37.4528],[126.8715,37.4501],[126.8688,37.4459],[126.8664,37.4436],[126.8596,37.4466],[126.8572,37.4503],[126.857,37.4581],[126.8561,37.4591],[126.8573,37.4655],[126.8608,37.4698],[126.8649,37.4679],[126.867,37.4702],[126.8668,37.4712],[126.8686,37.4701],[126.8713,37.4704],[126.8724,37.4713],[126.8742,37.4684]]]]}},{"type":"Feature","properties":{"c":"4121063200","n":"경기도 광명시 하안2동","sg":"광명시","sd":"경기도","p":12375,"a":0.442,"d":28007},"geometry":{"type":"MultiPolygon","coordinates":[[[[126.8797,37.4626],[126.8761,37.4606],[126.8698,37.4649],[126.8687,37.467],[126.8747,37.4684],[126.8797,37.4626]]]]}},{"type":"Feature","properties":{"c":"4121063300","n":"경기도 광명시 하안3동","sg":"광명시","sd":"경기도","p":17920,"a":0.668,"d":26833},"geometry":{"type":"MultiPolygon","coordinates":[[[[126.8868,37.4647],[126.8891,37.4614],[126.8887,37.4608],[126.8867,37.461],[126.8853,37.4601],[126.8864,37.4562],[126.8812,37.4564],[126.8793,37.457],[126.8761,37.4606],[126.8858,37.4658],[126.8868,37.4647]]]]}},{"type":"Feature","properties":{"c":"4121063400","n":"경기도 광명시 하안4동","sg":"광명시","sd":"경기도","p":11173,"a":0.516,"d":21641},"geometry":{"type":"MultiPolygon","coordinates":[[[[126.8858,37.4658],[126.8797,37.4626],[126.8747,37.4684],[126.8807,37.4719],[126.8858,37.4658]]]]}},{"type":"Feature","properties":{"c":"4121064000","n":"경기도 광명시 소하1동","sg":"광명시","sd":"경기도","p":28913,"a":3.804,"d":7601},"geometry":{"type":"MultiPolygon","coordinates":[[[[126.8864,37.4562],[126.8896,37.4524],[126.8926,37.4519],[126.8941,37.4526],[126.8961,37.4458],[126.8982,37.4447],[126.8991,37.441],[126.8988,37.4391],[126.9005,37.4374],[126.8996,37.4375],[126.8992,37.4339],[126.8978,37.431],[126.8958,37.4306],[126.8942,37.4318],[126.8915,37.4323],[126.8904,37.4315],[126.8876,37.4331],[126.8915,37.436],[126.8844,37.4363],[126.8855,37.4434],[126.8839,37.4456],[126.878,37.4443],[126.8685,37.4456],[126.8715,37.4501],[126.8754,37.4528],[126.8789,37.453],[126.8811,37.4548],[126.8793,37.457],[126.8812,37.4564],[126.8864,37.4562]]]]}},{"type":"Feature","properties":{"c":"4121065500","n":"경기도 광명시 일직동","sg":"광명시","sd":"경기도","p":21055,"a":3.336,"d":6312},"geometry":{"type":"MultiPolygon","coordinates":[[[[126.8726,37.4238],[126.8749,37.425],[126.8772,37.4238],[126.8812,37.4262],[126.883,37.4264],[126.8856,37.428],[126.8886,37.4282],[126.8915,37.4323],[126.8942,37.4318],[126.8958,37.4306],[126.8941,37.429],[126.8966,37.4278],[126.8965,37.4256],[126.894,37.4217],[126.8919,37.4205],[126.8904,37.4204],[126.8889,37.4189],[126.8896,37.4178],[126.8889,37.4126],[126.8799,37.4102],[126.8712,37.4125],[126.87,37.4155],[126.8696,37.4206],[126.8701,37.422],[126.8714,37.4225],[126.8726,37.4238]]]]}},{"type":"Feature","properties":{"c":"4121066000","n":"경기도 광명시 학온동","sg":"광명시","sd":"경기도","p":1620,"a":12.947,"d":125},"geometry":{"type":"MultiPolygon","coordinates":[[[[126.8664,37.4436],[126.8666,37.4388],[126.8652,37.4351],[126.8679,37.4289],[126.8674,37.4267],[126.8705,37.4242],[126.8726,37.4238],[126.8714,37.4225],[126.8701,37.422],[126.8696,37.4206],[126.87,37.4155],[126.8712,37.4125],[126.8703,37.4076],[126.8709,37.4067],[126.8754,37.4068],[126.8773,37.4049],[126.877,37.4021],[126.875,37.4016],[126.8706,37.4022],[126.862,37.4015],[126.8577,37.4022],[126.8537,37.4055],[126.8528,37.4083],[126.8471,37.4114],[126.8463,37.4125],[126.8446,37.421],[126.8455,37.4229],[126.8419,37.4264],[126.8419,37.4279],[126.84,37.4317],[126.8406,37.4331],[126.8419,37.4338],[126.8417,37.4344],[126.8397,37.4366],[126.8378,37.4369],[126.8381,37.4529],[126.8388,37.4557],[126.8405,37.4581],[126.8436,37.4564],[126.8472,37.457],[126.8479,37.458],[126.8544,37.4581],[126.8561,37.4591],[126.857,37.4581],[126.8572,37.4503],[126.8594,37.4467],[126.8664,37.4436]]]]}},{"type":"Feature","properties":{"c":"4122025000","n":"경기도 평택시 팽성읍","sg":"평택시","sd":"경기도","p":27009,"a":58.056,"d":465},"geometry":{"type":"MultiPolygon","coordinates":[[[[127.0997,36.9737],[127.0997,36.9711],[127.1006,36.968],[127.1019,36.9666],[127.1044,36.9661],[127.1009,36.9616],[127.0987,36.96],[127.0973,36.9602],[127.0963,36.9592],[127.0964,36.9557],[127.0987,36.9544],[127.1008,36.9551],[127.1018,36.9547],[127.1017,36.9536],[127.0994,36.9521],[127.0975,36.9498],[127.097,36.9444],[127.096,36.9422],[127.0947,36.9418],[127.0936,36.9423],[127.0899,36.9459],[127.0861,36.9478],[127.0838,36.9457],[127.0783,36.9424],[127.0739,36.9384],[127.0714,36.94],[127.0606,36.9395],[127.0565,36.9371],[127.0481,36.9335],[127.0382,36.9325],[127.0348,36.9305],[127.0345,36.9295],[127.0317,36.9283],[127.0159,36.9345],[127.0137,36.9348],[126.9954,36.9355],[126.9853,36.9325],[126.9842,36.9444],[126.983,36.9504],[126.9814,36.953],[126.9804,36.9567],[126.9791,36.9692],[126.977,36.9738],[126.9746,36.9761],[126.9735,36.9787],[126.9761,36.9845],[126.9783,36.9878],[126.9855,36.9926],[126.9895,36.9936],[126.9927,36.9927],[127.0042,36.9852],[127.016,36.9799],[127.0241,36.9774],[127.0319,36.9765],[127.0347,36.9778],[127.0358,36.9793],[127.0357,36.9845],[127.0368,36.9874],[127.0395,36.9911],[127.0427,36.9915],[127.0493,36.9911],[127.0504,36.992],[127.0516,36.995],[127.0534,36.9955],[127.0549,36.9937],[127.0581,36.9925],[127.0624,36.9932],[127.0642,36.9896],[127.0706,36.989],[127.073,36.9882],[127.0756,36.9851],[127.0806,36.9833],[127.0836,36.9814],[127.0859,36.9807],[127.0907,36.981],[127.0926,36.9806],[127.0939,36.9796],[127.0924,36.9772],[127.0938,36.9742],[127.0948,36.974],[127.0979,36.9749],[127.0997,36.9737]]]]}},{"type":"Feature","properties":{"c":"4122025300","n":"경기도 평택시 안중읍","sg":"평택시","sd":"경기도","p":40726,"a":29.341,"d":1388},"geometry":{"type":"MultiPolygon","coordinates":[[[[126.9495,37.0211],[126.9532,37.0181],[126.9549,37.0155],[126.9536,37.0139],[126.9531,37.0072],[126.9544,37.0044],[126.9609,37.0052],[126.9642,37.0038],[126.9652,37.0018],[126.9654,37.0001],[126.9645,36.9982],[126.9567,36.9921],[126.9625,36.9767],[126.9648,36.9754],[126.9709,36.9788],[126.9735,36.9787],[126.9746,36.9761],[126.977,36.9738],[126.9791,36.9692],[126.9803,36.958],[126.9757,36.958],[126.9732,36.9602],[126.9687,36.9621],[126.9619,36.9628],[126.9565,36.9615],[126.9575,36.9588],[126.9553,36.9563],[126.9514,36.958],[126.9502,36.9622],[126.9474,36.9663],[126.9469,36.9711],[126.9431,36.9732],[126.9364,36.9693],[126.9341,36.9689],[126.9298,36.9715],[126.9289,36.9763],[126.9248,36.9776],[126.9216,36.9724],[126.9187,36.9714],[126.915,36.9713],[126.9125,36.9726],[126.9115,36.9738],[126.9103,36.9812],[126.9048,36.983],[126.901,36.9829],[126.8988,36.9871],[126.8971,36.9872],[126.9022,36.9965],[126.9021,37.0002],[126.8998,37.0028],[126.9002,37.0037],[126.9017,37.0043],[126.9034,37.0039],[126.9064,37.005],[126.9021,37.0128],[126.9062,37.0146],[126.9095,37.0135],[126.9114,37.0138],[126.9126,37.0151],[126.9144,37.0138],[126.9168,37.0156],[126.9187,37.0157],[126.9211,37.0168],[126.93,37.0174],[126.9295,37.0202],[126.9313,37.0208],[126.9442,37.021],[126.9458,37.0201],[126.9495,37.0211]]]]}},{"type":"Feature","properties":{"c":"4122025600","n":"경기도 평택시 포승읍","sg":"평택시","sd":"경기도","p":21150,"a":57.848,"d":366},"geometry":{"type":"MultiPolygon","coordinates":[[[[126.9021,37.0128],[126.9064,37.005],[126.9034,37.0039],[126.9017,37.0043],[126.9002,37.0037],[126.8998,37.0028],[126.9021,37.0002],[126.9023,36.9983],[126.9022,36.9965],[126.9006,36.9932],[126.8971,36.9872],[126.8925,36.9882],[126.8898,36.9824],[126.8911,36.9704],[126.8922,36.9685],[126.8962,36.9658],[126.8978,36.9607],[126.8917,36.9591],[126.8878,36.9595],[126.8859,36.9558],[126.8894,36.9494],[126.893,36.9484],[126.8957,36.9496],[126.8992,36.9491],[126.8956,36.945],[126.8951,36.9429],[126.8961,36.9393],[126.8938,36.9356],[126.8913,36.9337],[126.887,36.9361],[126.8642,36.9327],[126.8655,36.939],[126.8624,36.9488],[126.859,36.9505],[126.8499,36.9454],[126.8442,36.9538],[126.8466,36.955],[126.8466,36.956],[126.844,36.9582],[126.8423,36.9574],[126.8359,36.9666],[126.8388,36.9679],[126.8254,36.9871],[126.8244,36.9903],[126.8273,36.9929],[126.8256,36.9952],[126.8242,36.996],[126.8198,36.9954],[126.8133,36.996],[126.8124,36.9954],[126.8108,36.9956],[126.8097,36.998],[126.8081,36.9986],[126.7997,36.9994],[126.7936,36.9951],[126.7902,36.9941],[126.7871,36.9952],[126.7836,36.9981],[126.7843,36.9985],[126.7859,36.9973],[126.7867,36.9978],[126.7829,37.0021],[126.7799,37.0001],[126.7775,37.0019],[126.7818,37.0037],[126.7931,37.0052],[126.7952,37.0059],[126.7976,37.008],[126.7969,37.0121],[126.821,37.0134],[126.8381,37.0137],[126.8432,37.0146],[126.8469,37.0158],[126.8531,37.02],[126.8607,37.0299],[126.8703,37.0324],[126.8733,37.0321],[126.8773,37.0302],[126.8807,37.0293],[126.8885,37.0288],[126.8915,37.0279],[126.8946,37.0255],[126.8973,37.0219],[126.9021,37.0128]]]]}},{"type":"Feature","properties":{"c":"4122031000","n":"경기도 평택시 진위면","sg":"평택시","sd":"경기도","p":10643,"a":33.908,"d":314},"geometry":{"type":"MultiPolygon","coordinates":[[[[127.1227,37.1445],[127.1233,37.1436],[127.1211,37.1417],[127.1206,37.1395],[127.1215,37.139],[127.1216,37.1354],[127.1206,37.1295],[127.1202,37.129],[127.1178,37.1288],[127.1149,37.1297],[127.1126,37.1281],[127.1126,37.1262],[127.109,37.126],[127.1087,37.1248],[127.1098,37.1174],[127.1126,37.1139],[127.1251,37.0866],[127.1264,37.0816],[127.1239,37.0772],[127.1214,37.0764],[127.114,37.0759],[127.1099,37.076],[127.1081,37.0765],[127.1045,37.076],[127.1036,37.0757],[127.1038,37.0752],[127.1002,37.0784],[127.0918,37.0793],[127.0901,37.0813],[127.0873,37.0828],[127.0844,37.0822],[127.0821,37.0832],[127.0796,37.0878],[127.0797,37.0896],[127.0759,37.0934],[127.0705,37.0936],[127.0632,37.0911],[127.0599,37.0912],[127.0564,37.0915],[127.0529,37.0936],[127.0489,37.0944],[127.0461,37.0949],[127.0417,37.0945],[127.0407,37.095],[127.0403,37.0999],[127.042,37.1032],[127.0465,37.1033],[127.0494,37.1041],[127.0494,37.1057],[127.0477,37.1073],[127.0469,37.1091],[127.0471,37.1101],[127.05,37.1115],[127.0504,37.1153],[127.0527,37.1172],[127.0532,37.1248],[127.0524,37.1307],[127.0557,37.1335],[127.0581,37.132],[127.0608,37.1323],[127.0651,37.1319],[127.065,37.1312],[127.0664,37.1312],[127.0659,37.1298],[127.0668,37.1267],[127.069,37.1282],[127.0711,37.1256],[127.0741,37.1255],[127.0749,37.1264],[127.0793,37.1282],[127.0793,37.1258],[127.0826,37.1263],[127.0835,37.1273],[127.0862,37.1267],[127.089,37.1279],[127.09,37.1299],[127.0929,37.1293],[127.0877,37.1348],[127.0916,37.1373],[127.0939,37.1364],[127.0979,37.1369],[127.0977,37.1388],[127.1004,37.1423],[127.1025,37.1434],[127.1036,37.1436],[127.1042,37.1419],[127.1092,37.1427],[127.1109,37.1438],[127.1141,37.1446],[127.119,37.1438],[127.1227,37.1445]]]]}},{"type":"Feature","properties":{"c":"4122032000","n":"경기도 평택시 서탄면","sg":"평택시","sd":"경기도","p":3300,"a":28.623,"d":115},"geometry":{"type":"MultiPolygon","coordinates":[[[[127.0523,37.1296],[127.0532,37.1248],[127.0527,37.1172],[127.0504,37.1153],[127.05,37.1115],[127.0471,37.1101],[127.0469,37.1091],[127.0477,37.1073],[127.0494,37.1057],[127.0494,37.1041],[127.0465,37.1033],[127.042,37.1032],[127.0403,37.0999],[127.0407,37.095],[127.0418,37.0945],[127.0419,37.0934],[127.0436,37.0931],[127.0445,37.0917],[127.0442,37.0835],[127.0457,37.0802],[127.0455,37.0754],[127.044,37.0749],[127.0428,37.0778],[127.0408,37.078],[127.0339,37.076],[127.0297,37.073],[127.0283,37.0742],[127.0261,37.0741],[127.0198,37.0706],[127.0145,37.0691],[127.0079,37.0682],[127.0059,37.0702],[127.0056,37.0714],[127.0012,37.074],[126.9971,37.07],[126.9951,37.07],[126.9917,37.0848],[126.9927,37.0886],[126.9936,37.0896],[126.9978,37.0913],[126.9989,37.0926],[126.997,37.0971],[126.9983,37.1006],[126.9979,37.1045],[126.9957,37.1082],[126.9967,37.112],[127.0008,37.1186],[127.0023,37.1239],[126.9995,37.1224],[126.9981,37.1231],[127.0024,37.1244],[127.0038,37.127],[127.0054,37.1281],[127.0175,37.1299],[127.0242,37.1332],[127.0252,37.1328],[127.0289,37.1334],[127.0304,37.1346],[127.0356,37.136],[127.0385,37.1358],[127.0377,37.1337],[127.0382,37.1318],[127.0412,37.1289],[127.0456,37.1263],[127.0453,37.1293],[127.0487,37.1299],[127.0523,37.1296]]]]}},{"type":"Feature","properties":{"c":"4122033000","n":"경기도 평택시 고덕면","sg":"평택시","sd":"경기도","p":12771,"a":21.901,"d":583},"geometry":{"type":"MultiPolygon","coordinates":[[[[127.0427,37.0673],[127.0398,37.0651],[127.0392,37.0618],[127.0367,37.0623],[127.0351,37.0608],[127.0334,37.0604],[127.0279,37.0616],[127.0241,37.0613],[127.0225,37.0602],[127.0216,37.0604],[127.02,37.0587],[127.0157,37.0577],[127.0132,37.0559],[127.0143,37.0556],[127.014,37.0537],[127.0147,37.053],[127.0145,37.0523],[127.0129,37.0517],[127.0124,37.0499],[127.0125,37.0456],[127.0136,37.0438],[127.0138,37.0409],[127.0155,37.0408],[127.016,37.0415],[127.017,37.0415],[127.0177,37.0351],[127.0215,37.0318],[127.0194,37.0299],[127.0195,37.0259],[127.0268,37.0266],[127.0388,37.0249],[127.0543,37.0247],[127.0538,37.0225],[127.0548,37.0189],[127.0602,37.0102],[127.0603,37.0085],[127.0583,37.0072],[127.0574,37.0056],[127.0588,37.0031],[127.0532,37.0019],[127.0477,36.9965],[127.0463,36.9942],[127.0472,36.9911],[127.0427,36.9915],[127.0395,36.9911],[127.04,36.9928],[127.0397,36.9943],[127.0299,37.0017],[127.0299,37.0042],[127.0283,37.0089],[127.0274,37.01],[127.0253,37.0101],[127.0197,37.0077],[127.0163,37.0077],[127.0153,37.0083],[127.0171,37.0215],[127.0164,37.0238],[127.0111,37.0237],[127.0094,37.0246],[127.0076,37.0272],[127.0045,37.0264],[126.9987,37.0264],[127.0039,37.0311],[126.9999,37.0336],[126.9969,37.0336],[126.9945,37.0342],[126.9935,37.036],[126.995,37.0411],[126.9979,37.0466],[126.9981,37.0492],[126.9966,37.0535],[126.9917,37.0557],[126.9908,37.0571],[126.992,37.0608],[126.9962,37.0654],[126.9957,37.0699],[126.9971,37.07],[127.0012,37.074],[127.0056,37.0714],[127.0059,37.0702],[127.0079,37.0682],[127.0145,37.0691],[127.0198,37.0706],[127.0261,37.0741],[127.0283,37.0742],[127.0297,37.073],[127.0339,37.076],[127.0379,37.0774],[127.0382,37.0763],[127.04,37.0746],[127.0427,37.0673]]]]}},{"type":"Feature","properties":{"c":"4122034000","n":"경기도 평택시 오성면","sg":"평택시","sd":"경기도","p":5966,"a":31.019,"d":192},"geometry":{"type":"MultiPolygon","coordinates":[[[[126.9987,37.0264],[127.0045,37.0264],[127.0076,37.0272],[127.0094,37.0246],[127.0111,37.0237],[127.0164,37.0238],[127.0171,37.0215],[127.0153,37.0087],[127.0163,37.0077],[127.0197,37.0077],[127.0253,37.0101],[127.0274,37.01],[127.0283,37.0089],[127.0299,37.0042],[127.0299,37.0017],[127.0397,36.9943],[127.0396,36.9912],[127.0368,36.9874],[127.0357,36.9845],[127.0358,36.9793],[127.0347,36.9778],[127.0309,36.9763],[127.0212,36.9782],[127.0063,36.9841],[126.9927,36.9927],[126.9895,36.9936],[126.9855,36.9926],[126.9783,36.9878],[126.9761,36.9845],[126.9735,36.9787],[126.9709,36.9788],[126.9648,36.9754],[126.9625,36.9767],[126.9567,36.9921],[126.9645,36.9982],[126.9654,37.0001],[126.9652,37.0018],[126.9642,37.0038],[126.9609,37.0052],[126.9544,37.0044],[126.9531,37.0072],[126.9536,37.0139],[126.9549,37.0155],[126.9532,37.0181],[126.9495,37.0211],[126.9479,37.021],[126.946,37.0247],[126.9485,37.0277],[126.9484,37.0315],[126.9514,37.0323],[126.9552,37.0305],[126.9578,37.0303],[126.9606,37.0291],[126.9622,37.027],[126.9642,37.0266],[126.9715,37.029],[126.9771,37.0292],[126.984,37.0283],[126.9932,37.0242],[126.9969,37.0243],[126.9987,37.0264]]]]}},{"type":"Feature","properties":{"c":"4122025900","n":"경기도 평택시 청북읍","sg":"평택시","sd":"경기도","p":25923,"a":53.217,"d":487},"geometry":{"type":"MultiPolygon","coordinates":[[[[126.9951,37.07],[126.9959,37.069],[126.9962,37.0654],[126.992,37.0608],[126.9908,37.0571],[126.9917,37.0557],[126.9966,37.0535],[126.9983,37.0482],[126.995,37.0411],[126.9935,37.036],[126.9945,37.0342],[126.9969,37.0336],[126.9999,37.0336],[127.0039,37.031],[126.9965,37.0242],[126.9928,37.0243],[126.984,37.0283],[126.9771,37.0292],[126.9715,37.029],[126.9638,37.0266],[126.9622,37.027],[126.9606,37.0291],[126.9578,37.0303],[126.9526,37.0313],[126.9512,37.0323],[126.9484,37.0315],[126.9485,37.0277],[126.946,37.0247],[126.9479,37.021],[126.9495,37.0211],[126.9481,37.0205],[126.9457,37.0201],[126.9442,37.021],[126.9313,37.0208],[126.9295,37.0202],[126.93,37.0174],[126.9211,37.0168],[126.9187,37.0157],[126.9168,37.0156],[126.9144,37.0138],[126.9126,37.0151],[126.9114,37.0138],[126.9095,37.0135],[126.9062,37.0146],[126.9021,37.0128],[126.8973,37.0219],[126.8946,37.0255],[126.8915,37.0279],[126.8885,37.0288],[126.88,37.0295],[126.8719,37.0323],[126.8684,37.0321],[126.8607,37.0299],[126.8812,37.0583],[126.8825,37.0608],[126.8838,37.0665],[126.8914,37.067],[126.8962,37.0685],[126.9011,37.0702],[126.9021,37.072],[126.9049,37.0736],[126.9057,37.0733],[126.906,37.0722],[126.9049,37.0715],[126.9058,37.0697],[126.9104,37.0688],[126.9149,37.0658],[126.922,37.0653],[126.9232,37.0664],[126.9286,37.068],[126.9302,37.0671],[126.9317,37.0627],[126.9404,37.0608],[126.9441,37.0633],[126.9455,37.0656],[126.9514,37.0686],[126.9564,37.0683],[126.9612,37.0698],[126.9648,37.0689],[126.9664,37.0691],[126.9675,37.0721],[126.9688,37.0734],[126.9731,37.072],[126.9755,37.0706],[126.9846,37.0717],[126.9876,37.0705],[126.9951,37.07]]]]}},{"type":"Feature","properties":{"c":"4122037000","n":"경기도 평택시 현덕면","sg":"평택시","sd":"경기도","p":16271,"a":45.751,"d":356},"geometry":{"type":"MultiPolygon","coordinates":[[[[126.8971,36.9872],[126.8988,36.9871],[126.901,36.9829],[126.9048,36.983],[126.9103,36.9812],[126.9115,36.9738],[126.9125,36.9726],[126.915,36.9713],[126.9187,36.9714],[126.9216,36.9724],[126.9248,36.9776],[126.9289,36.9763],[126.9298,36.9715],[126.9341,36.9689],[126.9364,36.9693],[126.9431,36.9732],[126.9469,36.9711],[126.9474,36.9663],[126.9502,36.9622],[126.9514,36.958],[126.9553,36.9563],[126.9575,36.9588],[126.9565,36.9615],[126.9619,36.9628],[126.9687,36.9621],[126.9732,36.9602],[126.9757,36.958],[126.9803,36.958],[126.9814,36.953],[126.983,36.9504],[126.9853,36.9325],[126.9729,36.9262],[126.9432,36.918],[126.9171,36.9054],[126.912,36.9045],[126.9086,36.9051],[126.9059,36.9163],[126.9062,36.9195],[126.9045,36.926],[126.9006,36.9306],[126.8959,36.9337],[126.8927,36.9348],[126.8938,36.9356],[126.8961,36.9393],[126.8951,36.9429],[126.8956,36.945],[126.8989,36.9484],[126.8991,36.9494],[126.8954,36.9495],[126.893,36.9484],[126.8894,36.9494],[126.8859,36.9558],[126.8878,36.9595],[126.8917,36.9591],[126.8978,36.9607],[126.8962,36.9658],[126.8922,36.9685],[126.8911,36.9704],[126.8898,36.9824],[126.8925,36.9882],[126.8971,36.9872]]]]}},{"type":"Feature","properties":{"c":"4122052000","n":"경기도 평택시 서정동","sg":"평택시","sd":"경기도","p":24568,"a":2.294,"d":10711},"geometry":{"type":"MultiPolygon","coordinates":[[[[127.0455,37.0754],[127.0465,37.0742],[127.0519,37.0722],[127.0568,37.0734],[127.0609,37.0737],[127.0638,37.0731],[127.068,37.0702],[127.0674,37.0659],[127.0665,37.0652],[127.0614,37.0654],[127.0599,37.0632],[127.0582,37.0622],[127.0535,37.0624],[127.0537,37.0656],[127.0493,37.0659],[127.0427,37.0673],[127.04,37.0746],[127.0382,37.0763],[127.0379,37.0774],[127.0426,37.0779],[127.0438,37.0749],[127.0455,37.0754]]]]}},{"type":"Feature","properties":{"c":"4122053500","n":"경기도 평택시 송탄동","sg":"평택시","sd":"경기도","p":25363,"a":19.668,"d":1290},"geometry":{"type":"MultiPolygon","coordinates":[[[[127.0679,37.0262],[127.0694,37.0267],[127.0695,37.0279],[127.071,37.0285],[127.0698,37.038],[127.0669,37.0407],[127.0694,37.0423],[127.072,37.0404],[127.0727,37.0421],[127.0693,37.0478],[127.0711,37.0497],[127.0781,37.051],[127.0786,37.0517],[127.0772,37.0551],[127.0771,37.0581],[127.0754,37.0606],[127.0752,37.0645],[127.0763,37.0667],[127.0758,37.069],[127.0797,37.0693],[127.0814,37.0688],[127.0838,37.0691],[127.0857,37.07],[127.0881,37.0689],[127.0947,37.0679],[127.1022,37.0674],[127.1028,37.0678],[127.104,37.0661],[127.1067,37.0649],[127.114,37.0651],[127.1185,37.0627],[127.1202,37.0627],[127.1255,37.0647],[127.1282,37.0635],[127.1306,37.0582],[127.1274,37.0525],[127.1239,37.0516],[127.1222,37.0504],[127.1197,37.0461],[127.1148,37.0422],[127.1123,37.042],[127.1101,37.0409],[127.1053,37.0357],[127.107,37.0329],[127.1085,37.0318],[127.1124,37.0291],[127.1169,37.0272],[127.1161,37.0251],[127.1148,37.0255],[127.1099,37.0232],[127.1005,37.0229],[127.0984,37.0216],[127.0959,37.0229],[127.0834,37.0245],[127.0675,37.0244],[127.0679,37.0262]]]]}},{"type":"Feature","properties":{"c":"4122055000","n":"경기도 평택시 지산동","sg":"평택시","sd":"경기도","p":12154,"a":0.703,"d":17281},"geometry":{"type":"MultiPolygon","coordinates":[[[[127.0653,37.0718],[127.0619,37.0737],[127.0568,37.0734],[127.0546,37.0725],[127.0541,37.0794],[127.0546,37.0813],[127.0558,37.0812],[127.0571,37.0796],[127.0626,37.0801],[127.0658,37.0745],[127.0653,37.0718]]]]}},{"type":"Feature","properties":{"c":"4122056000","n":"경기도 평택시 송북동","sg":"평택시","sd":"경기도","p":20325,"a":7.158,"d":2840},"geometry":{"type":"MultiPolygon","coordinates":[[[[127.1038,37.0752],[127.1048,37.0744],[127.1027,37.073],[127.1024,37.0675],[127.0907,37.0685],[127.0881,37.0689],[127.0857,37.07],[127.0838,37.0691],[127.0814,37.0688],[127.0797,37.0693],[127.0758,37.069],[127.0744,37.068],[127.068,37.0702],[127.0653,37.0718],[127.0658,37.0745],[127.0626,37.0801],[127.0571,37.0796],[127.0558,37.0812],[127.0546,37.0813],[127.059,37.0913],[127.0632,37.0911],[127.0699,37.0935],[127.0743,37.0939],[127.0765,37.0931],[127.0797,37.0896],[127.0796,37.0878],[127.0821,37.0832],[127.0844,37.0822],[127.0873,37.0828],[127.0901,37.0813],[127.0918,37.0793],[127.1002,37.0784],[127.1038,37.0752]]]]}},{"type":"Feature","properties":{"c":"4122057000","n":"경기도 평택시 신장1동","sg":"평택시","sd":"경기도","p":6628,"a":1.627,"d":4073},"geometry":{"type":"MultiPolygon","coordinates":[[[[127.059,37.0913],[127.0546,37.0813],[127.0496,37.0802],[127.0457,37.0802],[127.0442,37.0835],[127.0445,37.0917],[127.0436,37.0931],[127.0419,37.0934],[127.0418,37.0945],[127.0461,37.0949],[127.0529,37.0936],[127.0564,37.0915],[127.059,37.0913]]]]}},{"type":"Feature","properties":{"c":"4122058000","n":"경기도 평택시 신장2동","sg":"평택시","sd":"경기도","p":4599,"a":0.629,"d":7316},"geometry":{"type":"MultiPolygon","coordinates":[[[[127.0546,37.0725],[127.0519,37.0722],[127.0463,37.0744],[127.0455,37.0754],[127.0457,37.0802],[127.0496,37.0802],[127.0546,37.0813],[127.0541,37.0794],[127.0546,37.0725]]]]}},{"type":"Feature","properties":{"c":"4122059000","n":"경기도 평택시 신평동","sg":"평택시","sd":"경기도","p":19465,"a":6.505,"d":2992},"geometry":{"type":"MultiPolygon","coordinates":[[[[127.0875,36.9948],[127.111,36.9899],[127.1176,36.991],[127.1232,36.9912],[127.1217,36.9904],[127.122,36.9893],[127.1201,36.9884],[127.1176,36.986],[127.1211,36.9841],[127.1244,36.9844],[127.1245,36.9768],[127.1251,36.9752],[127.1195,36.9691],[127.1158,36.9711],[127.1111,36.9709],[127.1105,36.97],[127.1044,36.9661],[127.1019,36.9666],[127.1001,36.9688],[127.0997,36.9711],[127.0997,36.9737],[127.1009,36.9744],[127.0827,36.9936],[127.0848,36.9951],[127.0875,36.9948]]]]}},{"type":"Feature","properties":{"c":"4122065000","n":"경기도 평택시 동삭동","sg":"평택시","sd":"경기도","p":43468,"a":2.99,"d":14536},"geometry":{"type":"MultiPolygon","coordinates":[[[[127.1063,37.0228],[127.1099,37.0232],[127.1148,37.0255],[127.1161,37.0251],[127.114,37.0225],[127.1142,37.021],[127.1149,37.0203],[127.1142,37.019],[127.1123,37.0179],[127.1096,37.0183],[127.1057,37.0172],[127.1037,37.0142],[127.1027,37.01],[127.1003,37.009],[127.0961,37.0058],[127.0949,37.0069],[127.0904,37.0068],[127.092,37.0097],[127.0922,37.0123],[127.0888,37.0144],[127.0876,37.0125],[127.0859,37.0122],[127.086,37.0238],[127.0959,37.0229],[127.0984,37.0216],[127.1005,37.0229],[127.1063,37.0228]]]]}},{"type":"Feature","properties":{"c":"4122063000","n":"경기도 평택시 비전2동","sg":"평택시","sd":"경기도","p":55860,"a":4.722,"d":11830},"geometry":{"type":"MultiPolygon","coordinates":[[[[127.127,37.0013],[127.1306,36.9933],[127.1346,36.9929],[127.1362,36.9934],[127.1346,36.9893],[127.1332,36.9878],[127.1306,36.9867],[127.1312,36.9856],[127.1364,36.9847],[127.1364,36.9829],[127.1411,36.9797],[127.1411,36.9787],[127.1398,36.9786],[127.1377,36.9801],[127.1364,36.9801],[127.1372,36.9785],[127.134,36.9775],[127.134,36.9768],[127.1245,36.9768],[127.1244,36.9844],[127.1211,36.9841],[127.1176,36.9859],[127.1186,36.9873],[127.122,36.9893],[127.1217,36.9904],[127.1232,36.9912],[127.1176,36.991],[127.111,36.9899],[127.094,36.9935],[127.0951,36.9972],[127.0946,36.9978],[127.0995,36.9994],[127.1011,36.999],[127.1016,37.0005],[127.1108,36.9987],[127.1167,36.9985],[127.1228,36.999],[127.127,37.0013]]]]}},{"type":"Feature","properties":{"c":"4125051000","n":"경기도 동두천시 생연1동","sg":"동두천시","sd":"경기도","p":5977,"a":1.941,"d":3079},"geometry":{"type":"MultiPolygon","coordinates":[[[[127.0753,37.9112],[127.0775,37.908],[127.0761,37.9052],[127.0742,37.9039],[127.0717,37.9049],[127.0699,37.905],[127.063,37.902],[127.0609,37.9018],[127.058,37.9032],[127.0583,37.9091],[127.0578,37.9131],[127.0587,37.9124],[127.0615,37.9131],[127.0645,37.9166],[127.0709,37.916],[127.0732,37.9147],[127.0725,37.9123],[127.0753,37.9112]]]]}},{"type":"Feature","properties":{"c":"4125052000","n":"경기도 동두천시 생연2동","sg":"동두천시","sd":"경기도","p":10422,"a":0.854,"d":12205},"geometry":{"type":"MultiPolygon","coordinates":[[[[127.0565,37.9034],[127.056,37.8964],[127.0496,37.896],[127.0489,37.8973],[127.0473,37.8974],[127.0438,37.8967],[127.044,37.8998],[127.0478,37.9035],[127.0488,37.9033],[127.0496,37.9051],[127.053,37.9049],[127.0565,37.9034]]]]}},{"type":"Feature","properties":{"c":"4125053500","n":"경기도 동두천시 중앙동","sg":"동두천시","sd":"경기도","p":4245,"a":0.643,"d":6600},"geometry":{"type":"MultiPolygon","coordinates":[[[[127.0578,37.9131],[127.0583,37.9091],[127.058,37.9036],[127.0565,37.9034],[127.053,37.9049],[127.0496,37.9051],[127.0502,37.9094],[127.0534,37.9118],[127.0552,37.9145],[127.0578,37.9131]]]]}},{"type":"Feature","properties":{"c":"4125055000","n":"경기도 동두천시 보산동","sg":"동두천시","sd":"경기도","p":2513,"a":13.515,"d":186},"geometry":{"type":"MultiPolygon","coordinates":[[[[127.1209,37.917],[127.1148,37.9161],[127.1133,37.9146],[127.1071,37.9143],[127.0981,37.9119],[127.0896,37.9124],[127.0834,37.9135],[127.0818,37.9145],[127.0753,37.9112],[127.0725,37.9123],[127.0732,37.9147],[127.0709,37.916],[127.0647,37.9166],[127.0615,37.9131],[127.0587,37.9124],[127.0552,37.9145],[127.0552,37.9164],[127.0516,37.9201],[127.0506,37.9224],[127.0541,37.9239],[127.0591,37.9243],[127.0622,37.9254],[127.0626,37.9263],[127.0606,37.9295],[127.0617,37.9308],[127.063,37.9315],[127.0657,37.9307],[127.071,37.9345],[127.0745,37.9359],[127.0753,37.9379],[127.0775,37.9387],[127.0817,37.9378],[127.0875,37.9375],[127.0922,37.9404],[127.0938,37.9424],[127.096,37.9436],[127.1023,37.9408],[127.108,37.9391],[127.1095,37.9355],[127.1152,37.9283],[127.1209,37.917]]]]}},{"type":"Feature","properties":{"c":"4125056500","n":"경기도 동두천시 불현동","sg":"동두천시","sd":"경기도","p":25083,"a":34.137,"d":735},"geometry":{"type":"MultiPolygon","coordinates":[[[[127.1557,37.8957],[127.1531,37.8899],[127.1495,37.8844],[127.147,37.876],[127.1421,37.8757],[127.1398,37.8762],[127.1348,37.8737],[127.1317,37.8731],[127.1286,37.8739],[127.1236,37.8698],[127.1232,37.8672],[127.1204,37.866],[127.1175,37.8662],[127.1137,37.8655],[127.1119,37.8644],[127.1113,37.8621],[127.1092,37.8599],[127.1034,37.8654],[127.096,37.8674],[127.0915,37.8712],[127.0879,37.8721],[127.0863,37.8793],[127.07,37.8857],[127.0634,37.8856],[127.0604,37.8845],[127.0587,37.8852],[127.0566,37.8868],[127.0579,37.8962],[127.056,37.8964],[127.0565,37.9034],[127.058,37.9036],[127.0607,37.9018],[127.063,37.902],[127.0699,37.905],[127.0717,37.9049],[127.0742,37.9039],[127.0761,37.9052],[127.0775,37.908],[127.0753,37.9112],[127.0818,37.9145],[127.0834,37.9135],[127.0896,37.9124],[127.0981,37.9119],[127.1071,37.9143],[127.1133,37.9146],[127.1148,37.9161],[127.1209,37.917],[127.1271,37.9157],[127.1291,37.9163],[127.1328,37.9159],[127.1351,37.9133],[127.1362,37.9131],[127.1388,37.914],[127.146,37.9119],[127.1479,37.9066],[127.1467,37.9028],[127.1478,37.9027],[127.1503,37.9006],[127.1497,37.8979],[127.1535,37.896],[127.1557,37.8957]]]]}},{"type":"Feature","properties":{"c":"4125058000","n":"경기도 동두천시 소요동","sg":"동두천시","sd":"경기도","p":8041,"a":31.52,"d":255},"geometry":{"type":"MultiPolygon","coordinates":[[[[127.0917,37.9714],[127.0941,37.968],[127.0927,37.9638],[127.0926,37.9592],[127.0945,37.9572],[127.0988,37.9553],[127.0992,37.9546],[127.0991,37.9525],[127.0956,37.949],[127.0963,37.9468],[127.096,37.9436],[127.0938,37.9424],[127.0922,37.9404],[127.0872,37.9375],[127.0817,37.9378],[127.0775,37.9387],[127.0753,37.9379],[127.0745,37.9359],[127.071,37.9345],[127.0657,37.9307],[127.063,37.9315],[127.0617,37.9308],[127.0606,37.9295],[127.0626,37.9263],[127.0622,37.9254],[127.0591,37.9243],[127.0541,37.9239],[127.0506,37.9224],[127.0516,37.9201],[127.0482,37.9194],[127.0458,37.917],[127.041,37.9169],[127.0364,37.9197],[127.03,37.9217],[127.0266,37.9198],[127.0182,37.9178],[127.016,37.9175],[127.0123,37.9184],[127.0126,37.9207],[127.011,37.9212],[127.009,37.9251],[127.01,37.9276],[127.0113,37.9273],[127.0126,37.9282],[127.014,37.93],[127.0168,37.9366],[127.0205,37.94],[127.0221,37.9406],[127.025,37.9404],[127.0276,37.9432],[127.0287,37.9521],[127.0279,37.9535],[127.0287,37.9552],[127.0293,37.9557],[127.0392,37.9578],[127.0418,37.96],[127.0449,37.97],[127.0444,37.9723],[127.0458,37.9741],[127.0489,37.9758],[127.0488,37.9789],[127.0533,37.9813],[127.0571,37.9803],[127.0644,37.9796],[127.0634,37.976],[127.0678,37.9753],[127.069,37.9759],[127.0738,37.9765],[127.0802,37.9767],[127.0846,37.9756],[127.0863,37.974],[127.0917,37.9714]]]]}},{"type":"Feature","properties":{"c":"4125060000","n":"경기도 동두천시 상패동","sg":"동두천시","sd":"경기도","p":4458,"a":7.98,"d":559},"geometry":{"type":"MultiPolygon","coordinates":[[[[127.0516,37.9201],[127.0552,37.9164],[127.0553,37.9149],[127.0534,37.9118],[127.0502,37.9094],[127.0491,37.9037],[127.0478,37.9035],[127.044,37.8998],[127.0438,37.8967],[127.0463,37.8938],[127.0362,37.8959],[127.0288,37.8989],[127.0244,37.8979],[127.0209,37.9006],[127.0148,37.903],[127.0125,37.9032],[127.0107,37.9045],[127.0106,37.9103],[127.0079,37.9161],[127.0123,37.9184],[127.016,37.9175],[127.0182,37.9178],[127.0266,37.9198],[127.03,37.9217],[127.0364,37.9197],[127.041,37.9169],[127.0458,37.917],[127.0482,37.9194],[127.0516,37.9201]]]]}},{"type":"Feature","properties":{"c":"4125056600","n":"경기도 동두천시 송내동","sg":"동두천시","sd":"경기도","p":25447,"a":5.427,"d":4689},"geometry":{"type":"MultiPolygon","coordinates":[[[[127.056,37.8964],[127.0579,37.8962],[127.0566,37.8868],[127.0587,37.8852],[127.0604,37.8845],[127.0634,37.8856],[127.07,37.8857],[127.0863,37.8793],[127.0879,37.8721],[127.0775,37.871],[127.0737,37.8728],[127.0727,37.8718],[127.0684,37.8706],[127.0661,37.8716],[127.0646,37.8711],[127.0625,37.8692],[127.0604,37.8693],[127.0577,37.8732],[127.0535,37.8766],[127.0501,37.8815],[127.0483,37.8829],[127.0469,37.8877],[127.0463,37.8938],[127.0438,37.8967],[127.0473,37.8974],[127.0489,37.8973],[127.0496,37.896],[127.056,37.8964]]]]}},{"type":"Feature","properties":{"c":"4127151000","n":"경기도 안산시상록구 일동","sg":"안산시상록구","sd":"경기도","p":22089,"a":2.534,"d":8716},"geometry":{"type":"MultiPolygon","coordinates":[[[[126.8781,37.3195],[126.8769,37.317],[126.8771,37.3132],[126.8813,37.3102],[126.8818,37.309],[126.8794,37.3077],[126.8791,37.3024],[126.8745,37.3029],[126.8729,37.3039],[126.8691,37.3065],[126.8639,37.3117],[126.8581,37.3141],[126.8558,37.318],[126.8612,37.3207],[126.8643,37.3206],[126.8699,37.3184],[126.8742,37.3209],[126.8781,37.3195]]]]}},{"type":"Feature","properties":{"c":"4127152500","n":"경기도 안산시상록구 사동","sg":"안산시상록구","sd":"경기도","p":28657,"a":2.246,"d":12758},"geometry":{"type":"MultiPolygon","coordinates":[[[[126.8586,37.3044],[126.8591,37.3022],[126.8588,37.2974],[126.8578,37.293],[126.8552,37.2931],[126.8527,37.2912],[126.8506,37.2932],[126.8497,37.2931],[126.848,37.2909],[126.8442,37.2904],[126.842,37.2946],[126.8444,37.2983],[126.8433,37.301],[126.8437,37.307],[126.8476,37.3068],[126.8474,37.3057],[126.8491,37.3056],[126.8547,37.3084],[126.8586,37.3044]]]]}},{"type":"Feature","properties":{"c":"4127153200","n":"경기도 안산시상록구 사이동","sg":"안산시상록구","sd":"경기도","p":29521,"a":3.84,"d":7689},"geometry":{"type":"MultiPolygon","coordinates":[[[[126.8578,37.293],[126.8558,37.2859],[126.8553,37.2797],[126.8546,37.2793],[126.8489,37.277],[126.8397,37.2751],[126.8378,37.2754],[126.8337,37.2777],[126.8293,37.2786],[126.828,37.2798],[126.8257,37.2888],[126.8301,37.289],[126.832,37.2902],[126.8388,37.2903],[126.8404,37.2881],[126.844,37.2903],[126.848,37.2909],[126.8497,37.2931],[126.8506,37.2932],[126.8527,37.2912],[126.8552,37.2931],[126.8578,37.293]]]]}},{"type":"Feature","properties":{"c":"4127154000","n":"경기도 안산시상록구 본오1동","sg":"안산시상록구","sd":"경기도","p":33756,"a":7.883,"d":4282},"geometry":{"type":"MultiPolygon","coordinates":[[[[126.8984,37.294],[126.8995,37.2902],[126.8977,37.2891],[126.8964,37.289],[126.8932,37.2868],[126.8911,37.2838],[126.8914,37.2825],[126.8891,37.2813],[126.8862,37.2805],[126.8833,37.2822],[126.8797,37.2857],[126.8785,37.2839],[126.8782,37.2792],[126.8767,37.2777],[126.8713,37.2747],[126.8582,37.2742],[126.8527,37.272],[126.8493,37.2687],[126.8479,37.266],[126.8472,37.2657],[126.8413,37.2686],[126.8388,37.2714],[126.8378,37.2754],[126.8397,37.2751],[126.8489,37.277],[126.8553,37.2797],[126.8558,37.2859],[126.8579,37.2937],[126.8725,37.2932],[126.8724,37.29],[126.8731,37.29],[126.8784,37.2917],[126.8784,37.2942],[126.8766,37.2964],[126.8745,37.2969],[126.8752,37.299],[126.8834,37.2993],[126.8863,37.298],[126.8888,37.298],[126.8913,37.2958],[126.8946,37.2945],[126.8984,37.294]]]]}},{"type":"Feature","properties":{"c":"4127155000","n":"경기도 안산시상록구 본오2동","sg":"안산시상록구","sd":"경기도","p":23599,"a":0.824,"d":28654},"geometry":{"type":"MultiPolygon","coordinates":[[[[126.8752,37.299],[126.8745,37.2969],[126.8766,37.2964],[126.8784,37.2942],[126.8784,37.2917],[126.8731,37.29],[126.8724,37.29],[126.8725,37.2932],[126.8579,37.2937],[126.8588,37.297],[126.8727,37.2965],[126.8729,37.2993],[126.8745,37.2995],[126.8752,37.299]]]]}},{"type":"Feature","properties":{"c":"4127156000","n":"경기도 안산시상록구 본오3동","sg":"안산시상록구","sd":"경기도","p":17675,"a":1.049,"d":16844},"geometry":{"type":"MultiPolygon","coordinates":[[[[126.8745,37.3029],[126.8783,37.3024],[126.8785,37.2991],[126.8729,37.2993],[126.8727,37.2965],[126.8588,37.297],[126.8591,37.3022],[126.8586,37.3044],[126.8632,37.3031],[126.8738,37.3022],[126.8745,37.3029]]]]}},{"type":"Feature","properties":{"c":"4127157000","n":"경기도 안산시상록구 부곡동","sg":"안산시상록구","sd":"경기도","p":19656,"a":5.712,"d":3441},"geometry":{"type":"MultiPolygon","coordinates":[[[[126.8873,37.3467],[126.8877,37.3436],[126.8868,37.3402],[126.8854,37.3382],[126.8807,37.3335],[126.8792,37.3328],[126.8767,37.3326],[126.8736,37.3293],[126.8728,37.3262],[126.8734,37.3231],[126.8746,37.3221],[126.8742,37.3209],[126.8699,37.3184],[126.8643,37.3206],[126.8612,37.3207],[126.8558,37.318],[126.8555,37.3196],[126.8578,37.3305],[126.8606,37.3331],[126.8628,37.3368],[126.8543,37.3385],[126.8563,37.3425],[126.8619,37.3472],[126.8634,37.3458],[126.8677,37.3477],[126.871,37.347],[126.8714,37.3458],[126.873,37.3452],[126.8757,37.3451],[126.8873,37.3467]]]]}},{"type":"Feature","properties":{"c":"4127158000","n":"경기도 안산시상록구 월피동","sg":"안산시상록구","sd":"경기도","p":34543,"a":6.188,"d":5583},"geometry":{"type":"MultiPolygon","coordinates":[[[[126.8545,37.3603],[126.8569,37.3567],[126.856,37.3543],[126.855,37.3541],[126.8535,37.3527],[126.8534,37.348],[126.8566,37.3459],[126.8569,37.3443],[126.8543,37.3385],[126.8628,37.3368],[126.8606,37.3331],[126.8578,37.3305],[126.8567,37.326],[126.855,37.326],[126.8516,37.3276],[126.8418,37.3281],[126.8415,37.3342],[126.8371,37.339],[126.8418,37.3428],[126.8363,37.3454],[126.8345,37.3499],[126.8371,37.3526],[126.837,37.3558],[126.839,37.3586],[126.8406,37.3589],[126.8408,37.3637],[126.8433,37.3633],[126.8483,37.3651],[126.8498,37.3636],[126.8503,37.362],[126.8545,37.3603]]]]}},{"type":"Feature","properties":{"c":"4127159000","n":"경기도 안산시상록구 성포동","sg":"안산시상록구","sd":"경기도","p":23962,"a":1.689,"d":14189},"geometry":{"type":"MultiPolygon","coordinates":[[[[126.8418,37.3281],[126.8516,37.3276],[126.855,37.326],[126.8567,37.326],[126.8555,37.3196],[126.857,37.3151],[126.8527,37.3145],[126.8493,37.3159],[126.8431,37.3163],[126.8432,37.3179],[126.841,37.3203],[126.8418,37.3281]]]]}},{"type":"Feature","properties":{"c":"4127160000","n":"경기도 안산시상록구 반월동","sg":"안산시상록구","sd":"경기도","p":17744,"a":13.209,"d":1343},"geometry":{"type":"MultiPolygon","coordinates":[[[[126.9304,37.3071],[126.9305,37.3052],[126.933,37.303],[126.9326,37.3008],[126.9355,37.298],[126.9393,37.2969],[126.9395,37.2953],[126.933,37.2916],[126.9314,37.2884],[126.9293,37.286],[126.9274,37.2788],[126.9176,37.2854],[126.9161,37.2887],[126.9139,37.2915],[126.9131,37.2915],[126.912,37.2901],[126.9055,37.2899],[126.9015,37.291],[126.8984,37.294],[126.8946,37.2945],[126.8913,37.2958],[126.8888,37.298],[126.8863,37.298],[126.8834,37.2993],[126.8785,37.2991],[126.8791,37.3069],[126.8794,37.3077],[126.8818,37.309],[126.8813,37.3102],[126.8771,37.3132],[126.8772,37.318],[126.8781,37.3195],[126.8816,37.3208],[126.8833,37.3208],[126.8877,37.3179],[126.8915,37.3198],[126.8939,37.3198],[126.895,37.3192],[126.9077,37.3219],[126.9109,37.3178],[126.9104,37.3168],[126.9125,37.3156],[126.9144,37.3159],[126.9155,37.3151],[126.9143,37.3113],[126.9154,37.3055],[126.9165,37.3051],[126.9206,37.3055],[126.9248,37.3068],[126.9304,37.3071]]]]}},{"type":"Feature","properties":{"c":"4127161000","n":"경기도 안산시상록구 안산동","sg":"안산시상록구","sd":"경기도","p":7951,"a":8.547,"d":930},"geometry":{"type":"MultiPolygon","coordinates":[[[[126.8911,37.3753],[126.8956,37.3601],[126.8972,37.3581],[126.894,37.3556],[126.8937,37.3537],[126.8919,37.3514],[126.8887,37.3494],[126.8873,37.3467],[126.8757,37.3451],[126.873,37.3452],[126.8714,37.3458],[126.871,37.347],[126.8677,37.3477],[126.8634,37.3458],[126.8619,37.3472],[126.8563,37.3425],[126.8566,37.3459],[126.8542,37.3472],[126.8534,37.3485],[126.8535,37.3527],[126.855,37.3541],[126.856,37.3543],[126.8569,37.3567],[126.8545,37.3603],[126.8566,37.3611],[126.8648,37.3615],[126.8716,37.3659],[126.8732,37.3685],[126.8819,37.3762],[126.8865,37.3766],[126.8911,37.3753]]]]}},{"type":"Feature","properties":{"c":"4127151500","n":"경기도 안산시상록구 이동","sg":"안산시상록구","sd":"경기도","p":22211,"a":2.307,"d":9626},"geometry":{"type":"MultiPolygon","coordinates":[[[[126.857,37.3151],[126.859,37.3136],[126.8639,37.3117],[126.8691,37.3065],[126.8745,37.3029],[126.8738,37.3022],[126.8632,37.3031],[126.8586,37.3044],[126.8547,37.3084],[126.8491,37.3056],[126.8474,37.3057],[126.8476,37.3068],[126.8421,37.3072],[126.8431,37.3163],[126.8493,37.3159],[126.8527,37.3145],[126.857,37.3151]]]]}},{"type":"Feature","properties":{"c":"4127153700","n":"경기도 안산시상록구 해양동","sg":"안산시상록구","sd":"경기도","p":39141,"a":3.553,"d":11015},"geometry":{"type":"MultiPolygon","coordinates":[[[[126.8437,37.307],[126.8433,37.301],[126.8444,37.2983],[126.842,37.2946],[126.8442,37.2904],[126.8404,37.2881],[126.8388,37.2903],[126.832,37.2902],[126.8301,37.289],[126.8285,37.2889],[126.8278,37.2916],[126.8217,37.2908],[126.8139,37.2951],[126.821,37.3036],[126.8237,37.3044],[126.8287,37.3041],[126.8297,37.3035],[126.8357,37.3035],[126.8415,37.3057],[126.8421,37.3072],[126.8437,37.307]]]]}},{"type":"Feature","properties":{"c":"4127351000","n":"경기도 안산시단원구 와동","sg":"안산시단원구","sd":"경기도","p":34783,"a":3.12,"d":11150},"geometry":{"type":"MultiPolygon","coordinates":[[[[126.8371,37.339],[126.8339,37.3342],[126.8313,37.3333],[126.8309,37.3338],[126.8287,37.3318],[126.823,37.3294],[126.8176,37.3303],[126.8166,37.334],[126.8169,37.3383],[126.8186,37.348],[126.8195,37.3488],[126.8248,37.3484],[126.8296,37.3459],[126.833,37.3468],[126.8352,37.3489],[126.8363,37.3454],[126.8418,37.3428],[126.8371,37.339]]]]}},{"type":"Feature","properties":{"c":"4127352500","n":"경기도 안산시단원구 고잔동","sg":"안산시단원구","sd":"경기도","p":19392,"a":1.406,"d":13797},"geometry":{"type":"MultiPolygon","coordinates":[[[[126.8313,37.3333],[126.8325,37.3328],[126.8327,37.3294],[126.8303,37.3295],[126.8285,37.3269],[126.8282,37.3251],[126.8281,37.3234],[126.8297,37.3212],[126.8308,37.3211],[126.8304,37.3168],[126.8213,37.3173],[126.8215,37.3187],[126.8196,37.3222],[126.8176,37.3303],[126.823,37.3294],[126.8287,37.3318],[126.8309,37.3338],[126.8313,37.3333]]]]}},{"type":"Feature","properties":{"c":"4127353200","n":"경기도 안산시단원구 중앙동","sg":"안산시단원구","sd":"경기도","p":23526,"a":2.152,"d":10933},"geometry":{"type":"MultiPolygon","coordinates":[[[[126.8418,37.3281],[126.841,37.3203],[126.8432,37.3179],[126.8431,37.3163],[126.8304,37.3168],[126.8308,37.3211],[126.8297,37.3212],[126.8281,37.3234],[126.8285,37.3269],[126.8303,37.3295],[126.8327,37.3294],[126.8325,37.3328],[126.8313,37.3333],[126.8339,37.3342],[126.8371,37.339],[126.8415,37.3342],[126.8418,37.3281]]]]}},{"type":"Feature","properties":{"c":"4127356500","n":"경기도 안산시단원구 신길동","sg":"안산시단원구","sd":"경기도","p":20223,"a":6.758,"d":2992},"geometry":{"type":"MultiPolygon","coordinates":[[[[126.7892,37.3402],[126.7908,37.3393],[126.7905,37.3343],[126.7872,37.3294],[126.786,37.3287],[126.7866,37.3279],[126.786,37.3263],[126.7873,37.3225],[126.7816,37.3211],[126.7722,37.3216],[126.7672,37.3234],[126.7644,37.327],[126.7603,37.3253],[126.7572,37.3184],[126.7488,37.3209],[126.7477,37.3256],[126.7495,37.3332],[126.7578,37.3381],[126.7602,37.341],[126.7639,37.3416],[126.7682,37.3394],[126.7706,37.3404],[126.7739,37.3407],[126.7764,37.342],[126.7792,37.3407],[126.7828,37.3401],[126.784,37.3386],[126.7841,37.3375],[126.7874,37.3386],[126.7892,37.3402]]]]}},{"type":"Feature","properties":{"c":"4127355500","n":"경기도 안산시단원구 백운동","sg":"안산시단원구","sd":"경기도","p":23683,"a":1.455,"d":16280},"geometry":{"type":"MultiPolygon","coordinates":[[[[126.7976,37.3283],[126.7994,37.3303],[126.8001,37.3333],[126.8014,37.3327],[126.8029,37.333],[126.8029,37.3316],[126.8022,37.3312],[126.8057,37.3293],[126.8026,37.3256],[126.8054,37.3241],[126.8044,37.317],[126.8005,37.3156],[126.7911,37.3228],[126.7929,37.324],[126.7948,37.3241],[126.7953,37.325],[126.7926,37.3263],[126.7961,37.3308],[126.7976,37.3283]]]]}},{"type":"Feature","properties":{"c":"4127354500","n":"경기도 안산시단원구 원곡동","sg":"안산시단원구","sd":"경기도","p":5396,"a":1.367,"d":3948},"geometry":{"type":"MultiPolygon","coordinates":[[[[126.7908,37.3392],[126.7929,37.3394],[126.7982,37.3381],[126.7989,37.3375],[126.7999,37.3325],[126.7994,37.3303],[126.7976,37.3283],[126.7961,37.3308],[126.7926,37.3263],[126.7953,37.325],[126.7948,37.3241],[126.7929,37.324],[126.7911,37.3228],[126.7873,37.3225],[126.786,37.3263],[126.7866,37.3279],[126.786,37.3287],[126.7903,37.3339],[126.7908,37.3392]]]]}},{"type":"Feature","properties":{"c":"4127357000","n":"경기도 안산시단원구 초지동","sg":"안산시단원구","sd":"경기도","p":46057,"a":26.604,"d":1731},"geometry":{"type":"MultiPolygon","coordinates":[[[[126.8171,37.3316],[126.8196,37.3222],[126.8215,37.3187],[126.8208,37.3138],[126.821,37.3036],[126.8163,37.298],[126.8072,37.2993],[126.8067,37.2978],[126.8042,37.2963],[126.783,37.2923],[126.7726,37.2894],[126.7256,37.3023],[126.7172,37.3075],[126.7385,37.3297],[126.7466,37.3247],[126.7477,37.3248],[126.7477,37.3256],[126.7488,37.3209],[126.7572,37.3184],[126.7603,37.3253],[126.7644,37.327],[126.7672,37.3234],[126.7722,37.3216],[126.7816,37.3211],[126.7844,37.322],[126.7911,37.3228],[126.8005,37.3156],[126.8044,37.317],[126.8054,37.3241],[126.8026,37.3256],[126.8057,37.3293],[126.8096,37.3276],[126.8147,37.3295],[126.8149,37.3317],[126.8171,37.3316]]]]}},{"type":"Feature","properties":{"c":"4127358000","n":"경기도 안산시단원구 선부1동","sg":"안산시단원구","sd":"경기도","p":16480,"a":0.834,"d":19758},"geometry":{"type":"MultiPolygon","coordinates":[[[[126.8081,37.3345],[126.8166,37.334],[126.8171,37.3316],[126.8149,37.3317],[126.8147,37.3295],[126.809,37.3276],[126.8022,37.3312],[126.8029,37.3316],[126.8029,37.333],[126.8014,37.3327],[126.8001,37.3333],[126.7989,37.3375],[126.8023,37.3363],[126.8035,37.3347],[126.8081,37.3345]]]]}},{"type":"Feature","properties":{"c":"4127359000","n":"경기도 안산시단원구 선부2동","sg":"안산시단원구","sd":"경기도","p":16946,"a":3.076,"d":5510},"geometry":{"type":"MultiPolygon","coordinates":[[[[126.8081,37.3345],[126.8035,37.3347],[126.8023,37.3363],[126.7982,37.3381],[126.7929,37.3394],[126.7908,37.3392],[126.7892,37.3402],[126.7921,37.3431],[126.7905,37.348],[126.7916,37.3525],[126.7953,37.3551],[126.8023,37.3531],[126.8058,37.3535],[126.8102,37.3556],[126.8106,37.355],[126.81,37.3535],[126.806,37.35],[126.8068,37.348],[126.8088,37.3465],[126.811,37.3423],[126.8125,37.3419],[126.8102,37.3388],[126.8095,37.3358],[126.8081,37.3345]]]]}},{"type":"Feature","properties":{"c":"4127360000","n":"경기도 안산시단원구 선부3동","sg":"안산시단원구","sd":"경기도","p":31279,"a":4.731,"d":6612},"geometry":{"type":"MultiPolygon","coordinates":[[[[126.8408,37.3637],[126.8406,37.3589],[126.839,37.3586],[126.837,37.3558],[126.8371,37.3526],[126.8346,37.3503],[126.8352,37.3489],[126.834,37.3474],[126.8296,37.3459],[126.8248,37.3484],[126.8195,37.3488],[126.8186,37.348],[126.8166,37.334],[126.8081,37.3345],[126.8095,37.3358],[126.8102,37.3388],[126.8125,37.3419],[126.811,37.3423],[126.8088,37.3465],[126.8068,37.348],[126.806,37.35],[126.81,37.3535],[126.8106,37.355],[126.8102,37.3556],[126.8167,37.3577],[126.8186,37.3597],[126.8237,37.3631],[126.8256,37.3632],[126.8264,37.3641],[126.8276,37.3642],[126.8316,37.3617],[126.8396,37.3629],[126.8408,37.3637]]]]}},{"type":"Feature","properties":{"c":"4127361000","n":"경기도 안산시단원구 대부동","sg":"안산시단원구","sd":"경기도","p":9159,"a":49.9,"d":184},"geometry":{"type":"MultiPolygon","coordinates":[[[[126.4693,37.0824],[126.4668,37.0835],[126.4669,37.0842],[126.4687,37.0844],[126.4693,37.0824]]],[[[126.4651,37.0891],[126.4645,37.0887],[126.4615,37.0888],[126.4583,37.0916],[126.4617,37.0938],[126.4629,37.0937],[126.4652,37.0903],[126.4651,37.0891]]],[[[126.4529,37.0948],[126.4516,37.095],[126.4507,37.0959],[126.4488,37.098],[126.4486,37.0992],[126.4512,37.1032],[126.4529,37.1025],[126.4541,37.101],[126.4541,37.0998],[126.4577,37.097],[126.4577,37.0963],[126.4563,37.0951],[126.4529,37.0948]]],[[[126.3971,37.1033],[126.3977,37.1016],[126.3949,37.0992],[126.3937,37.099],[126.3891,37.1018],[126.3859,37.1024],[126.382,37.1022],[126.3814,37.1026],[126.3799,37.1045],[126.3797,37.1079],[126.382,37.1142],[126.3837,37.115],[126.3896,37.1153],[126.3949,37.1126],[126.3966,37.1091],[126.3971,37.1033]]],[[[126.6308,37.1856],[126.6299,37.1856],[126.63,37.1863],[126.6326,37.1888],[126.6392,37.1892],[126.6401,37.1887],[126.6338,37.1874],[126.6308,37.1856]]],[[[126.6178,37.2237],[126.6147,37.2235],[126.614,37.2248],[126.6163,37.2287],[126.6175,37.228],[126.6184,37.2245],[126.6178,37.2237]]],[[[126.6139,37.2277],[126.6129,37.2278],[126.6124,37.2286],[126.613,37.2297],[126.6143,37.2301],[126.6152,37.2294],[126.6139,37.2277]]],[[[126.6288,37.2475],[126.628,37.2474],[126.627,37.2498],[126.6306,37.2509],[126.6311,37.2494],[126.6288,37.2475]]],[[[126.5957,37.3019],[126.5837,37.295],[126.5792,37.2932],[126.5798,37.2919],[126.5814,37.2917],[126.5841,37.2943],[126.5862,37.293],[126.5822,37.2885],[126.578,37.2883],[126.5763,37.2872],[126.5752,37.2843],[126.5721,37.2824],[126.5702,37.2798],[126.5693,37.2721],[126.5708,37.2727],[126.5726,37.2761],[126.5772,37.2752],[126.5813,37.2731],[126.5831,37.2739],[126.5871,37.2722],[126.5872,37.2709],[126.5855,37.2686],[126.5863,37.2673],[126.5907,37.2641],[126.5969,37.2624],[126.6077,37.2634],[126.6088,37.263],[126.6084,37.2616],[126.6091,37.2606],[126.6163,37.259],[126.6182,37.2574],[126.6157,37.2541],[126.6146,37.2505],[126.6212,37.2483],[126.6193,37.2462],[126.6234,37.2432],[126.6264,37.2441],[126.6235,37.2395],[126.6226,37.2366],[126.6299,37.2344],[126.6337,37.2322],[126.6423,37.2295],[126.6478,37.2261],[126.6505,37.2253],[126.6516,37.2204],[126.6497,37.2183],[126.6475,37.2106],[126.6476,37.2089],[126.6494,37.209],[126.6509,37.2098],[126.6508,37.2127],[126.6517,37.2137],[126.6532,37.2135],[126.6543,37.2119],[126.6543,37.2107],[126.652,37.2073],[126.6472,37.2065],[126.6467,37.2057],[126.6463,37.2043],[126.6513,37.1997],[126.6475,37.1929],[126.6456,37.1917],[126.6439,37.1943],[126.6418,37.1956],[126.6406,37.1979],[126.6423,37.2014],[126.6413,37.2041],[126.6418,37.2059],[126.6425,37.2066],[126.6458,37.207],[126.6469,37.2086],[126.6468,37.2108],[126.6394,37.2155],[126.6292,37.218],[126.6279,37.2221],[126.6268,37.2222],[126.6253,37.2231],[126.6234,37.227],[126.6234,37.2342],[126.6242,37.2353],[126.6218,37.2361],[126.6195,37.2331],[126.62,37.2305],[126.6193,37.2293],[126.615,37.2306],[126.6132,37.233],[126.6112,37.2338],[126.6099,37.2326],[126.61,37.2296],[126.6085,37.2292],[126.6028,37.2302],[126.5995,37.2269],[126.6025,37.2242],[126.6042,37.2242],[126.6073,37.2226],[126.6116,37.219],[126.6126,37.2144],[126.6158,37.2092],[126.6143,37.2073],[126.6081,37.2093],[126.6077,37.2112],[126.6054,37.212],[126.6029,37.2076],[126.5981,37.2111],[126.6032,37.2163],[126.6015,37.2209],[126.601,37.2206],[126.6017,37.2182],[126.5964,37.2161],[126.5953,37.2141],[126.5907,37.2133],[126.5884,37.2136],[126.5873,37.2179],[126.5852,37.2206],[126.5766,37.2206],[126.5766,37.2173],[126.573,37.2093],[126.5698,37.2065],[126.5686,37.2045],[126.5683,37.2028],[126.569,37.2009],[126.5618,37.1933],[126.5601,37.1971],[126.5603,37.198],[126.5592,37.1992],[126.553,37.2036],[126.5494,37.2049],[126.5425,37.2057],[126.5423,37.2028],[126.5383,37.1984],[126.5369,37.1977],[126.5348,37.1984],[126.5351,37.199],[126.5364,37.199],[126.5376,37.1998],[126.5406,37.2067],[126.5414,37.207],[126.543,37.2062],[126.5447,37.2066],[126.5446,37.2102],[126.5432,37.2138],[126.5471,37.2157],[126.5471,37.2207],[126.5462,37.2228],[126.5436,37.2244],[126.5426,37.2228],[126.5411,37.2233],[126.5404,37.2289],[126.5412,37.229],[126.5427,37.2281],[126.544,37.2291],[126.5443,37.2309],[126.5435,37.2322],[126.5444,37.2336],[126.5544,37.2336],[126.5567,37.2346],[126.5583,37.2371],[126.5658,37.2362],[126.5668,37.2372],[126.5604,37.2425],[126.5598,37.2486],[126.5622,37.2518],[126.563,37.2562],[126.5595,37.2571],[126.5581,37.2596],[126.5588,37.2616],[126.5576,37.2667],[126.555,37.2685],[126.5548,37.2711],[126.5508,37.2729],[126.5489,37.2765],[126.5486,37.28],[126.542,37.2813],[126.5395,37.2827],[126.539,37.2855],[126.5373,37.2866],[126.5338,37.2876],[126.5329,37.2891],[126.5351,37.2892],[126.5404,37.2868],[126.5416,37.2856],[126.5457,37.2844],[126.5476,37.2845],[126.5519,37.2819],[126.5555,37.2841],[126.5564,37.2837],[126.5578,37.2817],[126.5565,37.2793],[126.5569,37.2778],[126.5604,37.2775],[126.5677,37.2814],[126.5677,37.2826],[126.5655,37.2828],[126.5653,37.2837],[126.568,37.2857],[126.5695,37.2854],[126.5743,37.2883],[126.5771,37.2909],[126.5737,37.2961],[126.5712,37.2963],[126.5708,37.2982],[126.5721,37.2987],[126.579,37.296],[126.6122,37.3151],[126.6452,37.3245],[126.6467,37.3218],[126.6148,37.3126],[126.5957,37.3019]]]]}},{"type":"Feature","properties":{"c":"4127353500","n":"경기도 안산시단원구 호수동","sg":"안산시단원구","sd":"경기도","p":41454,"a":2.671,"d":15520},"geometry":{"type":"MultiPolygon","coordinates":[[[[126.8304,37.3168],[126.8431,37.3163],[126.8418,37.3059],[126.8357,37.3035],[126.8297,37.3035],[126.8287,37.3041],[126.8237,37.3044],[126.821,37.3036],[126.8213,37.3173],[126.8304,37.3168]]]]}},{"type":"Feature","properties":{"c":"4128151000","n":"경기도 고양시덕양구 주교동","sg":"고양시덕양구","sd":"경기도","p":10067,"a":5.566,"d":1809},"geometry":{"type":"MultiPolygon","coordinates":[[[[126.8457,37.6671],[126.8433,37.6645],[126.8374,37.6607],[126.8325,37.6565],[126.8326,37.6534],[126.8315,37.6498],[126.8306,37.6486],[126.8275,37.6491],[126.8256,37.6445],[126.8235,37.6447],[126.8217,37.6462],[126.8161,37.6463],[126.8182,37.6492],[126.8166,37.6513],[126.8161,37.6555],[126.8136,37.6565],[126.8109,37.6591],[126.8143,37.6604],[126.8149,37.6626],[126.8156,37.6631],[126.8194,37.6642],[126.8207,37.6676],[126.8209,37.6712],[126.8216,37.6721],[126.8324,37.6778],[126.8322,37.6794],[126.835,37.677],[126.8351,37.6747],[126.8366,37.673],[126.8398,37.6713],[126.8426,37.6718],[126.8457,37.6671]]]]}},{"type":"Feature","properties":{"c":"4128152000","n":"경기도 고양시덕양구 원신동","sg":"고양시덕양구","sd":"경기도","p":22228,"a":13.015,"d":1708},"geometry":{"type":"MultiPolygon","coordinates":[[[[126.8525,37.6888],[126.8565,37.6858],[126.8619,37.6845],[126.8665,37.6847],[126.8679,37.6858],[126.8716,37.6871],[126.8845,37.6842],[126.8856,37.6823],[126.8821,37.675],[126.8825,37.673],[126.884,37.6711],[126.8863,37.6699],[126.892,37.6705],[126.8936,37.6649],[126.8938,37.659],[126.8892,37.6566],[126.8863,37.6567],[126.8854,37.6581],[126.8837,37.658],[126.8806,37.6598],[126.8784,37.6596],[126.8756,37.6572],[126.8695,37.6571],[126.868,37.6577],[126.8661,37.6573],[126.8649,37.6568],[126.8648,37.6556],[126.8634,37.6543],[126.8603,37.6523],[126.856,37.6531],[126.8526,37.653],[126.8531,37.6568],[126.8524,37.6592],[126.8543,37.664],[126.8538,37.6653],[126.8491,37.6696],[126.8457,37.6671],[126.8426,37.6718],[126.8398,37.6713],[126.837,37.6727],[126.8351,37.6747],[126.835,37.677],[126.8322,37.6794],[126.8335,37.6831],[126.8354,37.683],[126.8399,37.6843],[126.8415,37.6854],[126.8481,37.6863],[126.849,37.6902],[126.8525,37.6888]]]]}},{"type":"Feature","properties":{"c":"4128153000","n":"경기도 고양시덕양구 흥도동","sg":"고양시덕양구","sd":"경기도","p":29341,"a":9.615,"d":3052},"geometry":{"type":"MultiPolygon","coordinates":[[[[126.8622,37.6535],[126.8635,37.6521],[126.8641,37.6492],[126.8648,37.6486],[126.8721,37.648],[126.8754,37.6469],[126.8757,37.6467],[126.8743,37.6445],[126.8743,37.6427],[126.8777,37.6425],[126.8763,37.6401],[126.8748,37.6332],[126.8759,37.631],[126.8753,37.6262],[126.8726,37.618],[126.8646,37.6136],[126.8583,37.6089],[126.8546,37.6107],[126.8535,37.6122],[126.8545,37.6142],[126.8545,37.6221],[126.8524,37.6227],[126.8513,37.6217],[126.8484,37.6214],[126.8479,37.6246],[126.8487,37.6314],[126.8477,37.6372],[126.8456,37.6394],[126.8415,37.6405],[126.8407,37.6417],[126.8424,37.6451],[126.8448,37.6455],[126.8484,37.6471],[126.8498,37.6503],[126.852,37.6513],[126.8526,37.653],[126.856,37.6531],[126.8602,37.6523],[126.8622,37.6535]]]]}},{"type":"Feature","properties":{"c":"4128154000","n":"경기도 고양시덕양구 성사1동","sg":"고양시덕양구","sd":"경기도","p":23716,"a":2.239,"d":10591},"geometry":{"type":"MultiPolygon","coordinates":[[[[126.8526,37.653],[126.852,37.6513],[126.8498,37.6503],[126.8493,37.6492],[126.8447,37.6526],[126.8325,37.6557],[126.8325,37.6565],[126.8374,37.6607],[126.8433,37.6645],[126.8491,37.6696],[126.8538,37.6653],[126.8543,37.664],[126.8524,37.6592],[126.8531,37.6568],[126.8526,37.653]]]]}},{"type":"Feature","properties":{"c":"4128155000","n":"경기도 고양시덕양구 성사2동","sg":"고양시덕양구","sd":"경기도","p":10081,"a":0.897,"d":11235},"geometry":{"type":"MultiPolygon","coordinates":[[[[126.8493,37.6492],[126.8484,37.6471],[126.8448,37.6455],[126.8431,37.6455],[126.8419,37.6493],[126.8388,37.6505],[126.8367,37.6489],[126.8346,37.6483],[126.8306,37.6486],[126.832,37.6509],[126.8325,37.6557],[126.8447,37.6526],[126.8493,37.6492]]]]}},{"type":"Feature","properties":{"c":"4128156000","n":"경기도 고양시덕양구 효자동","sg":"고양시덕양구","sd":"경기도","p":26328,"a":25.444,"d":1035},"geometry":{"type":"MultiPolygon","coordinates":[[[[126.9917,37.6795],[126.993,37.6776],[126.9942,37.6663],[126.9928,37.665],[126.988,37.6633],[126.985,37.6593],[126.9794,37.6558],[126.9846,37.6475],[126.9849,37.6458],[126.9832,37.6437],[126.9839,37.6422],[126.9864,37.6407],[126.9846,37.6366],[126.9785,37.6338],[126.9751,37.6314],[126.9709,37.633],[126.9688,37.637],[126.9688,37.6387],[126.965,37.6428],[126.9617,37.6452],[126.9563,37.6531],[126.9546,37.6548],[126.9513,37.655],[126.9473,37.6589],[126.941,37.6571],[126.937,37.6519],[126.9347,37.6506],[126.9297,37.6504],[126.9254,37.6474],[126.9213,37.6456],[126.9139,37.6447],[126.9053,37.6489],[126.9002,37.6506],[126.9033,37.6535],[126.9092,37.6569],[126.9123,37.6578],[126.9164,37.6616],[126.9239,37.6636],[126.923,37.6656],[126.9244,37.6669],[126.9268,37.667],[126.9293,37.668],[126.928,37.6707],[126.9301,37.6723],[126.9382,37.6714],[126.9398,37.6708],[126.9416,37.6719],[126.9429,37.6731],[126.9447,37.6769],[126.9431,37.6794],[126.9448,37.6851],[126.9479,37.6869],[126.951,37.6877],[126.9544,37.6926],[126.96,37.6915],[126.9658,37.6924],[126.973,37.6867],[126.9809,37.6859],[126.9876,37.6826],[126.9912,37.6794],[126.9917,37.6795]]]]}},{"type":"Feature","properties":{"c":"4128158000","n":"경기도 고양시덕양구 창릉동","sg":"고양시덕양구","sd":"경기도","p":22765,"a":11.008,"d":2068},"geometry":{"type":"MultiPolygon","coordinates":[[[[126.9002,37.6506],[126.9053,37.6489],[126.9076,37.6465],[126.9122,37.6444],[126.9125,37.6417],[126.9108,37.6402],[126.9098,37.6351],[126.9065,37.6325],[126.9072,37.6306],[126.9088,37.6291],[126.9079,37.6254],[126.9064,37.624],[126.9052,37.6195],[126.9034,37.6188],[126.901,37.6125],[126.8939,37.6125],[126.8906,37.6105],[126.8868,37.6113],[126.8855,37.6151],[126.8813,37.6163],[126.8755,37.616],[126.8745,37.6169],[126.8735,37.6165],[126.8726,37.618],[126.8753,37.6262],[126.8759,37.631],[126.8748,37.6332],[126.8763,37.6401],[126.8777,37.6425],[126.8846,37.6472],[126.8962,37.6514],[126.8981,37.6515],[126.9002,37.6506]]]]}},{"type":"Feature","properties":{"c":"4128159000","n":"경기도 고양시덕양구 고양동","sg":"고양시덕양구","sd":"경기도","p":26915,"a":23.672,"d":1137},"geometry":{"type":"MultiPolygon","coordinates":[[[[126.9297,37.7485],[126.933,37.7454],[126.9301,37.7428],[126.931,37.7378],[126.9304,37.7361],[126.9264,37.7351],[126.9226,37.7319],[126.9219,37.7302],[126.922,37.7292],[126.9234,37.7286],[126.9231,37.725],[126.925,37.7199],[126.9231,37.7162],[126.9205,37.7137],[126.9245,37.7117],[126.9247,37.7079],[126.9224,37.7031],[126.9217,37.699],[126.9187,37.6942],[126.9158,37.6911],[126.9141,37.6879],[126.9145,37.679],[126.9124,37.6756],[126.9103,37.6738],[126.9073,37.6743],[126.9051,37.6778],[126.9021,37.6785],[126.901,37.6779],[126.8988,37.6741],[126.8963,37.6713],[126.8946,37.6707],[126.8863,37.6699],[126.8832,37.6719],[126.8821,37.675],[126.8856,37.6823],[126.8845,37.6842],[126.8846,37.6886],[126.8876,37.6894],[126.889,37.6945],[126.89,37.6967],[126.8907,37.6968],[126.8914,37.7003],[126.8897,37.7035],[126.883,37.7035],[126.8786,37.7051],[126.8771,37.7049],[126.8765,37.7037],[126.874,37.704],[126.8726,37.7056],[126.8727,37.7081],[126.8757,37.7132],[126.8819,37.7181],[126.8827,37.7193],[126.8836,37.7194],[126.8847,37.7182],[126.8861,37.7185],[126.8882,37.7208],[126.8892,37.7234],[126.8917,37.7253],[126.8947,37.7268],[126.8993,37.7268],[126.9017,37.7279],[126.9022,37.7315],[126.9009,37.7371],[126.9036,37.7416],[126.9089,37.7449],[126.9082,37.7454],[126.9088,37.747],[126.9156,37.7481],[126.9218,37.747],[126.9278,37.7493],[126.9297,37.7485]]]]}},{"type":"Feature","properties":{"c":"4128160000","n":"경기도 고양시덕양구 관산동","sg":"고양시덕양구","sd":"경기도","p":32868,"a":16.273,"d":2020},"geometry":{"type":"MultiPolygon","coordinates":[[[[126.8827,37.7193],[126.8819,37.7181],[126.8757,37.7132],[126.8727,37.7081],[126.8726,37.7056],[126.8745,37.7038],[126.8765,37.7037],[126.8771,37.7049],[126.8786,37.7051],[126.883,37.7035],[126.8898,37.7034],[126.8914,37.7003],[126.8907,37.6968],[126.89,37.6967],[126.889,37.6945],[126.8876,37.6894],[126.8846,37.6886],[126.8845,37.6842],[126.8716,37.6871],[126.8679,37.6858],[126.8666,37.6847],[126.8644,37.6845],[126.8619,37.6845],[126.8565,37.6858],[126.8526,37.6886],[126.8549,37.6921],[126.855,37.6935],[126.8538,37.6953],[126.8498,37.698],[126.8466,37.7072],[126.8418,37.7164],[126.8399,37.7232],[126.8356,37.7281],[126.8362,37.7275],[126.8371,37.7276],[126.8394,37.7286],[126.8412,37.7315],[126.848,37.7337],[126.8511,37.7342],[126.8544,37.7337],[126.8565,37.7346],[126.8566,37.7357],[126.8589,37.7341],[126.8589,37.7334],[126.8609,37.7327],[126.865,37.7325],[126.8676,37.7296],[126.8715,37.7293],[126.8734,37.7261],[126.876,37.7255],[126.8771,37.7262],[126.881,37.7262],[126.8833,37.7198],[126.8827,37.7193]]]]}},{"type":"Feature","properties":{"c":"4128161000","n":"경기도 고양시덕양구 능곡동","sg":"고양시덕양구","sd":"경기도","p":16889,"a":10.954,"d":1542},"geometry":{"type":"MultiPolygon","coordinates":[[[[126.8161,37.6463],[126.8217,37.6462],[126.8235,37.6448],[126.8252,37.6444],[126.822,37.6361],[126.8257,37.6352],[126.8209,37.6248],[126.8224,37.6226],[126.8202,37.6213],[126.8176,37.6164],[126.8134,37.6178],[126.8103,37.6174],[126.8036,37.6151],[126.7979,37.6109],[126.7887,37.6138],[126.7825,37.6166],[126.774,37.6222],[126.7727,37.6297],[126.7743,37.6319],[126.784,37.6315],[126.7885,37.6277],[126.7931,37.6277],[126.7945,37.6288],[126.7941,37.6319],[126.795,37.6401],[126.7967,37.6412],[126.7973,37.6424],[126.8021,37.645],[126.803,37.6435],[126.8059,37.6438],[126.812,37.6481],[126.8135,37.6475],[126.8123,37.6436],[126.8144,37.6439],[126.8161,37.6463]]]]}},{"type":"Feature","properties":{"c":"4128162100","n":"경기도 고양시덕양구 화정1동","sg":"고양시덕양구","sd":"경기도","p":34716,"a":2.29,"d":15161},"geometry":{"type":"MultiPolygon","coordinates":[[[[126.8431,37.6455],[126.8407,37.6417],[126.8424,37.6401],[126.8416,37.6393],[126.8386,37.6386],[126.8382,37.6341],[126.8257,37.6352],[126.822,37.6361],[126.8275,37.6491],[126.8346,37.6483],[126.8367,37.6489],[126.8388,37.6505],[126.8419,37.6493],[126.8431,37.6455]]]]}},{"type":"Feature","properties":{"c":"4128162200","n":"경기도 고양시덕양구 화정2동","sg":"고양시덕양구","sd":"경기도","p":31208,"a":1.983,"d":15735},"geometry":{"type":"MultiPolygon","coordinates":[[[[126.8484,37.6295],[126.8457,37.6291],[126.8395,37.6294],[126.8375,37.6306],[126.8368,37.6302],[126.8358,37.6257],[126.8343,37.6243],[126.8309,37.6265],[126.8231,37.6291],[126.8257,37.6352],[126.8382,37.6341],[126.8386,37.6386],[126.8416,37.6393],[126.8424,37.6401],[126.8456,37.6394],[126.8477,37.6372],[126.8487,37.6314],[126.8484,37.6295]]]]}},{"type":"Feature","properties":{"c":"4128163000","n":"경기도 고양시덕양구 행주동","sg":"고양시덕양구","sd":"경기도","p":11657,"a":6.73,"d":1732},"geometry":{"type":"MultiPolygon","coordinates":[[[[126.8309,37.6265],[126.8305,37.6257],[126.8273,37.6241],[126.8285,37.6225],[126.8282,37.6172],[126.8275,37.6163],[126.8249,37.616],[126.8288,37.613],[126.8291,37.6102],[126.8303,37.6082],[126.8319,37.6072],[126.8321,37.6014],[126.8312,37.6011],[126.8308,37.6003],[126.8316,37.5974],[126.8328,37.5958],[126.8268,37.588],[126.8186,37.5936],[126.8176,37.5953],[126.8113,37.5987],[126.7979,37.6109],[126.8036,37.6151],[126.8103,37.6174],[126.8134,37.6178],[126.8176,37.6164],[126.8202,37.6213],[126.8224,37.6226],[126.8209,37.6248],[126.8231,37.6291],[126.8309,37.6265]]]]}},{"type":"Feature","properties":{"c":"4128164000","n":"경기도 고양시덕양구 행신1동","sg":"고양시덕양구","sd":"경기도","p":19648,"a":0.665,"d":29558},"geometry":{"type":"MultiPolygon","coordinates":[[[[126.8343,37.6243],[126.8415,37.6197],[126.8445,37.6184],[126.8419,37.6179],[126.838,37.6181],[126.8349,37.6191],[126.8302,37.6192],[126.8279,37.6178],[126.8287,37.6204],[126.8274,37.6244],[126.8305,37.6257],[126.8309,37.6265],[126.8343,37.6243]]]]}},{"type":"Feature","properties":{"c":"4128165000","n":"경기도 고양시덕양구 행신2동","sg":"고양시덕양구","sd":"경기도","p":29213,"a":4.349,"d":6718},"geometry":{"type":"MultiPolygon","coordinates":[[[[126.8445,37.6184],[126.8466,37.6171],[126.8466,37.6165],[126.8459,37.6153],[126.844,37.6141],[126.8461,37.6128],[126.8517,37.612],[126.8583,37.6089],[126.8536,37.604],[126.8482,37.5999],[126.8467,37.598],[126.8442,37.5972],[126.8347,37.5975],[126.8328,37.5958],[126.8316,37.5974],[126.8308,37.6003],[126.8312,37.6011],[126.8321,37.6014],[126.8319,37.6072],[126.8303,37.6082],[126.8291,37.6102],[126.8288,37.613],[126.8249,37.616],[126.8275,37.6163],[126.8283,37.6172],[126.8279,37.6178],[126.8302,37.6192],[126.8349,37.6191],[126.838,37.6181],[126.8419,37.6179],[126.8445,37.6184]]]]}},{"type":"Feature","properties":{"c":"4128166000","n":"경기도 고양시덕양구 화전동","sg":"고양시덕양구","sd":"경기도","p":27623,"a":7.553,"d":3657},"geometry":{"type":"MultiPolygon","coordinates":[[[[126.901,37.6125],[126.9022,37.6071],[126.9021,37.6038],[126.9003,37.6032],[126.9015,37.5994],[126.9014,37.5962],[126.899,37.5927],[126.8998,37.5899],[126.897,37.5886],[126.8873,37.5886],[126.8854,37.5911],[126.8866,37.5938],[126.8848,37.5934],[126.8822,37.5909],[126.8646,37.6059],[126.8583,37.6089],[126.8646,37.6136],[126.8726,37.618],[126.8735,37.6165],[126.8745,37.6169],[126.8755,37.616],[126.8813,37.6163],[126.8855,37.6151],[126.8868,37.6113],[126.8906,37.6105],[126.8939,37.6125],[126.901,37.6125]]]]}},{"type":"Feature","properties":{"c":"4128167000","n":"경기도 고양시덕양구 대덕동","sg":"고양시덕양구","sd":"경기도","p":16935,"a":10.884,"d":1556},"geometry":{"type":"MultiPolygon","coordinates":[[[[126.8822,37.5909],[126.8803,37.5896],[126.8767,37.5841],[126.8766,37.5816],[126.8776,37.5797],[126.8771,37.5789],[126.8733,37.5788],[126.868,37.5774],[126.865,37.5758],[126.8617,37.5759],[126.8541,37.5739],[126.8536,37.5718],[126.8321,37.5858],[126.8268,37.588],[126.8321,37.5954],[126.8343,37.5973],[126.8442,37.5972],[126.8467,37.598],[126.8482,37.5999],[126.8536,37.604],[126.8583,37.6089],[126.8646,37.6059],[126.8822,37.5909]]]]}},{"type":"Feature","properties":{"c":"4128165500","n":"경기도 고양시덕양구 행신3동","sg":"고양시덕양구","sd":"경기도","p":22036,"a":0.599,"d":36800},"geometry":{"type":"MultiPolygon","coordinates":[[[[126.8411,37.6295],[126.8439,37.6274],[126.8437,37.6252],[126.8426,37.6243],[126.8423,37.6192],[126.8343,37.6243],[126.8358,37.6257],[126.8368,37.6302],[126.8379,37.6306],[126.8395,37.6294],[126.8411,37.6295]]]]}},{"type":"Feature","properties":{"c":"4128551000","n":"경기도 고양시일산동구 식사동","sg":"고양시일산동구","sd":"경기도","p":40167,"a":6.521,"d":6160},"geometry":{"type":"MultiPolygon","coordinates":[[[[126.8335,37.6831],[126.8322,37.6794],[126.8324,37.6778],[126.8213,37.6718],[126.8207,37.6676],[126.8194,37.6642],[126.8156,37.6631],[126.8149,37.6626],[126.8143,37.6604],[126.8111,37.6595],[126.812,37.6647],[126.8074,37.6669],[126.8028,37.667],[126.8021,37.668],[126.8032,37.6694],[126.8045,37.6739],[126.8036,37.6748],[126.7987,37.6751],[126.7992,37.6834],[126.8013,37.6832],[126.8013,37.6842],[126.8028,37.685],[126.8091,37.6858],[126.8124,37.6888],[126.812,37.6904],[126.8131,37.692],[126.8176,37.6941],[126.8193,37.6943],[126.8234,37.6929],[126.8247,37.6915],[126.8273,37.6908],[126.8284,37.6906],[126.8296,37.6913],[126.8312,37.6908],[126.8317,37.6892],[126.83,37.6879],[126.8301,37.6863],[126.8335,37.6831]]]]}},{"type":"Feature","properties":{"c":"4128552600","n":"경기도 고양시일산동구 중산2동","sg":"고양시일산동구","sd":"경기도","p":22595,"a":1.461,"d":15470},"geometry":{"type":"MultiPolygon","coordinates":[[[[126.7779,37.6828],[126.7817,37.6821],[126.7814,37.6841],[126.7825,37.6839],[126.7823,37.6851],[126.7873,37.6866],[126.7903,37.6888],[126.7947,37.6847],[126.7936,37.6793],[126.793,37.6786],[126.7916,37.6793],[126.7905,37.6771],[126.7873,37.6753],[126.788,37.6737],[126.7856,37.6727],[126.7837,37.6759],[126.7773,37.6789],[126.7779,37.6828]]]]}},{"type":"Feature","properties":{"c":"4128553000","n":"경기도 고양시일산동구 정발산동","sg":"고양시일산동구","sd":"경기도","p":20946,"a":1.526,"d":13722},"geometry":{"type":"MultiPolygon","coordinates":[[[[126.7856,37.6727],[126.7883,37.668],[126.7832,37.6661],[126.7816,37.6689],[126.7786,37.6677],[126.771,37.6626],[126.7674,37.6662],[126.7697,37.6678],[126.7776,37.6788],[126.7837,37.6759],[126.7856,37.6727]]]]}},{"type":"Feature","properties":{"c":"4128554000","n":"경기도 고양시일산동구 풍산동","sg":"고양시일산동구","sd":"경기도","p":42241,"a":5.884,"d":7179},"geometry":{"type":"MultiPolygon","coordinates":[[[[126.7992,37.6834],[126.7987,37.6751],[126.8036,37.6748],[126.8045,37.6739],[126.8032,37.6694],[126.8021,37.668],[126.8027,37.6671],[126.8074,37.6669],[126.812,37.6647],[126.8108,37.6587],[126.8136,37.6565],[126.8161,37.6555],[126.8166,37.6513],[126.8182,37.6492],[126.8149,37.6443],[126.8134,37.6436],[126.8123,37.6436],[126.8135,37.6475],[126.8125,37.6482],[126.8059,37.6438],[126.803,37.6435],[126.8021,37.645],[126.8027,37.6462],[126.8015,37.646],[126.7946,37.6564],[126.7856,37.6727],[126.788,37.6737],[126.7873,37.6753],[126.7905,37.6771],[126.7916,37.6793],[126.793,37.6786],[126.7936,37.6793],[126.7947,37.6847],[126.7972,37.6848],[126.7992,37.6834]]]]}},{"type":"Feature","properties":{"c":"4128555100","n":"경기도 고양시일산동구 백석1동","sg":"고양시일산동구","sd":"경기도","p":27990,"a":1.747,"d":16019},"geometry":{"type":"MultiPolygon","coordinates":[[[[126.8021,37.645],[126.7973,37.6424],[126.7967,37.6412],[126.7924,37.6397],[126.7811,37.6483],[126.7841,37.6507],[126.7956,37.655],[126.8015,37.646],[126.8027,37.6462],[126.8021,37.645]]]]}},{"type":"Feature","properties":{"c":"4128556000","n":"경기도 고양시일산동구 마두1동","sg":"고양시일산동구","sd":"경기도","p":22271,"a":2.156,"d":10328},"geometry":{"type":"MultiPolygon","coordinates":[[[[126.7883,37.668],[126.7956,37.655],[126.7881,37.6523],[126.7846,37.6582],[126.776,37.655],[126.771,37.6626],[126.7786,37.6677],[126.7816,37.6689],[126.7832,37.6661],[126.7883,37.668]]]]}},{"type":"Feature","properties":{"c":"4128557000","n":"경기도 고양시일산동구 마두2동","sg":"고양시일산동구","sd":"경기도","p":15029,"a":0.634,"d":23721},"geometry":{"type":"MultiPolygon","coordinates":[[[[126.7881,37.6523],[126.7841,37.6507],[126.781,37.6483],[126.7787,37.6504],[126.776,37.655],[126.7846,37.6582],[126.7881,37.6523]]]]}},{"type":"Feature","properties":{"c":"4128558000","n":"경기도 고양시일산동구 장항1동","sg":"고양시일산동구","sd":"경기도","p":20013,"a":10.346,"d":1934},"geometry":{"type":"MultiPolygon","coordinates":[[[[126.7563,37.6636],[126.7597,37.6597],[126.7633,37.6518],[126.7788,37.6427],[126.7877,37.636],[126.7924,37.6397],[126.7953,37.6405],[126.7941,37.6319],[126.7945,37.6288],[126.7931,37.6277],[126.7885,37.6277],[126.784,37.6315],[126.7743,37.6319],[126.7727,37.6297],[126.774,37.6222],[126.7682,37.6237],[126.7609,37.6282],[126.7409,37.6389],[126.7409,37.6539],[126.7418,37.6546],[126.744,37.6541],[126.7451,37.6595],[126.7502,37.6587],[126.751,37.6641],[126.7552,37.6622],[126.7563,37.6636]]]]}},{"type":"Feature","properties":{"c":"4128559000","n":"경기도 고양시일산동구 장항2동","sg":"고양시일산동구","sd":"경기도","p":26610,"a":2.47,"d":10773},"geometry":{"type":"MultiPolygon","coordinates":[[[[126.771,37.6626],[126.7787,37.6504],[126.781,37.6483],[126.7761,37.6442],[126.7633,37.6518],[126.7597,37.6597],[126.7563,37.6636],[126.758,37.6661],[126.7627,37.6633],[126.7674,37.6662],[126.771,37.6626]]]]}},{"type":"Feature","properties":{"c":"4128560000","n":"경기도 고양시일산동구 고봉동","sg":"고양시일산동구","sd":"경기도","p":20741,"a":25.274,"d":821},"geometry":{"type":"MultiPolygon","coordinates":[[[[126.8356,37.7281],[126.8399,37.7232],[126.8418,37.7164],[126.8466,37.7072],[126.8498,37.698],[126.8538,37.6953],[126.855,37.6935],[126.8549,37.6921],[126.8525,37.6888],[126.849,37.6902],[126.8481,37.6863],[126.8415,37.6854],[126.8399,37.6843],[126.8354,37.683],[126.8335,37.6831],[126.8301,37.6863],[126.83,37.6879],[126.8317,37.6892],[126.8312,37.6908],[126.8296,37.6913],[126.8284,37.6906],[126.8273,37.6908],[126.8247,37.6915],[126.8234,37.6929],[126.8183,37.6942],[126.8131,37.692],[126.812,37.6904],[126.8124,37.6888],[126.8091,37.6858],[126.8028,37.685],[126.8013,37.6842],[126.8013,37.6832],[126.7992,37.6834],[126.7972,37.6848],[126.7947,37.6847],[126.7903,37.6888],[126.7897,37.6913],[126.7901,37.6929],[126.7892,37.694],[126.7857,37.6953],[126.7851,37.6983],[126.783,37.6982],[126.7798,37.7],[126.7771,37.7006],[126.7737,37.7026],[126.7733,37.7092],[126.7748,37.7102],[126.7779,37.7141],[126.7826,37.7176],[126.785,37.7209],[126.7901,37.7238],[126.7919,37.7242],[126.7937,37.7259],[126.7961,37.7296],[126.7956,37.7336],[126.7936,37.735],[126.7973,37.737],[126.7982,37.7372],[126.8008,37.7353],[126.8013,37.7303],[126.8028,37.7304],[126.8069,37.727],[126.814,37.7235],[126.823,37.7288],[126.8239,37.7288],[126.8261,37.727],[126.8318,37.7288],[126.8341,37.7269],[126.8356,37.7281]]]]}},{"type":"Feature","properties":{"c":"4128555200","n":"경기도 고양시일산동구 백석2동","sg":"고양시일산동구","sd":"경기도","p":19774,"a":0.816,"d":24233},"geometry":{"type":"MultiPolygon","coordinates":[[[[126.7924,37.6397],[126.7878,37.636],[126.7761,37.6442],[126.7811,37.6483],[126.7924,37.6397]]]]}},{"type":"Feature","properties":{"c":"4128751000","n":"경기도 고양시일산서구 일산1동","sg":"고양시일산서구","sd":"경기도","p":24384,"a":0.672,"d":36312},"geometry":{"type":"MultiPolygon","coordinates":[[[[126.7751,37.6921],[126.7739,37.6894],[126.7683,37.6828],[126.7625,37.6858],[126.761,37.6893],[126.7672,37.6901],[126.7733,37.6925],[126.7751,37.6921]]]]}},{"type":"Feature","properties":{"c":"4128752000","n":"경기도 고양시일산서구 일산2동","sg":"고양시일산서구","sd":"경기도","p":18420,"a":0.712,"d":25884},"geometry":{"type":"MultiPolygon","coordinates":[[[[126.7773,37.6789],[126.7683,37.6828],[126.7739,37.6894],[126.7762,37.694],[126.7781,37.6958],[126.7769,37.6907],[126.778,37.6832],[126.7773,37.6789]]]]}},{"type":"Feature","properties":{"c":"4128753000","n":"경기도 고양시일산서구 일산3동","sg":"고양시일산서구","sd":"경기도","p":32889,"a":1.159,"d":28389},"geometry":{"type":"MultiPolygon","coordinates":[[[[126.7683,37.6828],[126.7776,37.6788],[126.7732,37.673],[126.7581,37.6795],[126.7625,37.6858],[126.7683,37.6828]]]]}},{"type":"Feature","properties":{"c":"4128754500","n":"경기도 고양시일산서구 탄현1동","sg":"고양시일산서구","sd":"경기도","p":28829,"a":0.934,"d":30862},"geometry":{"type":"MultiPolygon","coordinates":[[[[126.7611,37.6991],[126.7682,37.6997],[126.7689,37.698],[126.7728,37.6936],[126.7762,37.694],[126.7751,37.6921],[126.7733,37.6925],[126.7672,37.6901],[126.761,37.6893],[126.7611,37.6991]]]]}},{"type":"Feature","properties":{"c":"4128755000","n":"경기도 고양시일산서구 주엽1동","sg":"고양시일산서구","sd":"경기도","p":25688,"a":0.953,"d":26945},"geometry":{"type":"MultiPolygon","coordinates":[[[[126.7732,37.673],[126.7695,37.6676],[126.7627,37.6633],[126.7583,37.666],[126.7655,37.6763],[126.7732,37.673]]]]}},{"type":"Feature","properties":{"c":"4128756000","n":"경기도 고양시일산서구 주엽2동","sg":"고양시일산서구","sd":"경기도","p":26150,"a":0.968,"d":27007},"geometry":{"type":"MultiPolygon","coordinates":[[[[126.7655,37.6763],[126.7583,37.666],[126.751,37.6692],[126.7581,37.6795],[126.7655,37.6763]]]]}},{"type":"Feature","properties":{"c":"4128757000","n":"경기도 고양시일산서구 대화동","sg":"고양시일산서구","sd":"경기도","p":33260,"a":4.326,"d":7688},"geometry":{"type":"MultiPolygon","coordinates":[[[[126.7614,37.6875],[126.7625,37.6858],[126.751,37.6692],[126.758,37.6661],[126.7552,37.6622],[126.751,37.6641],[126.7521,37.6666],[126.7496,37.6669],[126.7445,37.6597],[126.7345,37.6664],[126.7368,37.6678],[126.7375,37.6739],[126.7388,37.6746],[126.7397,37.6763],[126.7376,37.6778],[126.7386,37.6817],[126.7411,37.6848],[126.7446,37.6869],[126.7462,37.6859],[126.7527,37.6864],[126.7595,37.688],[126.7614,37.6875]]]]}},{"type":"Feature","properties":{"c":"4128758000","n":"경기도 고양시일산서구 송포동","sg":"고양시일산서구","sd":"경기도","p":19811,"a":14.088,"d":1406},"geometry":{"type":"MultiPolygon","coordinates":[[[[126.7595,37.688],[126.7527,37.6864],[126.7462,37.6859],[126.7443,37.6869],[126.7411,37.6848],[126.7386,37.6817],[126.7376,37.6778],[126.7397,37.6763],[126.7388,37.6746],[126.7375,37.6739],[126.7368,37.6678],[126.7345,37.6664],[126.7348,37.6659],[126.7445,37.6597],[126.7496,37.6669],[126.7521,37.6666],[126.751,37.6643],[126.7502,37.6587],[126.7451,37.6595],[126.744,37.6541],[126.7418,37.6546],[126.7409,37.6539],[126.7409,37.6389],[126.7183,37.6493],[126.6893,37.6662],[126.6942,37.6715],[126.6958,37.6721],[126.6965,37.6709],[126.7006,37.6769],[126.707,37.6734],[126.7072,37.6744],[126.7062,37.6744],[126.706,37.6782],[126.7103,37.6812],[126.7218,37.6813],[126.725,37.6797],[126.7445,37.6902],[126.7519,37.688],[126.7546,37.6888],[126.7595,37.688]]]]}},{"type":"Feature","properties":{"c":"4128761000","n":"경기도 고양시일산서구 가좌동","sg":"고양시일산서구","sd":"경기도","p":18007,"a":12.821,"d":1404},"geometry":{"type":"MultiPolygon","coordinates":[[[[126.7284,37.7039],[126.728,37.691],[126.7291,37.6872],[126.7291,37.6819],[126.725,37.6797],[126.7218,37.6813],[126.7103,37.6812],[126.706,37.6782],[126.7062,37.6744],[126.7072,37.6744],[126.707,37.6734],[126.7006,37.6769],[126.6965,37.6709],[126.6958,37.6721],[126.6942,37.6715],[126.6893,37.6662],[126.6735,37.6749],[126.6699,37.6779],[126.6668,37.6842],[126.6663,37.6878],[126.6765,37.7001],[126.6874,37.6916],[126.6914,37.6891],[126.6993,37.697],[126.7046,37.6962],[126.7119,37.6997],[126.7171,37.7002],[126.7235,37.703],[126.7284,37.7039]]]]}},{"type":"Feature","properties":{"c":"4129051000","n":"경기도 과천시 중앙동","sg":"과천시","sd":"경기도","p":11402,"a":6.419,"d":1776},"geometry":{"type":"MultiPolygon","coordinates":[[[[127.0007,37.4378],[126.9978,37.4396],[126.9941,37.4395],[126.9972,37.4345],[126.9894,37.4258],[126.9892,37.4239],[126.9807,37.423],[126.9778,37.4232],[126.9736,37.4213],[126.9725,37.4213],[126.9711,37.4223],[126.9719,37.4226],[126.9706,37.4247],[126.9662,37.4275],[126.9642,37.4314],[126.9643,37.4376],[126.9655,37.4403],[126.9638,37.4408],[126.964,37.4449],[126.9654,37.446],[126.9708,37.4475],[126.9881,37.4432],[126.9942,37.4456],[126.9962,37.4455],[127.0007,37.4378]]]]}},{"type":"Feature","properties":{"c":"4129053000","n":"경기도 과천시 별양동","sg":"과천시","sd":"경기도","p":12428,"a":0.691,"d":17990},"geometry":{"type":"MultiPolygon","coordinates":[[[[127.0015,37.4295],[126.9995,37.4258],[126.9963,37.4219],[126.9894,37.4258],[126.9972,37.4345],[126.9972,37.4326],[126.9964,37.4319],[127.0015,37.4295]]]]}},{"type":"Feature","properties":{"c":"4129054000","n":"경기도 과천시 부림동","sg":"과천시","sd":"경기도","p":8826,"a":0.472,"d":18716},"geometry":{"type":"MultiPolygon","coordinates":[[[[127.0007,37.4378],[127.0028,37.433],[127.0015,37.4295],[126.9964,37.4319],[126.9972,37.4326],[126.9972,37.4345],[126.9941,37.4395],[126.9978,37.4396],[127.0007,37.4378]]]]}},{"type":"Feature","properties":{"c":"4129055000","n":"경기도 과천시 과천동","sg":"과천시","sd":"경기도","p":5798,"a":10.734,"d":540},"geometry":{"type":"MultiPolygon","coordinates":[[[[127.0299,37.4654],[127.0313,37.4658],[127.0347,37.4638],[127.0334,37.4611],[127.0349,37.4579],[127.0358,37.4575],[127.0384,37.4455],[127.0368,37.4421],[127.0354,37.4412],[127.0309,37.4416],[127.0272,37.4404],[127.0234,37.4402],[127.0207,37.4383],[127.0176,37.439],[127.0173,37.4403],[127.013,37.4408],[127.0088,37.4393],[127.0065,37.4357],[127.0007,37.4378],[126.9962,37.4455],[126.9942,37.4456],[126.9881,37.4432],[126.9708,37.4475],[126.974,37.4476],[126.9824,37.4552],[126.9968,37.4622],[126.9972,37.4639],[126.9965,37.4648],[126.9963,37.4667],[127.0034,37.4673],[127.0052,37.4631],[127.0111,37.4554],[127.0179,37.4556],[127.0261,37.4585],[127.0299,37.4635],[127.0299,37.4654]]]]}},{"type":"Feature","properties":{"c":"4129056000","n":"경기도 과천시 문원동","sg":"과천시","sd":"경기도","p":6625,"a":12.414,"d":534},"geometry":{"type":"MultiPolygon","coordinates":[[[[127.0354,37.4412],[127.0359,37.4392],[127.0373,37.4385],[127.041,37.4382],[127.0447,37.4343],[127.0463,37.4336],[127.0473,37.4319],[127.0475,37.4309],[127.0459,37.4291],[127.0418,37.4269],[127.042,37.4184],[127.0417,37.4156],[127.041,37.4152],[127.0379,37.4139],[127.0349,37.4141],[127.0283,37.4121],[127.0212,37.4124],[127.0181,37.4132],[127.0085,37.4122],[127.0041,37.4078],[127.0021,37.4071],[127.0008,37.4057],[126.9954,37.4096],[126.9943,37.4101],[126.9934,37.4097],[126.9906,37.412],[126.9913,37.4129],[126.9912,37.4155],[126.992,37.4175],[126.9914,37.4178],[126.9936,37.4185],[126.9985,37.4245],[127.0027,37.4321],[127.0026,37.4341],[127.0007,37.438],[127.0065,37.4357],[127.0088,37.4393],[127.013,37.4408],[127.0173,37.4403],[127.0176,37.439],[127.0207,37.4383],[127.0234,37.4402],[127.0272,37.4404],[127.0309,37.4416],[127.0354,37.4412]]]]}},{"type":"Feature","properties":{"c":"4131051000","n":"경기도 구리시 갈매동","sg":"구리시","sd":"경기도","p":30404,"a":3.909,"d":7778},"geometry":{"type":"MultiPolygon","coordinates":[[[[127.129,37.6417],[127.1294,37.6367],[127.1271,37.626],[127.1177,37.621],[127.1157,37.6193],[127.1139,37.6194],[127.1109,37.6208],[127.1061,37.6206],[127.1042,37.6215],[127.1035,37.6231],[127.1054,37.6271],[127.1108,37.6305],[127.112,37.6326],[127.112,37.6403],[127.1112,37.6424],[127.1119,37.6434],[127.1154,37.644],[127.1165,37.6434],[127.127,37.6413],[127.129,37.6417]]]]}},{"type":"Feature","properties":{"c":"4131052000","n":"경기도 구리시 동구동","sg":"구리시","sd":"경기도","p":34672,"a":7.594,"d":4566},"geometry":{"type":"MultiPolygon","coordinates":[[[[127.1503,37.6394],[127.1494,37.6331],[127.1445,37.6291],[127.143,37.6253],[127.1433,37.6211],[127.147,37.6151],[127.149,37.6047],[127.1397,37.6024],[127.1327,37.612],[127.1236,37.6162],[127.1193,37.6164],[127.117,37.6174],[127.1157,37.6193],[127.1177,37.621],[127.1271,37.626],[127.1294,37.6367],[127.129,37.6417],[127.1311,37.6413],[127.1334,37.6436],[127.1409,37.6463],[127.1439,37.6445],[127.1463,37.6441],[127.1491,37.6399],[127.1503,37.6394]]]]}},{"type":"Feature","properties":{"c":"4131053000","n":"경기도 구리시 인창동","sg":"구리시","sd":"경기도","p":26339,"a":2.066,"d":12749},"geometry":{"type":"MultiPolygon","coordinates":[[[[127.149,37.6047],[127.1492,37.604],[127.1401,37.6005],[127.1359,37.6005],[127.1298,37.6015],[127.1287,37.6029],[127.1168,37.6099],[127.1176,37.6117],[127.1167,37.6158],[127.117,37.6174],[127.1193,37.6164],[127.1236,37.6162],[127.1327,37.612],[127.1397,37.6024],[127.149,37.6047]]]]}},{"type":"Feature","properties":{"c":"4131054100","n":"경기도 구리시 교문1동","sg":"구리시","sd":"경기도","p":14624,"a":10.072,"d":1452},"geometry":{"type":"MultiPolygon","coordinates":[[[[127.1359,37.6005],[127.1374,37.5948],[127.1312,37.5935],[127.1283,37.5786],[127.1338,37.5684],[127.1217,37.564],[127.1194,37.5627],[127.1167,37.56],[127.1135,37.5603],[127.1138,37.5589],[127.11,37.5585],[127.109,37.5598],[127.1011,37.56],[127.1033,37.5696],[127.1042,37.5711],[127.104,37.5717],[127.1016,37.5726],[127.1009,37.5736],[127.1027,37.5783],[127.1028,37.5818],[127.0998,37.5831],[127.1027,37.5841],[127.1093,37.5847],[127.1124,37.5919],[127.1139,37.5933],[127.1178,37.594],[127.1184,37.595],[127.1138,37.6],[127.118,37.6046],[127.1184,37.6074],[127.1166,37.6088],[127.1168,37.6099],[127.1287,37.6029],[127.1298,37.6015],[127.1359,37.6005]]]]}},{"type":"Feature","properties":{"c":"4131054200","n":"경기도 구리시 교문2동","sg":"구리시","sd":"경기도","p":20428,"a":1.14,"d":17926},"geometry":{"type":"MultiPolygon","coordinates":[[[[127.1379,37.5924],[127.1379,37.5846],[127.1395,37.5825],[127.1333,37.5797],[127.1293,37.5771],[127.1283,37.5786],[127.1312,37.5935],[127.1374,37.5948],[127.1379,37.5924]]]]}},{"type":"Feature","properties":{"c":"4131057000","n":"경기도 구리시 수택1동","sg":"구리시","sd":"경기도","p":16866,"a":1.085,"d":15547},"geometry":{"type":"MultiPolygon","coordinates":[[[[127.1566,37.5959],[127.1629,37.5945],[127.1619,37.5936],[127.155,37.5934],[127.1479,37.595],[127.144,37.5976],[127.1367,37.5973],[127.1359,37.6005],[127.1401,37.6005],[127.1492,37.604],[127.151,37.6001],[127.1541,37.5971],[127.1566,37.5959]]]]}},{"type":"Feature","properties":{"c":"4131058000","n":"경기도 구리시 수택2동","sg":"구리시","sd":"경기도","p":23944,"a":0.629,"d":38090},"geometry":{"type":"MultiPolygon","coordinates":[[[[127.1508,37.5943],[127.1495,37.5907],[127.1379,37.5924],[127.1367,37.5973],[127.144,37.5976],[127.1479,37.595],[127.1508,37.5943]]]]}},{"type":"Feature","properties":{"c":"4131059000","n":"경기도 구리시 수택3동","sg":"구리시","sd":"경기도","p":20763,"a":6.637,"d":3128},"geometry":{"type":"MultiPolygon","coordinates":[[[[127.1686,37.5789],[127.1666,37.5789],[127.1492,37.5685],[127.1454,37.5683],[127.1338,37.5684],[127.1295,37.5757],[127.1293,37.5771],[127.1333,37.5797],[127.1395,37.5825],[127.1379,37.5846],[127.1379,37.5923],[127.1495,37.5907],[127.1508,37.5943],[127.1552,37.5934],[127.1619,37.5936],[127.1629,37.5945],[127.1684,37.5939],[127.1692,37.5922],[127.1685,37.5906],[127.1619,37.5893],[127.1605,37.5866],[127.1623,37.5845],[127.1655,37.5842],[127.1708,37.5809],[127.1686,37.5798],[127.1686,37.5789]]]]}},{"type":"Feature","properties":{"c":"4136025000","n":"경기도 남양주시 와부읍","sg":"남양주시","sd":"경기도","p":59411,"a":50.007,"d":1188},"geometry":{"type":"MultiPolygon","coordinates":[[[[127.2582,37.6389],[127.2587,37.6381],[127.265,37.6345],[127.2658,37.6328],[127.2676,37.6314],[127.2712,37.6331],[127.2756,37.634],[127.28,37.6338],[127.2809,37.6332],[127.2809,37.6312],[127.2795,37.628],[127.2822,37.6241],[127.282,37.6193],[127.2881,37.6166],[127.2882,37.6132],[127.2912,37.6098],[127.2926,37.6069],[127.2832,37.5933],[127.2776,37.5916],[127.2707,37.5937],[127.2685,37.5924],[127.2662,37.5871],[127.2674,37.5838],[127.2641,37.5796],[127.2602,37.5779],[127.2569,37.5739],[127.2567,37.5726],[127.258,37.5688],[127.2574,37.5621],[127.2632,37.5587],[127.2681,37.5574],[127.2678,37.5554],[127.2663,37.554],[127.2662,37.5528],[127.2676,37.5488],[127.2703,37.5475],[127.2715,37.5455],[127.2714,37.5445],[127.265,37.5375],[127.2591,37.5356],[127.2485,37.5414],[127.2384,37.545],[127.2362,37.5505],[127.2344,37.5521],[127.2343,37.5575],[127.2336,37.5587],[127.2291,37.5634],[127.2219,37.5647],[127.2201,37.567],[127.2197,37.5739],[127.2129,37.577],[127.2062,37.5851],[127.2024,37.5882],[127.2103,37.5908],[127.2127,37.5972],[127.206,37.6075],[127.2079,37.6083],[127.2094,37.6111],[127.2138,37.6155],[127.2145,37.6187],[127.2164,37.621],[127.2221,37.6237],[127.2251,37.6271],[127.2295,37.6306],[127.2349,37.6334],[127.2399,37.6333],[127.249,37.6359],[127.2529,37.6389],[127.2582,37.6389]]]]}},{"type":"Feature","properties":{"c":"4136025300","n":"경기도 남양주시 진접읍","sg":"남양주시","sd":"경기도","p":94309,"a":66.951,"d":1409},"geometry":{"type":"MultiPolygon","coordinates":[[[[127.2597,37.7684],[127.2613,37.7658],[127.2568,37.76],[127.2554,37.7561],[127.2566,37.7531],[127.2528,37.7491],[127.2518,37.7451],[127.2523,37.7415],[127.2549,37.7376],[127.2519,37.7297],[127.2465,37.7196],[127.2458,37.7105],[127.2377,37.7069],[127.2301,37.7079],[127.2287,37.7072],[127.2288,37.7057],[127.2274,37.7045],[127.2209,37.7042],[127.2157,37.7059],[127.2108,37.7083],[127.2103,37.7112],[127.209,37.7117],[127.205,37.7123],[127.2024,37.7137],[127.2026,37.71],[127.202,37.7095],[127.1986,37.7098],[127.197,37.7112],[127.1933,37.7128],[127.192,37.7098],[127.189,37.7082],[127.1824,37.6993],[127.1829,37.6976],[127.1863,37.6962],[127.187,37.6924],[127.1891,37.6903],[127.1892,37.6888],[127.1876,37.6882],[127.1829,37.6885],[127.1797,37.6863],[127.1797,37.6849],[127.1818,37.6828],[127.1808,37.681],[127.1727,37.6796],[127.1667,37.6797],[127.1657,37.6779],[127.1603,37.6733],[127.1602,37.6701],[127.1581,37.6663],[127.1542,37.6642],[127.1512,37.6634],[127.1509,37.6649],[127.1482,37.6679],[127.1434,37.6712],[127.141,37.6795],[127.1411,37.6807],[127.143,37.6825],[127.1442,37.6852],[127.1432,37.6893],[127.1451,37.6946],[127.1449,37.6972],[127.1422,37.6982],[127.1412,37.7007],[127.1411,37.703],[127.1426,37.7061],[127.1414,37.7093],[127.1416,37.7172],[127.1443,37.719],[127.1494,37.7213],[127.156,37.7257],[127.1574,37.7278],[127.1543,37.7308],[127.1482,37.7348],[127.1481,37.7398],[127.1469,37.7408],[127.1439,37.7465],[127.1425,37.7478],[127.142,37.7499],[127.1467,37.7548],[127.1538,37.7555],[127.1572,37.7547],[127.1598,37.7531],[127.1663,37.7529],[127.1733,37.7551],[127.1756,37.7566],[127.177,37.7598],[127.1794,37.7623],[127.1814,37.7638],[127.1838,37.7647],[127.1909,37.7626],[127.1986,37.7633],[127.2002,37.764],[127.2042,37.7635],[127.2049,37.7631],[127.2053,37.7612],[127.211,37.7646],[127.2127,37.7647],[127.2134,37.761],[127.2208,37.7579],[127.222,37.7569],[127.2216,37.755],[127.2251,37.7534],[127.2276,37.7543],[127.2307,37.7573],[127.2334,37.7585],[127.2365,37.7622],[127.2405,37.7627],[127.2516,37.7662],[127.2535,37.7677],[127.2588,37.7687],[127.2597,37.7684]]]]}},{"type":"Feature","properties":{"c":"4136025600","n":"경기도 남양주시 화도읍","sg":"남양주시","sd":"경기도","p":63398,"a":71.844,"d":882},"geometry":{"type":"MultiPolygon","coordinates":[[[[127.3671,37.6901],[127.3668,37.6886],[127.3677,37.6868],[127.3742,37.6822],[127.3751,37.6773],[127.3792,37.6746],[127.3775,37.6699],[127.3764,37.6601],[127.3744,37.6543],[127.366,37.6401],[127.3522,37.6278],[127.3471,37.6178],[127.3453,37.6109],[127.343,37.6111],[127.3354,37.6094],[127.3328,37.6096],[127.33,37.6102],[127.3264,37.612],[127.3222,37.613],[127.3133,37.6106],[127.3124,37.6089],[127.3125,37.6074],[127.3065,37.6045],[127.3001,37.6056],[127.2954,37.6076],[127.2926,37.6069],[127.2912,37.6098],[127.2882,37.6132],[127.2881,37.6166],[127.282,37.6193],[127.2822,37.6241],[127.2795,37.628],[127.2809,37.6312],[127.2809,37.6332],[127.28,37.6338],[127.2756,37.634],[127.2712,37.6331],[127.2676,37.6314],[127.2658,37.6328],[127.265,37.6345],[127.2587,37.6381],[127.2582,37.6389],[127.2604,37.6424],[127.2619,37.6435],[127.2626,37.6458],[127.2664,37.6487],[127.2652,37.6515],[127.266,37.6568],[127.2651,37.6596],[127.2601,37.6634],[127.2653,37.6745],[127.2687,37.6778],[127.271,37.6784],[127.2752,37.6815],[127.2721,37.6853],[127.2726,37.6864],[127.2712,37.69],[127.2766,37.6987],[127.2853,37.698],[127.2902,37.6983],[127.2957,37.6997],[127.2981,37.702],[127.2989,37.7021],[127.3019,37.7013],[127.3061,37.6976],[127.3118,37.6957],[127.317,37.6952],[127.3218,37.6898],[127.3211,37.6871],[127.3177,37.6835],[127.3178,37.6799],[127.3133,37.6736],[127.3148,37.6674],[127.3204,37.6647],[127.3244,37.6647],[127.3251,37.6652],[127.3259,37.6676],[127.3279,37.6696],[127.3312,37.6697],[127.3323,37.6703],[127.3331,37.6735],[127.3466,37.6758],[127.3516,37.6799],[127.3518,37.6812],[127.3534,37.6829],[127.3654,37.69],[127.3671,37.6901]]]]}},{"type":"Feature","properties":{"c":"4136025900","n":"경기도 남양주시 진건읍","sg":"남양주시","sd":"경기도","p":19352,"a":31.034,"d":624},"geometry":{"type":"MultiPolygon","coordinates":[[[[127.235,37.6739],[127.2311,37.6698],[127.2254,37.6653],[127.2245,37.6621],[127.2245,37.6595],[127.2123,37.6537],[127.2114,37.6498],[127.2132,37.6496],[127.2117,37.6442],[127.2066,37.6436],[127.206,37.6405],[127.2034,37.6387],[127.1989,37.639],[127.1944,37.6408],[127.1922,37.6365],[127.1938,37.6335],[127.1869,37.6304],[127.1816,37.6303],[127.1765,37.6284],[127.1731,37.6283],[127.1718,37.6294],[127.1701,37.6292],[127.1672,37.6279],[127.1668,37.6265],[127.1658,37.6284],[127.1618,37.6283],[127.1618,37.6294],[127.1611,37.6296],[127.1599,37.6287],[127.157,37.6307],[127.1569,37.6315],[127.1485,37.6318],[127.1497,37.6338],[127.1503,37.6394],[127.1527,37.6456],[127.1531,37.6497],[127.1474,37.6567],[127.1476,37.6604],[127.1512,37.6634],[127.1542,37.6642],[127.1581,37.6663],[127.1602,37.6701],[127.1603,37.6733],[127.1657,37.6779],[127.1667,37.6797],[127.1727,37.6796],[127.181,37.6811],[127.1818,37.6828],[127.1797,37.6849],[127.1796,37.6862],[127.1829,37.6885],[127.1876,37.6882],[127.1892,37.6888],[127.1931,37.6884],[127.1958,37.6889],[127.1984,37.6882],[127.2,37.6869],[127.2008,37.6841],[127.2042,37.678],[127.2097,37.6743],[127.2139,37.6733],[127.2169,37.674],[127.2192,37.6761],[127.2258,37.6792],[127.2315,37.6759],[127.2331,37.6756],[127.235,37.6739]]]]}},{"type":"Feature","properties":{"c":"4136026200","n":"경기도 남양주시 오남읍","sg":"남양주시","sd":"경기도","p":50285,"a":25.487,"d":1973},"geometry":{"type":"MultiPolygon","coordinates":[[[[127.2461,37.7109],[127.2483,37.7094],[127.2525,37.7089],[127.2596,37.7092],[127.2619,37.7102],[127.2679,37.7108],[127.2722,37.7087],[127.2749,37.7082],[127.2766,37.6987],[127.2712,37.69],[127.2726,37.6864],[127.2721,37.6853],[127.2752,37.6816],[127.2744,37.6807],[127.272,37.6796],[127.2672,37.6816],[127.2597,37.6804],[127.2566,37.6805],[127.2543,37.6784],[127.2482,37.6778],[127.2456,37.6756],[127.2359,37.6738],[127.2256,37.6792],[127.2192,37.6761],[127.217,37.674],[127.2129,37.6735],[127.2097,37.6743],[127.2042,37.678],[127.2008,37.6841],[127.2,37.6869],[127.1987,37.6881],[127.1958,37.6889],[127.1931,37.6884],[127.1892,37.6888],[127.1891,37.6903],[127.187,37.6924],[127.1863,37.6962],[127.1829,37.6976],[127.1824,37.6993],[127.189,37.7082],[127.192,37.7098],[127.1933,37.7128],[127.197,37.7112],[127.1986,37.7098],[127.202,37.7095],[127.2026,37.71],[127.2024,37.7137],[127.205,37.7123],[127.209,37.7117],[127.2103,37.7112],[127.2108,37.7083],[127.2157,37.7059],[127.2209,37.7042],[127.2274,37.7045],[127.2288,37.7057],[127.2287,37.7072],[127.2301,37.7079],[127.2377,37.7069],[127.2442,37.7096],[127.2461,37.7109]]]]}},{"type":"Feature","properties":{"c":"4136031000","n":"경기도 남양주시 별내면","sg":"남양주시","sd":"경기도","p":17696,"a":22.257,"d":795},"geometry":{"type":"MultiPolygon","coordinates":[[[[127.1425,37.7478],[127.1439,37.7465],[127.1469,37.7408],[127.1481,37.7398],[127.1482,37.7348],[127.1543,37.7308],[127.1574,37.7278],[127.156,37.7257],[127.1494,37.7213],[127.1443,37.719],[127.1416,37.7173],[127.1414,37.7093],[127.1426,37.7061],[127.1411,37.703],[127.1412,37.7007],[127.1422,37.6982],[127.1449,37.6972],[127.1451,37.6946],[127.1432,37.6893],[127.1442,37.6852],[127.143,37.6825],[127.141,37.6805],[127.1422,37.677],[127.1422,37.6747],[127.1269,37.6748],[127.1256,37.6759],[127.1246,37.6811],[127.1256,37.6862],[127.1246,37.6869],[127.1196,37.6877],[127.118,37.6886],[127.1128,37.6966],[127.1064,37.6967],[127.1042,37.696],[127.1014,37.69],[127.1,37.689],[127.0959,37.6877],[127.0958,37.6889],[127.095,37.6892],[127.089,37.6898],[127.0849,37.6908],[127.0843,37.694],[127.0811,37.6961],[127.0804,37.6996],[127.0838,37.7017],[127.0912,37.7025],[127.094,37.7038],[127.095,37.7027],[127.0966,37.7022],[127.0991,37.7048],[127.1015,37.7049],[127.1037,37.7072],[127.1071,37.7077],[127.109,37.7086],[127.1093,37.7128],[127.1117,37.7172],[127.1126,37.7178],[127.1166,37.718],[127.1182,37.7208],[127.123,37.7221],[127.1237,37.7229],[127.1241,37.726],[127.1258,37.7275],[127.1256,37.7335],[127.1237,37.735],[127.1237,37.7386],[127.1263,37.7438],[127.129,37.7455],[127.1285,37.7478],[127.1362,37.7493],[127.1383,37.7473],[127.1425,37.7478]]]]}},{"type":"Feature","properties":{"c":"4136026500","n":"경기도 남양주시 퇴계원읍","sg":"남양주시","sd":"경기도","p":26013,"a":3.343,"d":7782},"geometry":{"type":"MultiPolygon","coordinates":[[[[127.1512,37.6634],[127.1478,37.6607],[127.1471,37.6578],[127.1531,37.6497],[127.1527,37.6456],[127.1503,37.6394],[127.1491,37.6399],[127.1463,37.6441],[127.1439,37.6445],[127.1409,37.6463],[127.1334,37.6436],[127.1311,37.6413],[127.1294,37.6414],[127.1287,37.6425],[127.1311,37.6469],[127.1335,37.6496],[127.1359,37.6513],[127.1371,37.6539],[127.1364,37.6549],[127.1403,37.6599],[127.1415,37.6681],[127.1438,37.6707],[127.1482,37.6679],[127.1509,37.6649],[127.1512,37.6634]]]]}},{"type":"Feature","properties":{"c":"4136034000","n":"경기도 남양주시 수동면","sg":"남양주시","sd":"경기도","p":8457,"a":72.746,"d":116},"geometry":{"type":"MultiPolygon","coordinates":[[[[127.3555,37.7237],[127.354,37.7194],[127.3547,37.7166],[127.3534,37.7109],[127.3552,37.7086],[127.3551,37.7072],[127.3534,37.7038],[127.3585,37.6992],[127.3613,37.6938],[127.3708,37.6929],[127.3721,37.6916],[127.3705,37.6904],[127.3655,37.69],[127.3535,37.6829],[127.3518,37.6812],[127.3516,37.6799],[127.3466,37.6758],[127.3331,37.6735],[127.3323,37.6703],[127.3312,37.6697],[127.3279,37.6696],[127.3262,37.668],[127.3245,37.6647],[127.3196,37.6648],[127.3148,37.6674],[127.3133,37.6736],[127.3178,37.6799],[127.3177,37.6835],[127.3211,37.6871],[127.3218,37.6898],[127.317,37.6952],[127.3118,37.6957],[127.3061,37.6976],[127.3019,37.7013],[127.2989,37.7021],[127.2981,37.702],[127.2957,37.6997],[127.2902,37.6983],[127.2853,37.698],[127.2766,37.6987],[127.2749,37.7082],[127.2722,37.7087],[127.2679,37.7108],[127.2619,37.7102],[127.2596,37.7092],[127.2525,37.7089],[127.2483,37.7094],[127.2461,37.7109],[127.2456,37.7127],[127.2465,37.7142],[127.2459,37.7157],[127.2465,37.7196],[127.2519,37.7297],[127.2549,37.7377],[127.2533,37.7396],[127.252,37.7429],[127.2527,37.7488],[127.2563,37.7525],[127.2564,37.7539],[127.2554,37.7561],[127.2564,37.7591],[127.2613,37.7658],[127.2597,37.7684],[127.2604,37.7701],[127.2615,37.7711],[127.261,37.7728],[127.2634,37.7769],[127.2662,37.779],[127.2665,37.7805],[127.2697,37.7788],[127.2729,37.7761],[127.274,37.7741],[127.2819,37.7749],[127.29,37.775],[127.2916,37.776],[127.2931,37.7762],[127.3021,37.7734],[127.3099,37.7683],[127.3153,37.769],[127.3186,37.7672],[127.3237,37.7618],[127.3264,37.7603],[127.3301,37.7558],[127.334,37.7528],[127.3319,37.7511],[127.3311,37.7495],[127.3353,37.7438],[127.3424,37.7378],[127.3434,37.733],[127.3429,37.7294],[127.345,37.7277],[127.3555,37.7237]]]]}},{"type":"Feature","properties":{"c":"4136036000","n":"경기도 남양주시 조안면","sg":"남양주시","sd":"경기도","p":3642,"a":49.632,"d":73},"geometry":{"type":"MultiPolygon","coordinates":[[[[127.3453,37.6109],[127.3415,37.5918],[127.3399,37.5879],[127.3213,37.5584],[127.3117,37.5455],[127.3083,37.5393],[127.3048,37.5254],[127.3071,37.5164],[127.3037,37.5125],[127.2999,37.5097],[127.2924,37.5071],[127.2893,37.507],[127.288,37.5091],[127.2873,37.5152],[127.2864,37.5179],[127.2848,37.5215],[127.2828,37.5236],[127.279,37.5264],[127.2591,37.5356],[127.265,37.5375],[127.2714,37.5445],[127.2715,37.5455],[127.2703,37.5475],[127.2676,37.5488],[127.2662,37.5528],[127.2663,37.554],[127.2678,37.5554],[127.2681,37.5574],[127.2632,37.5587],[127.2574,37.5621],[127.258,37.5688],[127.2567,37.5726],[127.2569,37.5739],[127.2602,37.5779],[127.2641,37.5796],[127.2674,37.5838],[127.2662,37.5871],[127.2685,37.5924],[127.2707,37.5937],[127.2776,37.5916],[127.2832,37.5933],[127.2926,37.6069],[127.2954,37.6076],[127.3001,37.6056],[127.3065,37.6045],[127.3125,37.6074],[127.3124,37.6089],[127.3133,37.6106],[127.3222,37.613],[127.3264,37.612],[127.33,37.6102],[127.3328,37.6096],[127.3354,37.6094],[127.343,37.6111],[127.3453,37.6109]]]]}},{"type":"Feature","properties":{"c":"4136051000","n":"경기도 남양주시 호평동","sg":"남양주시","sd":"경기도","p":55259,"a":9.152,"d":6038},"geometry":{"type":"MultiPolygon","coordinates":[[[[127.272,37.6796],[127.271,37.6784],[127.2687,37.6778],[127.2653,37.6745],[127.2601,37.6634],[127.2651,37.6596],[127.266,37.6568],[127.2652,37.6515],[127.2664,37.6487],[127.263,37.6462],[127.2619,37.6435],[127.2604,37.6424],[127.2565,37.6473],[127.2472,37.6536],[127.2409,37.6538],[127.2397,37.6529],[127.2358,37.6524],[127.2313,37.6591],[127.2279,37.6604],[127.2245,37.6595],[127.2245,37.6621],[127.2254,37.6653],[127.2311,37.6698],[127.235,37.6739],[127.2398,37.6742],[127.2456,37.6756],[127.2482,37.6778],[127.2543,37.6784],[127.2566,37.6805],[127.2597,37.6804],[127.2672,37.6816],[127.272,37.6796]]]]}},{"type":"Feature","properties":{"c":"4136052000","n":"경기도 남양주시 평내동","sg":"남양주시","sd":"경기도","p":37230,"a":7.283,"d":5112},"geometry":{"type":"MultiPolygon","coordinates":[[[[127.2604,37.6424],[127.2582,37.6389],[127.2529,37.6389],[127.249,37.6359],[127.2399,37.6333],[127.2349,37.6334],[127.2339,37.6362],[127.2296,37.6377],[127.2275,37.6395],[127.2228,37.6419],[127.2218,37.6434],[127.2191,37.6456],[127.2176,37.6461],[127.2141,37.6446],[127.2117,37.6442],[127.2132,37.6496],[127.2114,37.6498],[127.2115,37.6514],[127.2123,37.6537],[127.2146,37.655],[127.2228,37.659],[127.2282,37.6604],[127.2315,37.6589],[127.2333,37.6554],[127.2358,37.6524],[127.2397,37.6529],[127.2409,37.6538],[127.2477,37.6534],[127.2565,37.6473],[127.2604,37.6424]]]]}},{"type":"Feature","properties":{"c":"4136053000","n":"경기도 남양주시 금곡동","sg":"남양주시","sd":"경기도","p":16792,"a":6.887,"d":2438},"geometry":{"type":"MultiPolygon","coordinates":[[[[127.2349,37.6334],[127.2295,37.6306],[127.2251,37.6271],[127.2221,37.6237],[127.2165,37.6211],[127.2143,37.6182],[127.2087,37.6198],[127.2049,37.6195],[127.2033,37.6187],[127.2015,37.6193],[127.1997,37.6213],[127.1975,37.6213],[127.1948,37.6238],[127.1953,37.6248],[127.1972,37.6248],[127.1994,37.6304],[127.1938,37.6335],[127.1922,37.6366],[127.1944,37.6408],[127.1989,37.639],[127.2034,37.6387],[127.206,37.6405],[127.2068,37.6437],[127.2124,37.6441],[127.2177,37.6461],[127.2218,37.6434],[127.2228,37.6419],[127.2275,37.6395],[127.2296,37.6377],[127.2339,37.6362],[127.2349,37.6334]]]]}},{"type":"Feature","properties":{"c":"4136054000","n":"경기도 남양주시 양정동","sg":"남양주시","sd":"경기도","p":2070,"a":12.398,"d":167},"geometry":{"type":"MultiPolygon","coordinates":[[[[127.2143,37.6182],[127.2138,37.6155],[127.2094,37.6111],[127.2079,37.6083],[127.206,37.6075],[127.2127,37.5972],[127.2103,37.5908],[127.2024,37.5882],[127.202,37.5895],[127.1986,37.5913],[127.1946,37.5919],[127.1853,37.5917],[127.1831,37.5936],[127.181,37.5937],[127.1806,37.5943],[127.1863,37.5989],[127.1868,37.5998],[127.186,37.6015],[127.1865,37.6023],[127.1862,37.603],[127.1831,37.6024],[127.1785,37.6001],[127.1781,37.6016],[127.1788,37.6043],[127.1769,37.6044],[127.1761,37.6051],[127.1746,37.6048],[127.1743,37.6062],[127.1726,37.6081],[127.1733,37.6086],[127.1729,37.6103],[127.1735,37.6107],[127.1726,37.6118],[127.1732,37.6127],[127.1746,37.6124],[127.1736,37.6138],[127.1746,37.6141],[127.1736,37.6141],[127.1729,37.6152],[127.1708,37.6161],[127.1709,37.6169],[127.1724,37.6181],[127.17,37.6199],[127.167,37.6277],[127.1701,37.6292],[127.1718,37.6294],[127.1729,37.6284],[127.175,37.6283],[127.1816,37.6303],[127.1869,37.6304],[127.1938,37.6335],[127.1994,37.6304],[127.1972,37.6248],[127.1953,37.6248],[127.1947,37.6239],[127.1968,37.6217],[127.1997,37.6213],[127.2015,37.6193],[127.2032,37.6187],[127.2049,37.6195],[127.2087,37.6198],[127.2143,37.6182]]]]}},{"type":"Feature","properties":{"c":"4136056500","n":"경기도 남양주시 다산2동","sg":"남양주시","sd":"경기도","p":36553,"a":5.616,"d":6508},"geometry":{"type":"MultiPolygon","coordinates":[[[[127.1723,37.6125],[127.1732,37.6127],[127.1727,37.6111],[127.1735,37.6107],[127.1729,37.6103],[127.1733,37.6086],[127.1726,37.6081],[127.1743,37.6062],[127.1746,37.6048],[127.1761,37.6051],[127.1769,37.6044],[127.1788,37.6043],[127.1781,37.6016],[127.1785,37.6001],[127.1831,37.6024],[127.1862,37.603],[127.186,37.6007],[127.1868,37.5998],[127.1806,37.5943],[127.181,37.5937],[127.1831,37.5936],[127.1853,37.5917],[127.1834,37.5917],[127.1802,37.5879],[127.1708,37.5809],[127.1655,37.5842],[127.1623,37.5845],[127.1605,37.5866],[127.1619,37.5893],[127.1685,37.5906],[127.1692,37.5921],[127.1686,37.5937],[127.168,37.5942],[127.1629,37.5945],[127.1548,37.5967],[127.151,37.6001],[127.1492,37.604],[127.1568,37.6056],[127.164,37.6095],[127.1723,37.6125]]]]}},{"type":"Feature","properties":{"c":"4136054500","n":"경기도 남양주시 다산1동","sg":"남양주시","sd":"경기도","p":105645,"a":5.495,"d":19226},"geometry":{"type":"MultiPolygon","coordinates":[[[[127.1554,37.6051],[127.1492,37.604],[127.147,37.6151],[127.1433,37.6211],[127.1434,37.6269],[127.1445,37.6291],[127.1485,37.6318],[127.1569,37.6315],[127.157,37.6307],[127.1599,37.6287],[127.1611,37.6296],[127.1618,37.6294],[127.1618,37.6283],[127.1658,37.6284],[127.1668,37.6265],[127.1672,37.627],[127.17,37.6199],[127.1724,37.6181],[127.1709,37.6169],[127.1708,37.6161],[127.1729,37.6152],[127.1736,37.6141],[127.1746,37.6141],[127.1736,37.6138],[127.1746,37.6124],[127.1732,37.6127],[127.1703,37.612],[127.1554,37.6051]]]]}},{"type":"Feature","properties":{"c":"4136057000","n":"경기도 남양주시 별내동","sg":"남양주시","sd":"경기도","p":83032,"a":18.764,"d":4425},"geometry":{"type":"MultiPolygon","coordinates":[[[[127.1422,37.6747],[127.1438,37.6707],[127.1415,37.6681],[127.1403,37.6599],[127.1364,37.6549],[127.1371,37.6539],[127.1359,37.6513],[127.1335,37.6496],[127.1311,37.6469],[127.1287,37.6425],[127.129,37.6417],[127.127,37.6413],[127.1165,37.6434],[127.1154,37.644],[127.112,37.6435],[127.1112,37.6424],[127.1097,37.6425],[127.1066,37.6455],[127.0949,37.6455],[127.0935,37.647],[127.0924,37.6496],[127.0936,37.6533],[127.0928,37.6549],[127.0892,37.655],[127.086,37.6559],[127.0924,37.6581],[127.0944,37.6644],[127.0957,37.672],[127.0936,37.6766],[127.0923,37.6775],[127.0918,37.6792],[127.0928,37.6818],[127.0959,37.6848],[127.0959,37.6877],[127.1,37.689],[127.1014,37.69],[127.1042,37.696],[127.1064,37.6967],[127.1128,37.6966],[127.118,37.6886],[127.1196,37.6877],[127.1246,37.6869],[127.1255,37.6862],[127.1246,37.6813],[127.1249,37.6782],[127.1256,37.6759],[127.1269,37.6748],[127.1422,37.6747]]]]}},{"type":"Feature","properties":{"c":"4137051000","n":"경기도 오산시 중앙동","sg":"오산시","sd":"경기도","p":32775,"a":3.496,"d":9376},"geometry":{"type":"MultiPolygon","coordinates":[[[[127.1009,37.1461],[127.0992,37.1454],[127.0978,37.1474],[127.0882,37.1487],[127.0865,37.1482],[127.085,37.1487],[127.0842,37.1483],[127.0672,37.1491],[127.0674,37.1519],[127.0667,37.1546],[127.0778,37.1623],[127.0789,37.1625],[127.0799,37.1614],[127.0832,37.1617],[127.0838,37.1608],[127.089,37.1605],[127.0916,37.1595],[127.0939,37.1595],[127.098,37.1559],[127.0987,37.1531],[127.0976,37.152],[127.0992,37.1512],[127.1009,37.1461]]]]}},{"type":"Feature","properties":{"c":"4137052300","n":"경기도 오산시 대원1동","sg":"오산시","sd":"경기도","p":44972,"a":2.699,"d":16664},"geometry":{"type":"MultiPolygon","coordinates":[[[[127.0781,37.1488],[127.0784,37.1308],[127.0793,37.1282],[127.0749,37.1264],[127.0741,37.1255],[127.0711,37.1256],[127.069,37.1282],[127.0668,37.1267],[127.0659,37.1298],[127.0664,37.1312],[127.065,37.1312],[127.0672,37.1491],[127.0781,37.1488]]]]}},{"type":"Feature","properties":{"c":"4137053000","n":"경기도 오산시 남촌동","sg":"오산시","sd":"경기도","p":32001,"a":5.947,"d":5381},"geometry":{"type":"MultiPolygon","coordinates":[[[[127.0667,37.1546],[127.0674,37.1519],[127.0651,37.1319],[127.0608,37.1323],[127.0581,37.132],[127.0557,37.1335],[127.0591,37.1353],[127.062,37.1383],[127.0628,37.1495],[127.0597,37.1506],[127.0568,37.1487],[127.0562,37.1478],[127.0528,37.1474],[127.0492,37.1503],[127.0482,37.1538],[127.0493,37.1563],[127.0448,37.1564],[127.0288,37.155],[127.0305,37.156],[127.0298,37.1588],[127.027,37.1607],[127.0281,37.1631],[127.024,37.1653],[127.0371,37.17],[127.0396,37.1685],[127.0419,37.1684],[127.0421,37.1673],[127.0437,37.1669],[127.0443,37.1677],[127.0468,37.1684],[127.0485,37.1682],[127.0498,37.1673],[127.0531,37.1666],[127.0535,37.1658],[127.0556,37.1655],[127.0572,37.1634],[127.0596,37.1623],[127.0637,37.159],[127.0658,37.1584],[127.0667,37.1546]]]]}},{"type":"Feature","properties":{"c":"4137054300","n":"경기도 오산시 신장1동","sg":"오산시","sd":"경기도","p":35328,"a":3.527,"d":10017},"geometry":{"type":"MultiPolygon","coordinates":[[[[127.0478,37.1831],[127.058,37.1766],[127.0616,37.1732],[127.0629,37.1705],[127.0658,37.1584],[127.0637,37.159],[127.0596,37.1623],[127.0572,37.1634],[127.0556,37.1655],[127.0535,37.1658],[127.0524,37.167],[127.0468,37.1684],[127.0443,37.1677],[127.0437,37.1669],[127.0421,37.1673],[127.0419,37.1684],[127.0396,37.1685],[127.0371,37.17],[127.0383,37.1734],[127.0375,37.1766],[127.0361,37.1779],[127.0367,37.1792],[127.0395,37.1807],[127.0417,37.181],[127.042,37.1825],[127.0467,37.1821],[127.0478,37.1831]]]]}},{"type":"Feature","properties":{"c":"4137055000","n":"경기도 오산시 세마동","sg":"오산시","sd":"경기도","p":31891,"a":13.579,"d":2349},"geometry":{"type":"MultiPolygon","coordinates":[[[[127.0425,37.1976],[127.0461,37.1963],[127.0496,37.1959],[127.052,37.1971],[127.0567,37.1972],[127.0615,37.1994],[127.065,37.1977],[127.066,37.1957],[127.0656,37.1922],[127.0686,37.1906],[127.0681,37.1891],[127.0653,37.1864],[127.0619,37.1867],[127.0606,37.1874],[127.0526,37.1839],[127.0505,37.184],[127.0478,37.1831],[127.0467,37.1821],[127.042,37.1825],[127.0417,37.181],[127.0395,37.1807],[127.0367,37.1792],[127.0361,37.1779],[127.0375,37.1766],[127.0383,37.1734],[127.0371,37.17],[127.024,37.1653],[127.0166,37.1678],[127.0124,37.1676],[127.0065,37.1681],[127.0001,37.1736],[126.9953,37.175],[126.9952,37.1773],[126.9965,37.1785],[126.9998,37.1776],[127.0046,37.1804],[127.0046,37.1815],[127.0024,37.182],[127.0078,37.187],[127.0098,37.1924],[127.0119,37.1942],[127.0175,37.1955],[127.0241,37.1978],[127.0267,37.2004],[127.0369,37.1999],[127.0387,37.1983],[127.0425,37.1976]]]]}},{"type":"Feature","properties":{"c":"4137056000","n":"경기도 오산시 초평동","sg":"오산시","sd":"경기도","p":30730,"a":6.364,"d":4829},"geometry":{"type":"MultiPolygon","coordinates":[[[[127.0557,37.1335],[127.0533,37.1319],[127.0523,37.1296],[127.0487,37.1299],[127.0453,37.1293],[127.0456,37.1263],[127.0412,37.1289],[127.038,37.1322],[127.0378,37.1346],[127.0385,37.1358],[127.0356,37.136],[127.0345,37.1372],[127.0309,37.1444],[127.0298,37.1453],[127.0301,37.1495],[127.0279,37.1527],[127.0278,37.1538],[127.0288,37.155],[127.0448,37.1564],[127.0493,37.1563],[127.0482,37.1538],[127.0492,37.1503],[127.0528,37.1474],[127.0562,37.1478],[127.0568,37.1487],[127.0597,37.1506],[127.0628,37.1495],[127.062,37.1383],[127.0591,37.1353],[127.0557,37.1335]]]]}},{"type":"Feature","properties":{"c":"4139051000","n":"경기도 시흥시 대야동","sg":"시흥시","sd":"경기도","p":41725,"a":9.456,"d":4413},"geometry":{"type":"MultiPolygon","coordinates":[[[[126.8011,37.4637],[126.8009,37.4629],[126.8024,37.4627],[126.8041,37.4615],[126.8089,37.4621],[126.8115,37.4599],[126.8118,37.4589],[126.8127,37.4592],[126.8133,37.4587],[126.8132,37.4599],[126.8155,37.461],[126.8177,37.4592],[126.8197,37.4595],[126.8209,37.4586],[126.8232,37.4583],[126.8235,37.4544],[126.8242,37.4539],[126.8236,37.452],[126.825,37.4511],[126.8242,37.4496],[126.8257,37.4471],[126.8231,37.4444],[126.8231,37.4434],[126.824,37.4423],[126.8212,37.4416],[126.8195,37.4396],[126.8087,37.4381],[126.8106,37.4436],[126.8067,37.4482],[126.8015,37.4469],[126.7941,37.4429],[126.7929,37.4407],[126.7935,37.4387],[126.7888,37.439],[126.7869,37.4397],[126.7876,37.441],[126.7789,37.4487],[126.7783,37.4508],[126.7798,37.4544],[126.7783,37.4551],[126.7774,37.4575],[126.7798,37.4658],[126.7794,37.4684],[126.778,37.47],[126.7782,37.4718],[126.7805,37.4715],[126.7843,37.4724],[126.7852,37.4701],[126.7879,37.4693],[126.7878,37.4668],[126.7893,37.4657],[126.7925,37.4653],[126.7948,37.4657],[126.7965,37.464],[126.7988,37.4645],[126.8011,37.4637]]]]}},{"type":"Feature","properties":{"c":"4139052000","n":"경기도 시흥시 신천동","sg":"시흥시","sd":"경기도","p":32012,"a":3.427,"d":9340},"geometry":{"type":"MultiPolygon","coordinates":[[[[126.7783,37.4508],[126.7789,37.4487],[126.7876,37.441],[126.7869,37.4397],[126.7895,37.4389],[126.7935,37.4387],[126.7931,37.4354],[126.7938,37.4348],[126.7916,37.4282],[126.7896,37.4282],[126.7874,37.4296],[126.7768,37.4313],[126.7704,37.429],[126.7713,37.4314],[126.7713,37.4352],[126.7688,37.4429],[126.7707,37.4485],[126.7717,37.4503],[126.7783,37.4508]]]]}},{"type":"Feature","properties":{"c":"4139053100","n":"경기도 시흥시 신현동","sg":"시흥시","sd":"경기도","p":8734,"a":13.497,"d":647},"geometry":{"type":"MultiPolygon","coordinates":[[[[126.7916,37.4282],[126.7912,37.4264],[126.7931,37.4239],[126.803,37.4233],[126.8031,37.4205],[126.7951,37.4129],[126.7893,37.4083],[126.7893,37.4068],[126.7873,37.407],[126.7862,37.4027],[126.7889,37.4011],[126.7899,37.3962],[126.7847,37.3917],[126.7813,37.3936],[126.777,37.3918],[126.7734,37.3938],[126.7731,37.3952],[126.7658,37.3947],[126.7651,37.3956],[126.7653,37.3972],[126.7617,37.3989],[126.7545,37.3997],[126.7508,37.3984],[126.7491,37.3985],[126.7438,37.4004],[126.7458,37.4012],[126.7506,37.4076],[126.7506,37.4098],[126.7522,37.4145],[126.7533,37.4169],[126.7551,37.4181],[126.7537,37.4225],[126.7587,37.426],[126.7597,37.4265],[126.7638,37.4258],[126.7674,37.4266],[126.769,37.4273],[126.7704,37.429],[126.7768,37.4313],[126.7874,37.4296],[126.7896,37.4282],[126.7916,37.4282]]]]}},{"type":"Feature","properties":{"c":"4139054000","n":"경기도 시흥시 은행동","sg":"시흥시","sd":"경기도","p":57470,"a":6.382,"d":9005},"geometry":{"type":"MultiPolygon","coordinates":[[[[126.822,37.4418],[126.826,37.4357],[126.8254,37.4287],[126.8234,37.4265],[126.8218,37.4256],[126.8175,37.4247],[126.8151,37.4235],[126.8165,37.4203],[126.8107,37.419],[126.8074,37.4214],[126.8036,37.4213],[126.8031,37.4205],[126.8032,37.4232],[126.8021,37.4236],[126.797,37.4239],[126.7947,37.4234],[126.7931,37.4239],[126.7912,37.4265],[126.7938,37.4348],[126.7931,37.4354],[126.7935,37.4387],[126.7929,37.4407],[126.7941,37.4429],[126.8015,37.4469],[126.8067,37.4482],[126.8106,37.4436],[126.8087,37.4381],[126.8179,37.4391],[126.8199,37.4398],[126.8209,37.4414],[126.822,37.4418]]]]}},{"type":"Feature","properties":{"c":"4139055000","n":"경기도 시흥시 매화동","sg":"시흥시","sd":"경기도","p":10888,"a":10.827,"d":1006},"geometry":{"type":"MultiPolygon","coordinates":[[[[126.8502,37.4036],[126.8486,37.4016],[126.8502,37.4],[126.8498,37.398],[126.8486,37.3976],[126.8489,37.3903],[126.8483,37.3894],[126.8435,37.3886],[126.835,37.3909],[126.8322,37.3894],[126.8283,37.3887],[126.8253,37.3899],[126.8223,37.389],[126.82,37.3917],[126.8179,37.396],[126.8184,37.3985],[126.8158,37.4025],[126.8095,37.4036],[126.8099,37.4051],[126.8024,37.4107],[126.7939,37.4041],[126.7893,37.4068],[126.7893,37.4083],[126.7977,37.4152],[126.8036,37.4213],[126.8074,37.4214],[126.8107,37.419],[126.8132,37.4193],[126.8165,37.4203],[126.8151,37.4235],[126.8171,37.4244],[126.821,37.4246],[126.8265,37.4223],[126.8294,37.417],[126.8331,37.4123],[126.8399,37.4083],[126.8399,37.4075],[126.8416,37.4062],[126.8459,37.407],[126.8502,37.4036]]]]}},{"type":"Feature","properties":{"c":"4139057000","n":"경기도 시흥시 목감동","sg":"시흥시","sd":"경기도","p":40587,"a":17.938,"d":2263},"geometry":{"type":"MultiPolygon","coordinates":[[[[126.877,37.4021],[126.8776,37.3971],[126.8761,37.3947],[126.8779,37.3873],[126.8819,37.3762],[126.8732,37.3685],[126.8716,37.3659],[126.8648,37.3615],[126.8566,37.3611],[126.8545,37.3603],[126.8503,37.362],[126.8498,37.3636],[126.8483,37.3651],[126.8433,37.3633],[126.8408,37.3637],[126.8396,37.3629],[126.8316,37.3617],[126.8276,37.3642],[126.8264,37.3641],[126.8256,37.3632],[126.8237,37.3631],[126.82,37.3674],[126.82,37.3685],[126.8207,37.3707],[126.8252,37.3725],[126.8258,37.3747],[126.8253,37.3769],[126.8221,37.3788],[126.8222,37.3811],[126.8238,37.3846],[126.8252,37.3847],[126.8267,37.3863],[126.8223,37.389],[126.8253,37.3899],[126.8283,37.3887],[126.8322,37.3894],[126.835,37.3909],[126.8435,37.3886],[126.8483,37.3894],[126.8489,37.3903],[126.8486,37.3976],[126.8498,37.398],[126.8502,37.4],[126.8486,37.4018],[126.8502,37.4036],[126.8537,37.4055],[126.8577,37.4022],[126.8593,37.4018],[126.8657,37.4016],[126.8706,37.4022],[126.875,37.4016],[126.877,37.4021]]]]}},{"type":"Feature","properties":{"c":"4139062100","n":"경기도 시흥시 과림동","sg":"시흥시","sd":"경기도","p":1704,"a":7.929,"d":215},"geometry":{"type":"MultiPolygon","coordinates":[[[[126.8388,37.4557],[126.8381,37.4529],[126.8378,37.4369],[126.8397,37.4366],[126.8417,37.4344],[126.8419,37.4338],[126.8406,37.4331],[126.84,37.4317],[126.8419,37.4279],[126.8419,37.4264],[126.8455,37.4229],[126.8446,37.421],[126.8463,37.4125],[126.8471,37.4114],[126.8528,37.4083],[126.8538,37.4057],[126.8502,37.4036],[126.8459,37.407],[126.8416,37.4062],[126.8399,37.4075],[126.8399,37.4083],[126.8331,37.4123],[126.8294,37.417],[126.8265,37.4223],[126.821,37.4246],[126.8171,37.4244],[126.8234,37.4265],[126.8254,37.4287],[126.826,37.4357],[126.822,37.4418],[126.824,37.4423],[126.8231,37.4434],[126.8231,37.4444],[126.8257,37.4471],[126.8242,37.4496],[126.825,37.4511],[126.8236,37.452],[126.8242,37.4539],[126.8235,37.4544],[126.8232,37.4583],[126.8238,37.4592],[126.8254,37.459],[126.8285,37.4596],[126.8293,37.4578],[126.8322,37.459],[126.8331,37.4604],[126.8363,37.4581],[126.8376,37.4584],[126.8384,37.4573],[126.837,37.456],[126.8388,37.4557]]]]}},{"type":"Feature","properties":{"c":"4139065000","n":"경기도 시흥시 거북섬동","sg":"시흥시","sd":"경기도","p":12105,"a":6.414,"d":1887},"geometry":{"type":"MultiPolygon","coordinates":[[[[126.7018,37.3285],[126.724,37.3147],[126.7172,37.3075],[126.7061,37.3104],[126.6924,37.319],[126.6814,37.3201],[126.6805,37.3195],[126.6772,37.3201],[126.6773,37.3215],[126.676,37.3218],[126.6753,37.3238],[126.6711,37.3299],[126.6915,37.3359],[126.6919,37.3347],[126.7018,37.3285]]]]}},{"type":"Feature","properties":{"c":"4139059300","n":"경기도 시흥시 정왕3동","sg":"시흥시","sd":"경기도","p":21150,"a":6.129,"d":3451},"geometry":{"type":"MultiPolygon","coordinates":[[[[126.729,37.3565],[126.7018,37.3285],[126.6919,37.3347],[126.6911,37.3392],[126.6856,37.3409],[126.6884,37.3489],[126.6929,37.3483],[126.7015,37.3507],[126.7007,37.3516],[126.7011,37.3519],[126.7025,37.3509],[126.7064,37.353],[126.7082,37.3563],[126.7118,37.3588],[126.7143,37.3571],[126.7214,37.3612],[126.729,37.3565]]]]}},{"type":"Feature","properties":{"c":"4139059400","n":"경기도 시흥시 정왕4동","sg":"시흥시","sd":"경기도","p":19100,"a":0.993,"d":19232},"geometry":{"type":"MultiPolygon","coordinates":[[[[126.7218,37.361],[126.7342,37.3681],[126.7403,37.3661],[126.7362,37.3601],[126.7341,37.3612],[126.729,37.3565],[126.7218,37.361]]]]}},{"type":"Feature","properties":{"c":"4139058900","n":"경기도 시흥시 정왕본동","sg":"시흥시","sd":"경기도","p":17088,"a":8.61,"d":1985},"geometry":{"type":"MultiPolygon","coordinates":[[[[126.7661,37.361],[126.7654,37.3594],[126.7656,37.353],[126.768,37.351],[126.768,37.3499],[126.7668,37.3484],[126.768,37.3427],[126.7706,37.3404],[126.7682,37.3394],[126.7639,37.3416],[126.7615,37.3415],[126.7598,37.3409],[126.7581,37.3385],[126.7394,37.3501],[126.7407,37.3515],[126.737,37.354],[126.7361,37.3597],[126.7403,37.3661],[126.7342,37.3683],[126.7366,37.3699],[126.7393,37.3738],[126.7396,37.3763],[126.7566,37.3749],[126.7616,37.373],[126.7635,37.3704],[126.765,37.3663],[126.7627,37.3658],[126.7628,37.3637],[126.765,37.361],[126.7661,37.361]]]]}},{"type":"Feature","properties":{"c":"4139059100","n":"경기도 시흥시 정왕1동","sg":"시흥시","sd":"경기도","p":20961,"a":6.671,"d":3142},"geometry":{"type":"MultiPolygon","coordinates":[[[[126.7394,37.3501],[126.7581,37.3385],[126.7496,37.3334],[126.7477,37.3248],[126.7466,37.3247],[126.7385,37.3297],[126.724,37.3147],[126.712,37.3223],[126.739,37.3503],[126.7394,37.3501]]]]}},{"type":"Feature","properties":{"c":"4139064000","n":"경기도 시흥시 능곡동","sg":"시흥시","sd":"경기도","p":25911,"a":4.129,"d":6275},"geometry":{"type":"MultiPolygon","coordinates":[[[[126.8222,37.3714],[126.8207,37.3707],[126.82,37.3674],[126.8237,37.3631],[126.8186,37.3597],[126.8167,37.3577],[126.8089,37.3551],[126.8058,37.3535],[126.8031,37.3531],[126.7953,37.3551],[126.7951,37.3568],[126.7969,37.3586],[126.7973,37.3671],[126.7984,37.3682],[126.8038,37.369],[126.8083,37.3684],[126.8089,37.3705],[126.8087,37.3757],[126.8096,37.3773],[126.8144,37.379],[126.8144,37.3777],[126.8165,37.3774],[126.8222,37.3714]]]]}},{"type":"Feature","properties":{"c":"4139058100","n":"경기도 시흥시 군자동","sg":"시흥시","sd":"경기도","p":20971,"a":7.419,"d":2827},"geometry":{"type":"MultiPolygon","coordinates":[[[[126.7913,37.3678],[126.7916,37.3672],[126.7972,37.3657],[126.7969,37.3586],[126.7951,37.3568],[126.7953,37.3551],[126.7916,37.3525],[126.7908,37.3504],[126.7905,37.348],[126.7921,37.3431],[126.7874,37.3386],[126.7841,37.3375],[126.784,37.3386],[126.7828,37.3401],[126.7792,37.3407],[126.7764,37.342],[126.7739,37.3407],[126.7706,37.3404],[126.768,37.3427],[126.7668,37.3484],[126.768,37.3499],[126.768,37.351],[126.7656,37.353],[126.7654,37.3594],[126.7661,37.361],[126.7674,37.3614],[126.7671,37.3641],[126.7759,37.3686],[126.7779,37.3684],[126.7812,37.3694],[126.7825,37.3704],[126.7824,37.3716],[126.7838,37.3722],[126.7868,37.369],[126.7906,37.3691],[126.7913,37.3678]]]]}},{"type":"Feature","properties":{"c":"4139058200","n":"경기도 시흥시 월곶동","sg":"시흥시","sd":"경기도","p":17570,"a":9.514,"d":1847},"geometry":{"type":"MultiPolygon","coordinates":[[[[126.7734,37.3938],[126.7725,37.3782],[126.7752,37.3776],[126.7838,37.3722],[126.7824,37.3716],[126.7825,37.3704],[126.7812,37.3694],[126.7779,37.3684],[126.7759,37.3686],[126.7671,37.3641],[126.7674,37.3614],[126.765,37.361],[126.7628,37.3637],[126.7627,37.3658],[126.765,37.3663],[126.764,37.3692],[126.7616,37.373],[126.76,37.3739],[126.7566,37.3749],[126.7396,37.3763],[126.7406,37.3803],[126.7457,37.3875],[126.745,37.3885],[126.7421,37.3846],[126.7398,37.3855],[126.7406,37.3869],[126.7374,37.3882],[126.735,37.3871],[126.7335,37.389],[126.7345,37.392],[126.7367,37.3944],[126.7365,37.3954],[126.7438,37.4004],[126.7491,37.3985],[126.7508,37.3984],[126.7545,37.3997],[126.7617,37.3989],[126.7653,37.3972],[126.7651,37.3956],[126.7658,37.3947],[126.7728,37.3952],[126.7734,37.3938]]]]}},{"type":"Feature","properties":{"c":"4139063000","n":"경기도 시흥시 연성동","sg":"시흥시","sd":"경기도","p":23506,"a":10.41,"d":2258},"geometry":{"type":"MultiPolygon","coordinates":[[[[126.8223,37.389],[126.8267,37.3863],[126.8252,37.3847],[126.8238,37.3846],[126.8222,37.3811],[126.8221,37.3788],[126.8253,37.3769],[126.8258,37.3747],[126.8252,37.3725],[126.8222,37.3714],[126.8165,37.3774],[126.8144,37.3777],[126.8144,37.379],[126.8096,37.3773],[126.8087,37.3757],[126.8089,37.3705],[126.8083,37.3684],[126.8038,37.369],[126.7984,37.3682],[126.7973,37.3671],[126.7972,37.3657],[126.7916,37.3672],[126.7913,37.3678],[126.7935,37.3726],[126.7933,37.3765],[126.7922,37.3819],[126.7891,37.3883],[126.7905,37.3921],[126.7916,37.3929],[126.7893,37.3956],[126.7899,37.3962],[126.7889,37.4011],[126.7862,37.4027],[126.7873,37.407],[126.7893,37.4068],[126.7939,37.4041],[126.8024,37.4107],[126.8099,37.4051],[126.8095,37.4036],[126.8158,37.4025],[126.8184,37.3985],[126.8179,37.396],[126.82,37.3917],[126.8223,37.389]]]]}},{"type":"Feature","properties":{"c":"4139063100","n":"경기도 시흥시 장곡동","sg":"시흥시","sd":"경기도","p":46706,"a":3.746,"d":12470},"geometry":{"type":"MultiPolygon","coordinates":[[[[126.7913,37.3678],[126.7906,37.3691],[126.7868,37.369],[126.7838,37.3722],[126.7752,37.3776],[126.7725,37.3782],[126.7734,37.3938],[126.777,37.3918],[126.7813,37.3936],[126.7847,37.3917],[126.7893,37.3956],[126.7906,37.3943],[126.7916,37.3929],[126.7905,37.3921],[126.7891,37.388],[126.7922,37.3819],[126.7935,37.3746],[126.7933,37.3716],[126.7913,37.3678]]]]}},{"type":"Feature","properties":{"c":"4141051000","n":"경기도 군포시 군포1동","sg":"군포시","sd":"경기도","p":29966,"a":3.335,"d":8986},"geometry":{"type":"MultiPolygon","coordinates":[[[[126.9621,37.3616],[126.9605,37.3564],[126.9624,37.3553],[126.9594,37.3506],[126.9596,37.3482],[126.9582,37.3472],[126.9576,37.3443],[126.9544,37.3411],[126.9513,37.3418],[126.9486,37.3398],[126.9479,37.3312],[126.9479,37.3416],[126.9484,37.3453],[126.9496,37.347],[126.9502,37.3502],[126.9496,37.3507],[126.937,37.3512],[126.9401,37.3565],[126.9426,37.3587],[126.9455,37.3587],[126.9462,37.3599],[126.9485,37.3602],[126.9539,37.3663],[126.957,37.366],[126.9621,37.3616]]]]}},{"type":"Feature","properties":{"c":"4141054000","n":"경기도 군포시 산본1동","sg":"군포시","sd":"경기도","p":14128,"a":0.741,"d":19067},"geometry":{"type":"MultiPolygon","coordinates":[[[[126.9453,37.377],[126.9447,37.3763],[126.9458,37.374],[126.9427,37.3728],[126.9435,37.371],[126.9428,37.3691],[126.9392,37.3667],[126.9348,37.3732],[126.9349,37.377],[126.9401,37.3759],[126.9412,37.3768],[126.9408,37.3791],[126.9453,37.377]]]]}},{"type":"Feature","properties":{"c":"4141055000","n":"경기도 군포시 산본2동","sg":"군포시","sd":"경기도","p":24545,"a":1.204,"d":20391},"geometry":{"type":"MultiPolygon","coordinates":[[[[126.9349,37.377],[126.9348,37.3732],[126.9392,37.3667],[126.9372,37.3643],[126.9336,37.364],[126.932,37.362],[126.93,37.3644],[126.933,37.3668],[126.9325,37.3676],[126.923,37.3746],[126.9214,37.3765],[126.9269,37.3776],[126.9349,37.377]]]]}},{"type":"Feature","properties":{"c":"4141056000","n":"경기도 군포시 금정동","sg":"군포시","sd":"경기도","p":18440,"a":1.146,"d":16091},"geometry":{"type":"MultiPolygon","coordinates":[[[[126.9456,37.3591],[126.9415,37.3625],[126.9383,37.3628],[126.9372,37.3643],[126.9392,37.3667],[126.9428,37.3691],[126.9435,37.371],[126.9427,37.3728],[126.9456,37.3738],[126.9471,37.37],[126.9503,37.3674],[126.9539,37.3663],[126.9485,37.3602],[126.9462,37.3599],[126.9456,37.3591]]],[[[126.9467,37.3757],[126.9458,37.374],[126.9447,37.3763],[126.9453,37.377],[126.9467,37.3757]]]]}},{"type":"Feature","properties":{"c":"4141057000","n":"경기도 군포시 재궁동","sg":"군포시","sd":"경기도","p":16784,"a":0.865,"d":19413},"geometry":{"type":"MultiPolygon","coordinates":[[[[126.9456,37.3591],[126.9439,37.3584],[126.9426,37.3587],[126.9401,37.3565],[126.9369,37.3511],[126.9318,37.357],[126.9348,37.3586],[126.932,37.362],[126.9336,37.364],[126.9372,37.3643],[126.9383,37.3628],[126.9415,37.3625],[126.9456,37.3591]]]]}},{"type":"Feature","properties":{"c":"4141058000","n":"경기도 군포시 오금동","sg":"군포시","sd":"경기도","p":19432,"a":1.02,"d":19053},"geometry":{"type":"MultiPolygon","coordinates":[[[[126.9369,37.3511],[126.9334,37.349],[126.929,37.3435],[126.9286,37.3414],[126.9271,37.3404],[126.9244,37.3412],[126.9247,37.3456],[126.9262,37.3515],[126.9269,37.3536],[126.9288,37.3554],[126.9318,37.357],[126.9369,37.3511]]]]}},{"type":"Feature","properties":{"c":"4141059000","n":"경기도 군포시 수리동","sg":"군포시","sd":"경기도","p":14753,"a":2.82,"d":5231},"geometry":{"type":"MultiPolygon","coordinates":[[[[126.9244,37.3579],[126.9269,37.3536],[126.9247,37.3456],[126.9244,37.3412],[126.9229,37.3406],[126.9159,37.3413],[126.9093,37.3454],[126.9101,37.3522],[126.9055,37.3588],[126.907,37.3597],[126.9184,37.3596],[126.9244,37.3579]]]]}},{"type":"Feature","properties":{"c":"4141060000","n":"경기도 군포시 궁내동","sg":"군포시","sd":"경기도","p":19206,"a":1.626,"d":11811},"geometry":{"type":"MultiPolygon","coordinates":[[[[126.9244,37.3579],[126.9184,37.3596],[126.907,37.3597],[126.9083,37.3634],[126.9116,37.3678],[126.9138,37.3728],[126.9216,37.366],[126.923,37.3661],[126.9255,37.3646],[126.929,37.3604],[126.9244,37.3579]]]]}},{"type":"Feature","properties":{"c":"4141062000","n":"경기도 군포시 광정동","sg":"군포시","sd":"경기도","p":22782,"a":1.746,"d":13051},"geometry":{"type":"MultiPolygon","coordinates":[[[[126.9214,37.3765],[126.923,37.3746],[126.927,37.3721],[126.933,37.3669],[126.93,37.3644],[126.9348,37.3586],[126.9288,37.3554],[126.9269,37.3536],[126.9244,37.3579],[126.929,37.3604],[126.9255,37.3646],[126.923,37.3661],[126.9216,37.366],[126.9138,37.3728],[126.9148,37.3754],[126.9167,37.3759],[126.9175,37.3768],[126.9214,37.3765]]]]}},{"type":"Feature","properties":{"c":"4143051000","n":"경기도 의왕시 고천동","sg":"의왕시","sd":"경기도","p":17759,"a":8.922,"d":1990},"geometry":{"type":"MultiPolygon","coordinates":[[[[127.0169,37.3537],[127.0188,37.3516],[127.0185,37.3504],[127.0146,37.3492],[127.0133,37.3478],[127.0126,37.3451],[127.0109,37.3432],[127.0091,37.3388],[127.0065,37.3386],[127.0061,37.3381],[127.0005,37.3385],[126.9914,37.334],[126.9871,37.3294],[126.982,37.3267],[126.9809,37.3266],[126.9767,37.3285],[126.9712,37.3318],[126.972,37.334],[126.9708,37.3366],[126.9688,37.3383],[126.9646,37.3403],[126.9642,37.3425],[126.9628,37.3443],[126.9582,37.3472],[126.9596,37.3482],[126.9594,37.3506],[126.9624,37.3553],[126.9631,37.3555],[126.9648,37.3553],[126.9681,37.3535],[126.9702,37.3538],[126.9721,37.3515],[126.9749,37.3498],[126.9806,37.3494],[126.9848,37.3498],[126.9865,37.3505],[126.9919,37.3505],[126.9928,37.3516],[126.9965,37.3532],[126.9989,37.3531],[127.0007,37.3523],[127.0068,37.3532],[127.0136,37.3529],[127.0169,37.3537]]]]}},{"type":"Feature","properties":{"c":"4143052000","n":"경기도 의왕시 부곡동","sg":"의왕시","sd":"경기도","p":28515,"a":11.228,"d":2540},"geometry":{"type":"MultiPolygon","coordinates":[[[[126.9712,37.3318],[126.9669,37.3241],[126.97,37.3169],[126.9677,37.3159],[126.9667,37.313],[126.9663,37.3082],[126.964,37.3044],[126.9611,37.302],[126.9543,37.3031],[126.9529,37.3021],[126.9523,37.3006],[126.9416,37.301],[126.9347,37.3031],[126.933,37.303],[126.9314,37.304],[126.9305,37.3052],[126.9304,37.3071],[126.9324,37.3074],[126.933,37.3084],[126.9303,37.3128],[126.9296,37.317],[126.9322,37.3184],[126.9356,37.3217],[126.9371,37.3223],[126.9388,37.3224],[126.9407,37.3212],[126.9451,37.3203],[126.9474,37.327],[126.9486,37.3398],[126.9513,37.3418],[126.9544,37.3411],[126.9576,37.3443],[126.9582,37.3472],[126.9628,37.3443],[126.9642,37.3425],[126.9646,37.3403],[126.9688,37.3383],[126.9708,37.3366],[126.972,37.334],[126.9712,37.3318]]]]}},{"type":"Feature","properties":{"c":"4143053000","n":"경기도 의왕시 오전동","sg":"의왕시","sd":"경기도","p":32590,"a":7.459,"d":4369},"geometry":{"type":"MultiPolygon","coordinates":[[[[127.0161,37.3566],[127.0169,37.3537],[127.0136,37.3529],[127.0068,37.3532],[127.0007,37.3523],[126.9989,37.3531],[126.9965,37.3532],[126.9928,37.3516],[126.9919,37.3505],[126.9865,37.3505],[126.9848,37.3498],[126.9806,37.3494],[126.9749,37.3498],[126.9721,37.3515],[126.9702,37.3538],[126.9681,37.3535],[126.9648,37.3553],[126.9624,37.3553],[126.9605,37.3564],[126.962,37.3615],[126.9662,37.3625],[126.9643,37.3651],[126.9654,37.3674],[126.9658,37.3728],[126.9671,37.3728],[126.9702,37.3711],[126.9723,37.3712],[126.974,37.3706],[126.9744,37.3696],[126.9766,37.3681],[126.9784,37.3693],[126.9815,37.3733],[126.9844,37.374],[126.9864,37.3701],[126.9873,37.3693],[126.9906,37.3695],[126.9951,37.3632],[127.0001,37.3629],[127.0034,37.3618],[127.0093,37.3586],[127.0161,37.3566]]]]}},{"type":"Feature","properties":{"c":"4143054000","n":"경기도 의왕시 내손1동","sg":"의왕시","sd":"경기도","p":19500,"a":1.943,"d":10039},"geometry":{"type":"MultiPolygon","coordinates":[[[[126.9886,37.3796],[126.9872,37.375],[126.9816,37.3734],[126.9784,37.3693],[126.9766,37.3681],[126.9744,37.3696],[126.974,37.3706],[126.9723,37.3712],[126.9702,37.3711],[126.9671,37.3728],[126.9658,37.3728],[126.9722,37.3813],[126.9728,37.3868],[126.9742,37.3885],[126.9788,37.3808],[126.9845,37.3796],[126.9886,37.3796]]]]}},{"type":"Feature","properties":{"c":"4143055000","n":"경기도 의왕시 내손2동","sg":"의왕시","sd":"경기도","p":29803,"a":1.442,"d":20665},"geometry":{"type":"MultiPolygon","coordinates":[[[[126.9886,37.3796],[126.9845,37.3796],[126.9788,37.3808],[126.9742,37.3885],[126.9789,37.3924],[126.981,37.3932],[126.9818,37.3944],[126.9859,37.3919],[126.9882,37.3891],[126.9864,37.3876],[126.9892,37.3844],[126.9901,37.3811],[126.9886,37.3796]]]]}},{"type":"Feature","properties":{"c":"4143056000","n":"경기도 의왕시 청계동","sg":"의왕시","sd":"경기도","p":37534,"a":23.095,"d":1625},"geometry":{"type":"MultiPolygon","coordinates":[[[[127.0468,37.4136],[127.0468,37.4108],[127.0428,37.4082],[127.0424,37.4072],[127.0435,37.4036],[127.0407,37.4023],[127.0385,37.402],[127.0374,37.4011],[127.0382,37.3985],[127.0387,37.3911],[127.037,37.3894],[127.0354,37.3888],[127.0315,37.3812],[127.0297,37.3793],[127.0289,37.3792],[127.0274,37.3768],[127.0271,37.3754],[127.028,37.372],[127.0275,37.3697],[127.0256,37.3677],[127.0234,37.3633],[127.0182,37.3603],[127.0161,37.3566],[127.0093,37.3586],[127.0034,37.3618],[127.0001,37.3629],[126.9951,37.3632],[126.9906,37.3695],[126.9873,37.3693],[126.9843,37.3734],[126.9844,37.374],[126.9872,37.375],[126.9886,37.3796],[126.9901,37.3811],[126.9892,37.3844],[126.9864,37.3876],[126.9882,37.3891],[126.9859,37.3919],[126.9837,37.3928],[126.9795,37.3959],[126.9822,37.3988],[126.9858,37.4066],[126.9883,37.4079],[126.9902,37.408],[126.992,37.4077],[126.9948,37.4052],[126.9998,37.4046],[127.0021,37.4071],[127.0041,37.4078],[127.0086,37.4122],[127.0181,37.4132],[127.0212,37.4124],[127.0283,37.4121],[127.0349,37.4141],[127.0379,37.4139],[127.0417,37.4156],[127.0468,37.4136]]]]}},{"type":"Feature","properties":{"c":"4145051000","n":"경기도 하남시 천현동","sg":"하남시","sd":"경기도","p":5689,"a":35.149,"d":162},"geometry":{"type":"MultiPolygon","coordinates":[[[[127.2362,37.5505],[127.239,37.5447],[127.2485,37.5414],[127.2635,37.5333],[127.279,37.5264],[127.2816,37.5247],[127.2848,37.5215],[127.2876,37.5135],[127.2832,37.5135],[127.2804,37.513],[127.2783,37.5114],[127.2779,37.5096],[127.2764,37.5083],[127.2714,37.5076],[127.2686,37.5062],[127.2612,37.5072],[127.2544,37.506],[127.2533,37.5033],[127.2555,37.4962],[127.2579,37.4946],[127.2592,37.4921],[127.2589,37.4901],[127.2537,37.4865],[127.2538,37.4846],[127.2483,37.4819],[127.247,37.4806],[127.2462,37.4778],[127.2417,37.4769],[127.2404,37.4756],[127.2383,37.4749],[127.2262,37.4797],[127.2157,37.4823],[127.2068,37.4803],[127.2041,37.4806],[127.2026,37.4817],[127.2028,37.4854],[127.2049,37.4912],[127.2037,37.4938],[127.2058,37.4952],[127.2069,37.5026],[127.213,37.5032],[127.2158,37.5043],[127.2158,37.5084],[127.2115,37.5134],[127.2132,37.5141],[127.2134,37.5148],[127.2127,37.5184],[127.2114,37.5205],[127.2138,37.5258],[127.2104,37.5281],[127.2079,37.5285],[127.1997,37.5268],[127.1993,37.5281],[127.1995,37.5302],[127.201,37.5321],[127.2056,37.5353],[127.2087,37.5362],[127.2115,37.5354],[127.2162,37.5372],[127.2184,37.5387],[127.2201,37.5387],[127.223,37.5354],[127.2274,37.5342],[127.2299,37.5375],[127.2251,37.5419],[127.2263,37.5452],[127.2259,37.547],[127.2294,37.5501],[127.2362,37.5505]]]]}},{"type":"Feature","properties":{"c":"4145052000","n":"경기도 하남시 신장1동","sg":"하남시","sd":"경기도","p":7050,"a":0.201,"d":35024},"geometry":{"type":"MultiPolygon","coordinates":[[[[127.2087,37.5362],[127.2082,37.5361],[127.204,37.5382],[127.2044,37.5395],[127.2064,37.5407],[127.2066,37.5417],[127.2108,37.5398],[127.209,37.5377],[127.2087,37.5362]]]]}},{"type":"Feature","properties":{"c":"4145053000","n":"경기도 하남시 신장2동","sg":"하남시","sd":"경기도","p":44702,"a":4.219,"d":10594},"geometry":{"type":"MultiPolygon","coordinates":[[[[127.2362,37.5505],[127.2294,37.5501],[127.2259,37.547],[127.2263,37.5452],[127.2251,37.5419],[127.2299,37.5375],[127.2274,37.5342],[127.2227,37.5356],[127.2198,37.5388],[127.2181,37.5386],[127.2162,37.5372],[127.2115,37.5354],[127.2087,37.5362],[127.209,37.5377],[127.2108,37.5398],[127.2066,37.5417],[127.2067,37.5425],[127.2128,37.5493],[127.2128,37.5512],[127.2104,37.5524],[127.2132,37.5537],[127.2248,37.548],[127.2247,37.5539],[127.2192,37.5539],[127.2194,37.5648],[127.2291,37.5634],[127.2342,37.5577],[127.2344,37.5521],[127.2362,37.5505]]]]}},{"type":"Feature","properties":{"c":"4145054000","n":"경기도 하남시 덕풍1동","sg":"하남시","sd":"경기도","p":13849,"a":0.848,"d":16332},"geometry":{"type":"MultiPolygon","coordinates":[[[[127.2026,37.5388],[127.2082,37.5361],[127.2056,37.5353],[127.201,37.5321],[127.1995,37.5302],[127.1993,37.5281],[127.1991,37.5295],[127.1969,37.5322],[127.1953,37.5327],[127.1939,37.5323],[127.1906,37.5334],[127.1914,37.5348],[127.1913,37.5387],[127.1939,37.5404],[127.1983,37.5366],[127.2022,37.5378],[127.2026,37.5388]]]]}},{"type":"Feature","properties":{"c":"4145055000","n":"경기도 하남시 덕풍2동","sg":"하남시","sd":"경기도","p":17148,"a":0.556,"d":30849},"geometry":{"type":"MultiPolygon","coordinates":[[[[127.2026,37.5388],[127.2022,37.5378],[127.1983,37.5366],[127.1939,37.5404],[127.1962,37.5414],[127.1967,37.544],[127.1985,37.5471],[127.2005,37.5462],[127.2039,37.5431],[127.2015,37.54],[127.2026,37.5388]]]]}},{"type":"Feature","properties":{"c":"4145058000","n":"경기도 하남시 감북동","sg":"하남시","sd":"경기도","p":3217,"a":4.442,"d":724},"geometry":{"type":"MultiPolygon","coordinates":[[[[127.1741,37.5071],[127.1652,37.5147],[127.1524,37.513],[127.1519,37.5154],[127.1486,37.515],[127.1447,37.5155],[127.1454,37.5161],[127.1446,37.517],[127.1447,37.5194],[127.1458,37.522],[127.1478,37.5222],[127.1496,37.5259],[127.1531,37.5291],[127.1536,37.534],[127.1568,37.5314],[127.1617,37.5294],[127.1628,37.5272],[127.1612,37.5259],[127.1645,37.5246],[127.17,37.5251],[127.1689,37.5203],[127.1696,37.5186],[127.1719,37.517],[127.1744,37.518],[127.1756,37.521],[127.1776,37.5221],[127.1789,37.5189],[127.1789,37.5166],[127.1804,37.5151],[127.1805,37.5134],[127.1812,37.5126],[127.1806,37.5073],[127.1788,37.5048],[127.1774,37.5039],[127.1741,37.5071]]]]}},{"type":"Feature","properties":{"c":"4145059000","n":"경기도 하남시 춘궁동","sg":"하남시","sd":"경기도","p":712,"a":14.568,"d":49},"geometry":{"type":"MultiPolygon","coordinates":[[[[127.1993,37.5281],[127.1997,37.5268],[127.2079,37.5285],[127.2104,37.5281],[127.2138,37.5258],[127.2114,37.5205],[127.2127,37.5184],[127.2134,37.5148],[127.2132,37.5141],[127.2115,37.5134],[127.2158,37.5084],[127.2158,37.5043],[127.213,37.5032],[127.2069,37.5026],[127.2058,37.4952],[127.2037,37.4938],[127.2049,37.4912],[127.2028,37.4854],[127.2022,37.4809],[127.198,37.4796],[127.1924,37.4807],[127.1884,37.4803],[127.1855,37.481],[127.1832,37.4836],[127.1793,37.4847],[127.1787,37.4852],[127.1791,37.4865],[127.1764,37.4901],[127.1763,37.4968],[127.1752,37.4998],[127.1769,37.5019],[127.1774,37.5039],[127.1788,37.5048],[127.1806,37.5073],[127.1805,37.5096],[127.1812,37.5106],[127.1812,37.5126],[127.1805,37.5134],[127.1804,37.5151],[127.1789,37.5166],[127.1789,37.5189],[127.1776,37.5221],[127.1805,37.5238],[127.1906,37.5334],[127.1939,37.5323],[127.1953,37.5327],[127.1969,37.5322],[127.1991,37.5295],[127.1993,37.5281]]]]}},{"type":"Feature","properties":{"c":"4145060000","n":"경기도 하남시 초이동","sg":"하남시","sd":"경기도","p":2858,"a":6.329,"d":452},"geometry":{"type":"MultiPolygon","coordinates":[[[[127.1836,37.5458],[127.184,37.5446],[127.1856,37.5448],[127.1873,37.5424],[127.1878,37.5383],[127.1913,37.5387],[127.1912,37.5341],[127.1805,37.5238],[127.1756,37.521],[127.1744,37.518],[127.1719,37.517],[127.1696,37.5186],[127.1689,37.5203],[127.17,37.5251],[127.1645,37.5246],[127.1612,37.5259],[127.1628,37.5272],[127.1617,37.5294],[127.1568,37.5314],[127.1536,37.534],[127.1632,37.545],[127.1756,37.5452],[127.179,37.5466],[127.1809,37.5459],[127.1836,37.5458]]]]}},{"type":"Feature","properties":{"c":"4145063000","n":"경기도 하남시 미사3동","sg":"하남시","sd":"경기도","p":29455,"a":2.684,"d":10976},"geometry":{"type":"MultiPolygon","coordinates":[[[[127.1977,37.5556],[127.1929,37.5535],[127.1936,37.5523],[127.1969,37.5515],[127.1983,37.5532],[127.1992,37.5528],[127.1977,37.549],[127.1986,37.549],[127.1985,37.5471],[127.1967,37.544],[127.1962,37.5414],[127.1913,37.5387],[127.1878,37.5383],[127.1873,37.5424],[127.1856,37.5448],[127.184,37.5446],[127.1828,37.5466],[127.1814,37.5529],[127.1819,37.5589],[127.1939,37.5608],[127.1977,37.5556]]]]}},{"type":"Feature","properties":{"c":"4145061000","n":"경기도 하남시 미사1동","sg":"하남시","sd":"경기도","p":54173,"a":6.897,"d":7855},"geometry":{"type":"MultiPolygon","coordinates":[[[[127.2219,37.5647],[127.2194,37.5648],[127.2192,37.5539],[127.2247,37.5539],[127.2248,37.548],[127.2132,37.5537],[127.2057,37.5619],[127.1977,37.5556],[127.1939,37.5608],[127.1819,37.5589],[127.182,37.5609],[127.1795,37.5665],[127.1902,37.5674],[127.1979,37.5694],[127.1943,37.5805],[127.192,37.5825],[127.1998,37.5823],[127.2027,37.5812],[127.2062,37.5851],[127.2129,37.577],[127.2197,37.5739],[127.2201,37.567],[127.2219,37.5647]]]]}},{"type":"Feature","properties":{"c":"4145062000","n":"경기도 하남시 미사2동","sg":"하남시","sd":"경기도","p":46299,"a":5.234,"d":8846},"geometry":{"type":"MultiPolygon","coordinates":[[[[127.2024,37.5882],[127.2062,37.5851],[127.2027,37.5812],[127.1998,37.5823],[127.192,37.5825],[127.1943,37.5805],[127.1979,37.5694],[127.1969,37.5691],[127.1859,37.5667],[127.1795,37.5665],[127.1791,37.5691],[127.1761,37.5743],[127.1754,37.5773],[127.1755,37.5784],[127.1777,37.5808],[127.174,37.5796],[127.1686,37.5789],[127.1686,37.5798],[127.1732,37.5826],[127.1802,37.5879],[127.1834,37.5917],[127.1976,37.5916],[127.2016,37.5898],[127.2024,37.5882]]]]}},{"type":"Feature","properties":{"c":"4146125000","n":"경기도 용인시처인구 포곡읍","sg":"용인시처인구","sd":"경기도","p":30975,"a":41.818,"d":741},"geometry":{"type":"MultiPolygon","coordinates":[[[[127.2786,37.3054],[127.2817,37.2977],[127.2778,37.2904],[127.2745,37.2866],[127.2663,37.2812],[127.2588,37.2746],[127.252,37.2701],[127.2492,37.2665],[127.2432,37.2625],[127.2402,37.2612],[127.2359,37.26],[127.2318,37.2597],[127.23,37.2604],[127.2263,37.2642],[127.2279,37.2661],[127.2258,37.2666],[127.214,37.2654],[127.2123,37.267],[127.2107,37.2705],[127.2096,37.2708],[127.2077,37.2695],[127.205,37.2688],[127.2026,37.2689],[127.201,37.2645],[127.1971,37.2661],[127.1942,37.2686],[127.1907,37.2699],[127.1872,37.2676],[127.1834,37.2666],[127.179,37.2671],[127.1724,37.2707],[127.1769,37.282],[127.1771,37.285],[127.1744,37.2896],[127.1705,37.2919],[127.1719,37.2946],[127.1702,37.2997],[127.1761,37.3048],[127.1761,37.3077],[127.1853,37.311],[127.1864,37.3127],[127.1877,37.3179],[127.1933,37.3205],[127.198,37.3253],[127.2013,37.3271],[127.208,37.3233],[127.2104,37.3211],[127.2141,37.3219],[127.2229,37.3211],[127.2284,37.3185],[127.2296,37.3145],[127.2301,37.306],[127.244,37.3005],[127.2493,37.2964],[127.2524,37.292],[127.2612,37.294],[127.2698,37.3001],[127.272,37.302],[127.2721,37.3032],[127.2755,37.3049],[127.2786,37.3054]]]]}},{"type":"Feature","properties":{"c":"4146125300","n":"경기도 용인시처인구 모현읍","sg":"용인시처인구","sd":"경기도","p":34705,"a":50.442,"d":688},"geometry":{"type":"MultiPolygon","coordinates":[[[[127.2833,37.3453],[127.2832,37.3366],[127.281,37.3346],[127.2798,37.3301],[127.2804,37.3281],[127.2823,37.3274],[127.2821,37.3223],[127.2831,37.3191],[127.2773,37.3093],[127.279,37.3067],[127.2786,37.3054],[127.2755,37.3049],[127.2721,37.3032],[127.272,37.302],[127.2698,37.3001],[127.2612,37.294],[127.2533,37.292],[127.2522,37.2922],[127.2493,37.2964],[127.244,37.3005],[127.2301,37.306],[127.2296,37.3145],[127.2284,37.3185],[127.2229,37.3211],[127.2141,37.3219],[127.2104,37.3211],[127.208,37.3233],[127.2015,37.3271],[127.1981,37.3254],[127.1933,37.3205],[127.1877,37.3179],[127.1864,37.3127],[127.1853,37.311],[127.1761,37.3077],[127.1761,37.3048],[127.1701,37.2997],[127.1631,37.3042],[127.1562,37.3046],[127.1488,37.3061],[127.1457,37.3112],[127.1434,37.3129],[127.1428,37.3173],[127.1372,37.3206],[127.1373,37.3244],[127.1386,37.3249],[127.1402,37.3242],[127.1425,37.3258],[127.1413,37.3289],[127.1419,37.3363],[127.1482,37.3377],[127.1527,37.34],[127.1576,37.3411],[127.1621,37.3433],[127.1738,37.3447],[127.1767,37.3444],[127.1788,37.3432],[127.1916,37.3472],[127.1961,37.344],[127.198,37.3414],[127.1983,37.3395],[127.1969,37.3347],[127.2007,37.3287],[127.2083,37.3309],[127.2126,37.3374],[127.2168,37.3407],[127.2191,37.3463],[127.2206,37.347],[127.2219,37.3466],[127.2229,37.3456],[127.2236,37.346],[127.2216,37.3493],[127.2179,37.3522],[127.2167,37.3549],[127.2186,37.3556],[127.2197,37.3544],[127.2232,37.3545],[127.225,37.3553],[127.2292,37.3592],[127.2337,37.358],[127.2354,37.3584],[127.2381,37.3604],[127.239,37.3593],[127.2389,37.3555],[127.2398,37.3542],[127.2419,37.3533],[127.2436,37.3545],[127.2469,37.3556],[127.2544,37.3508],[127.2614,37.3484],[127.265,37.3427],[127.2689,37.3424],[127.2744,37.3429],[127.2808,37.3462],[127.2833,37.3453]]]]}},{"type":"Feature","properties":{"c":"4146125900","n":"경기도 용인시처인구 남사읍","sg":"용인시처인구","sd":"경기도","p":23463,"a":58.625,"d":400},"geometry":{"type":"MultiPolygon","coordinates":[[[[127.1887,37.0864],[127.1862,37.0845],[127.1821,37.0871],[127.179,37.0876],[127.1763,37.0877],[127.1736,37.0859],[127.1707,37.0861],[127.1661,37.0866],[127.162,37.0888],[127.1577,37.0901],[127.1537,37.091],[127.1464,37.0914],[127.1447,37.0908],[127.1421,37.0878],[127.1373,37.0892],[127.1358,37.0917],[127.1341,37.0924],[127.1322,37.0915],[127.1259,37.0906],[127.1229,37.0914],[127.1126,37.1139],[127.1098,37.1174],[127.1087,37.1248],[127.109,37.126],[127.1126,37.1262],[127.1126,37.1281],[127.1149,37.1297],[127.1178,37.1288],[127.1202,37.129],[127.1207,37.1297],[127.1216,37.1354],[127.1215,37.139],[127.1206,37.1394],[127.1211,37.1416],[127.1233,37.1436],[127.1227,37.1445],[127.1271,37.1456],[127.1295,37.1488],[127.1306,37.1519],[127.1279,37.1607],[127.1339,37.1649],[127.1326,37.1681],[127.133,37.1691],[127.1438,37.1702],[127.1484,37.1697],[127.1511,37.1716],[127.1556,37.1768],[127.1576,37.1768],[127.1592,37.1779],[127.1607,37.1806],[127.161,37.1797],[127.1639,37.1795],[127.1694,37.1825],[127.1788,37.1856],[127.1818,37.1849],[127.1884,37.1791],[127.1887,37.1781],[127.1875,37.1774],[127.1877,37.177],[127.1889,37.1754],[127.1939,37.1718],[127.1946,37.1685],[127.1922,37.1647],[127.1955,37.1627],[127.1987,37.1617],[127.1998,37.1594],[127.1998,37.1578],[127.1969,37.1523],[127.1969,37.1487],[127.1963,37.1478],[127.1944,37.1481],[127.1929,37.1476],[127.1905,37.1459],[127.1896,37.1407],[127.1871,37.1353],[127.1913,37.1313],[127.1872,37.1261],[127.1874,37.1252],[127.189,37.1244],[127.1895,37.1202],[127.1887,37.1147],[127.1808,37.1084],[127.1757,37.1081],[127.1815,37.0984],[127.1861,37.0922],[127.1856,37.0907],[127.1887,37.0864]]]]}},{"type":"Feature","properties":{"c":"4146125600","n":"경기도 용인시처인구 이동읍","sg":"용인시처인구","sd":"경기도","p":18561,"a":76.289,"d":243},"geometry":{"type":"MultiPolygon","coordinates":[[[[127.1744,37.2246],[127.1757,37.2218],[127.1834,37.2141],[127.1851,37.2135],[127.1925,37.2131],[127.1957,37.2142],[127.2044,37.2134],[127.2116,37.2147],[127.2193,37.2149],[127.2229,37.2118],[127.2239,37.21],[127.2247,37.2018],[127.2267,37.1997],[127.23,37.199],[127.2313,37.1993],[127.2358,37.1989],[127.237,37.1983],[127.2374,37.1966],[127.2426,37.1963],[127.2433,37.1923],[127.2466,37.1898],[127.2484,37.1842],[127.2529,37.1825],[127.2575,37.1797],[127.2603,37.1789],[127.2623,37.1737],[127.264,37.172],[127.2693,37.1712],[127.2733,37.1651],[127.2686,37.1602],[127.2669,37.1553],[127.2638,37.1559],[127.2617,37.1541],[127.2605,37.1521],[127.2555,37.1513],[127.2535,37.1469],[127.2503,37.1452],[127.2513,37.1427],[127.2528,37.1412],[127.2537,37.1381],[127.2512,37.1336],[127.2534,37.129],[127.2512,37.1231],[127.2458,37.1221],[127.243,37.1225],[127.2364,37.1212],[127.2339,37.1177],[127.2294,37.1171],[127.2262,37.1139],[127.2232,37.1129],[127.2202,37.1134],[127.2147,37.1109],[127.212,37.1106],[127.2096,37.1124],[127.2086,37.1097],[127.2099,37.1072],[127.2086,37.1044],[127.2023,37.1004],[127.1989,37.0969],[127.1976,37.093],[127.1953,37.0891],[127.1924,37.0871],[127.1887,37.0864],[127.1856,37.0907],[127.1861,37.0922],[127.1815,37.0984],[127.1757,37.1081],[127.1808,37.1084],[127.1887,37.1147],[127.1895,37.1202],[127.189,37.1244],[127.1874,37.1252],[127.1872,37.1261],[127.1913,37.1313],[127.1871,37.1353],[127.1896,37.1407],[127.1905,37.1459],[127.1929,37.1476],[127.1944,37.1481],[127.1963,37.1478],[127.1969,37.1487],[127.1969,37.1523],[127.1998,37.1578],[127.1998,37.1594],[127.1987,37.1617],[127.1955,37.1627],[127.1922,37.1647],[127.1946,37.1685],[127.1939,37.1718],[127.1889,37.1754],[127.1874,37.1774],[127.1886,37.178],[127.1884,37.1791],[127.1818,37.1849],[127.1781,37.1855],[127.1694,37.1825],[127.1639,37.1795],[127.1609,37.1798],[127.1591,37.1841],[127.1603,37.186],[127.1613,37.1904],[127.161,37.1916],[127.1557,37.1967],[127.1555,37.1977],[127.1528,37.1972],[127.152,37.1991],[127.1534,37.2019],[127.1543,37.2021],[127.1554,37.2035],[127.1559,37.206],[127.1578,37.2072],[127.1517,37.2141],[127.1516,37.2185],[127.1498,37.2217],[127.153,37.2234],[127.1562,37.2279],[127.159,37.2273],[127.1612,37.2251],[127.165,37.223],[127.1689,37.2236],[127.1706,37.2253],[127.172,37.2256],[127.1744,37.2246]]]]}},{"type":"Feature","properties":{"c":"4146134000","n":"경기도 용인시처인구 원삼면","sg":"용인시처인구","sd":"경기도","p":7969,"a":60.301,"d":132},"geometry":{"type":"MultiPolygon","coordinates":[[[[127.3484,37.2044],[127.3473,37.2028],[127.3474,37.2019],[127.3502,37.1975],[127.3488,37.1909],[127.3392,37.1843],[127.3399,37.1827],[127.3383,37.1785],[127.3406,37.1763],[127.34,37.173],[127.3502,37.1707],[127.3544,37.1704],[127.3535,37.1661],[127.3521,37.1653],[127.3503,37.1627],[127.3507,37.159],[127.3501,37.1575],[127.3493,37.1568],[127.3478,37.1569],[127.3461,37.1547],[127.3481,37.1533],[127.3518,37.1522],[127.3544,37.1531],[127.3555,37.153],[127.3561,37.1503],[127.3463,37.1361],[127.3465,37.1351],[127.3451,37.1328],[127.3423,37.1317],[127.3379,37.1309],[127.3313,37.1278],[127.328,37.1241],[127.3271,37.1197],[127.3164,37.1098],[127.3133,37.1095],[127.3106,37.1054],[127.3057,37.1071],[127.3041,37.1091],[127.3033,37.1118],[127.2999,37.1124],[127.2991,37.1168],[127.2971,37.1203],[127.2949,37.1212],[127.2932,37.1229],[127.2923,37.1266],[127.2886,37.1297],[127.2879,37.1315],[127.2863,37.132],[127.2842,37.1308],[127.2821,37.134],[127.2744,37.1336],[127.2731,37.135],[127.2719,37.141],[127.2731,37.1433],[127.2722,37.1448],[127.2692,37.1471],[127.268,37.1493],[127.2695,37.1514],[127.2693,37.1525],[127.2688,37.1542],[127.2669,37.1553],[127.2686,37.1602],[127.2733,37.1651],[127.2772,37.1653],[127.2795,37.1642],[127.2833,37.1711],[127.2843,37.1736],[127.285,37.1782],[127.2829,37.1801],[127.2861,37.1892],[127.2857,37.1982],[127.2865,37.2006],[127.2927,37.202],[127.3031,37.211],[127.3059,37.2116],[127.3072,37.211],[127.3105,37.2107],[127.3151,37.2121],[127.3185,37.2143],[127.3286,37.2135],[127.337,37.2175],[127.3385,37.2163],[127.3396,37.2121],[127.3412,37.209],[127.3423,37.208],[127.3452,37.2075],[127.3472,37.2061],[127.3484,37.2044]]]]}},{"type":"Feature","properties":{"c":"4146135000","n":"경기도 용인시처인구 백암면","sg":"용인시처인구","sd":"경기도","p":7796,"a":65.943,"d":118},"geometry":{"type":"MultiPolygon","coordinates":[[[[127.3704,37.2039],[127.3782,37.1956],[127.376,37.191],[127.3739,37.1899],[127.372,37.1898],[127.3722,37.186],[127.3753,37.1851],[127.3812,37.1876],[127.3819,37.1867],[127.3824,37.1827],[127.3883,37.1814],[127.399,37.181],[127.4019,37.1802],[127.4036,37.1803],[127.4091,37.1839],[127.4105,37.1841],[127.4118,37.1824],[127.4141,37.1734],[127.413,37.17],[127.4106,37.1675],[127.4097,37.1644],[127.4123,37.1551],[127.4148,37.1521],[127.4179,37.1514],[127.4235,37.1518],[127.4298,37.1477],[127.4295,37.147],[127.4273,37.1459],[127.4259,37.143],[127.4261,37.1364],[127.4242,37.1311],[127.4214,37.1277],[127.4209,37.1261],[127.415,37.1228],[127.4126,37.1194],[127.4127,37.1179],[127.414,37.1162],[127.4152,37.1157],[127.4203,37.1157],[127.4257,37.1131],[127.4231,37.1112],[127.4246,37.1094],[127.4211,37.1065],[127.4242,37.0997],[127.4217,37.0973],[127.4198,37.0974],[127.4163,37.0957],[127.4161,37.0931],[127.402,37.0939],[127.399,37.0954],[127.3938,37.1044],[127.3941,37.1054],[127.3932,37.1065],[127.389,37.1083],[127.3875,37.1082],[127.3841,37.1059],[127.3792,37.1052],[127.3789,37.1029],[127.3769,37.1011],[127.3744,37.1026],[127.374,37.105],[127.373,37.1058],[127.3693,37.1068],[127.359,37.1076],[127.3551,37.1037],[127.3544,37.1006],[127.3528,37.1],[127.3477,37.1036],[127.345,37.1033],[127.3434,37.104],[127.3397,37.1093],[127.3334,37.1117],[127.3308,37.1168],[127.3301,37.1166],[127.3296,37.1188],[127.3267,37.1194],[127.328,37.1222],[127.328,37.1241],[127.3313,37.1278],[127.3379,37.1309],[127.3423,37.1317],[127.3451,37.1328],[127.3465,37.1351],[127.3463,37.1361],[127.3561,37.1503],[127.3555,37.153],[127.3544,37.1531],[127.3518,37.1522],[127.3481,37.1533],[127.3461,37.1547],[127.3478,37.1569],[127.3493,37.1568],[127.3501,37.1575],[127.3507,37.159],[127.3503,37.1627],[127.3521,37.1653],[127.3535,37.1661],[127.3544,37.1704],[127.3502,37.1707],[127.34,37.173],[127.3406,37.1763],[127.3383,37.1785],[127.3399,37.1827],[127.3392,37.1843],[127.3488,37.1909],[127.3502,37.1975],[127.3473,37.2028],[127.3484,37.2044],[127.3557,37.2027],[127.3561,37.2012],[127.3571,37.2005],[127.3611,37.2004],[127.3704,37.2039]]]]}},{"type":"Feature","properties":{"c":"4146126200","n":"경기도 용인시처인구 양지읍","sg":"용인시처인구","sd":"경기도","p":22203,"a":57.877,"d":384},"geometry":{"type":"MultiPolygon","coordinates":[[[[127.3388,37.2705],[127.3409,37.265],[127.3402,37.2632],[127.3367,37.2612],[127.3362,37.2578],[127.3386,37.2524],[127.3361,37.2516],[127.3334,37.2493],[127.3312,37.2431],[127.3342,37.2388],[127.3345,37.2353],[127.3334,37.2272],[127.3309,37.223],[127.3319,37.22],[127.337,37.2175],[127.3286,37.2135],[127.3185,37.2143],[127.3151,37.2121],[127.3105,37.2107],[127.3072,37.211],[127.3059,37.2116],[127.3036,37.2113],[127.2927,37.202],[127.2868,37.2008],[127.286,37.1996],[127.2836,37.1997],[127.2775,37.1987],[127.2731,37.2019],[127.2725,37.2054],[127.2688,37.2122],[127.2613,37.2118],[127.2558,37.2086],[127.2542,37.2094],[127.2534,37.2112],[127.2509,37.2124],[127.249,37.212],[127.2465,37.214],[127.2452,37.2181],[127.2473,37.2211],[127.2469,37.2266],[127.254,37.2359],[127.2528,37.238],[127.2467,37.2386],[127.2432,37.243],[127.2429,37.2466],[127.2418,37.2479],[127.2369,37.2498],[127.234,37.2489],[127.232,37.2495],[127.2339,37.2519],[127.2359,37.2525],[127.2379,37.2541],[127.2376,37.259],[127.2368,37.2607],[127.2402,37.2612],[127.2432,37.2625],[127.2492,37.2665],[127.252,37.2701],[127.2588,37.2746],[127.2663,37.2812],[127.2745,37.2866],[127.2778,37.2904],[127.2785,37.2866],[127.2799,37.2855],[127.2818,37.278],[127.2757,37.2747],[127.276,37.2736],[127.2812,37.2691],[127.2846,37.269],[127.2874,37.2708],[127.2919,37.2716],[127.2983,37.2698],[127.3012,37.2657],[127.3028,37.2674],[127.3028,37.2696],[127.3041,37.2709],[127.3056,37.2709],[127.3107,37.2733],[127.3166,37.2738],[127.3193,37.275],[127.323,37.2741],[127.3309,37.2702],[127.3366,37.2712],[127.3388,37.2705]]]]}},{"type":"Feature","properties":{"c":"4146151000","n":"경기도 용인시처인구 중앙동","sg":"용인시처인구","sd":"경기도","p":26690,"a":7.982,"d":3344},"geometry":{"type":"MultiPolygon","coordinates":[[[[127.2118,37.2404],[127.2098,37.2371],[127.21,37.2342],[127.212,37.2321],[127.2128,37.2297],[127.2117,37.2275],[127.2131,37.2263],[127.2153,37.2257],[127.2192,37.2261],[127.2192,37.2189],[127.221,37.2149],[127.2116,37.2147],[127.2044,37.2134],[127.1957,37.2142],[127.1918,37.2131],[127.1862,37.2133],[127.1834,37.2141],[127.1757,37.2218],[127.1744,37.2246],[127.1773,37.2263],[127.1879,37.2261],[127.19,37.2265],[127.191,37.2275],[127.1909,37.2343],[127.192,37.2355],[127.1982,37.2372],[127.1996,37.2385],[127.2018,37.2428],[127.2022,37.2458],[127.2103,37.2446],[127.2112,37.244],[127.2111,37.2415],[127.2118,37.2404]]]]}},{"type":"Feature","properties":{"c":"4146152600","n":"경기도 용인시처인구 삼가동","sg":"용인시처인구","sd":"경기도","p":16335,"a":6.411,"d":2548},"geometry":{"type":"MultiPolygon","coordinates":[[[[127.1769,37.2547],[127.1758,37.2529],[127.1762,37.2502],[127.1746,37.2457],[127.176,37.2445],[127.1825,37.2421],[127.1822,37.2412],[127.1804,37.2404],[127.1803,37.2394],[127.1767,37.2354],[127.1761,37.2333],[127.1717,37.2293],[127.1705,37.2273],[127.1702,37.2245],[127.1676,37.2231],[127.165,37.223],[127.1612,37.2251],[127.159,37.2273],[127.1562,37.2279],[127.1556,37.23],[127.1503,37.2363],[127.1495,37.2416],[127.1506,37.243],[127.1531,37.2434],[127.1581,37.2478],[127.1595,37.2541],[127.163,37.2547],[127.1661,37.2542],[127.1699,37.255],[127.1751,37.2583],[127.1769,37.2547]]]]}},{"type":"Feature","properties":{"c":"4146153500","n":"경기도 용인시처인구 유림1동","sg":"용인시처인구","sd":"경기도","p":13313,"a":7.099,"d":1875},"geometry":{"type":"MultiPolygon","coordinates":[[[[127.214,37.2654],[127.2174,37.26],[127.2192,37.2546],[127.2189,37.2529],[127.2141,37.2487],[127.2142,37.2452],[127.2135,37.2436],[127.2111,37.2413],[127.2113,37.2435],[127.2103,37.2446],[127.2022,37.2458],[127.1997,37.2476],[127.1967,37.251],[127.1962,37.2533],[127.1971,37.2546],[127.1931,37.2558],[127.1872,37.2563],[127.1769,37.2547],[127.1741,37.2601],[127.1722,37.2699],[127.1724,37.2707],[127.179,37.2671],[127.1834,37.2666],[127.1872,37.2676],[127.1907,37.2699],[127.1942,37.2686],[127.1971,37.2661],[127.201,37.2645],[127.2026,37.2689],[127.205,37.2688],[127.2077,37.2695],[127.2096,37.2708],[127.2107,37.2705],[127.2123,37.267],[127.214,37.2654]]]]}},{"type":"Feature","properties":{"c":"4146154000","n":"경기도 용인시처인구 동부동","sg":"용인시처인구","sd":"경기도","p":12284,"a":24.179,"d":508},"geometry":{"type":"MultiPolygon","coordinates":[[[[127.2467,37.2386],[127.2528,37.238],[127.254,37.2359],[127.2469,37.2266],[127.2473,37.2211],[127.2452,37.2181],[127.2462,37.2144],[127.2472,37.2133],[127.2492,37.2119],[127.2509,37.2124],[127.2533,37.2112],[127.2542,37.2094],[127.2558,37.2086],[127.2613,37.2118],[127.2688,37.2122],[127.2719,37.2069],[127.2733,37.2018],[127.2775,37.1987],[127.2836,37.1997],[127.286,37.1996],[127.2861,37.1892],[127.2829,37.1801],[127.285,37.1782],[127.2843,37.1736],[127.2795,37.1642],[127.2772,37.1653],[127.2733,37.1651],[127.2693,37.1712],[127.264,37.172],[127.2623,37.1737],[127.2603,37.1789],[127.2575,37.1797],[127.2529,37.1825],[127.2484,37.1842],[127.2466,37.1898],[127.2433,37.1923],[127.2426,37.1963],[127.2374,37.1966],[127.237,37.1983],[127.2358,37.1989],[127.2313,37.1993],[127.23,37.199],[127.2267,37.1997],[127.2247,37.2018],[127.2239,37.21],[127.2229,37.2118],[127.2193,37.2149],[127.2206,37.2146],[127.2211,37.2152],[127.2201,37.2161],[127.2192,37.2189],[127.2192,37.2261],[127.2153,37.2257],[127.2131,37.2263],[127.2117,37.2275],[127.2128,37.2297],[127.212,37.2321],[127.21,37.2342],[127.2098,37.2371],[127.2118,37.2404],[127.2155,37.2384],[127.2164,37.236],[127.2222,37.2338],[127.2256,37.2342],[127.2304,37.2355],[127.2351,37.2407],[127.2467,37.2386]]]]}},{"type":"Feature","properties":{"c":"4146352000","n":"경기도 용인시기흥구 구갈동","sg":"용인시기흥구","sd":"경기도","p":39846,"a":4.168,"d":9559},"geometry":{"type":"MultiPolygon","coordinates":[[[[127.1321,37.2813],[127.1345,37.2767],[127.1344,37.2703],[127.1354,37.2692],[127.1341,37.2676],[127.1321,37.267],[127.1305,37.2647],[127.1178,37.2692],[127.117,37.2699],[127.1172,37.2712],[127.1166,37.2716],[127.113,37.2719],[127.1091,37.2709],[127.1134,37.2751],[127.1095,37.2731],[127.1096,37.2796],[127.1114,37.2829],[127.1179,37.2867],[127.1241,37.2867],[127.1259,37.2872],[127.1269,37.289],[127.1287,37.2889],[127.1318,37.2869],[127.1321,37.2813]]]]}},{"type":"Feature","properties":{"c":"4146353500","n":"경기도 용인시기흥구 보라동","sg":"용인시기흥구","sd":"경기도","p":32382,"a":10.234,"d":3164},"geometry":{"type":"MultiPolygon","coordinates":[[[[127.0998,37.2589],[127.102,37.261],[127.1033,37.2613],[127.1042,37.2612],[127.1044,37.26],[127.1068,37.261],[127.1121,37.2611],[127.1132,37.2606],[127.1142,37.2613],[127.1151,37.2608],[127.1178,37.2626],[127.1178,37.2635],[127.1191,37.2643],[127.1235,37.2637],[127.1268,37.266],[127.1305,37.2647],[127.1319,37.2625],[127.1319,37.2593],[127.1329,37.2563],[127.1375,37.2544],[127.1394,37.2509],[127.1465,37.2476],[127.1506,37.244],[127.1492,37.2407],[127.1501,37.2366],[127.1556,37.23],[127.1562,37.2279],[127.153,37.2234],[127.1498,37.2217],[127.139,37.2226],[127.1374,37.2235],[127.1341,37.228],[127.1339,37.2317],[127.1307,37.2382],[127.1236,37.2466],[127.1192,37.2479],[127.1071,37.2461],[127.1044,37.2474],[127.1021,37.2476],[127.1025,37.25],[127.1053,37.2529],[127.1049,37.2551],[127.0998,37.2589]]]]}},{"type":"Feature","properties":{"c":"4146354000","n":"경기도 용인시기흥구 기흥동","sg":"용인시기흥구","sd":"경기도","p":20618,"a":11.689,"d":1764},"geometry":{"type":"MultiPolygon","coordinates":[[[[127.1498,37.2217],[127.1516,37.2185],[127.1485,37.2191],[127.1443,37.2186],[127.14,37.2175],[127.1368,37.2157],[127.1297,37.2175],[127.1267,37.2175],[127.1174,37.22],[127.1152,37.2191],[127.1043,37.2198],[127.0956,37.2183],[127.089,37.2164],[127.0894,37.2199],[127.0947,37.2244],[127.0945,37.2261],[127.091,37.2268],[127.0907,37.2285],[127.0933,37.2344],[127.092,37.2398],[127.0938,37.2436],[127.0989,37.2452],[127.1021,37.2476],[127.1044,37.2474],[127.1071,37.2461],[127.1192,37.2479],[127.1236,37.2466],[127.1307,37.2382],[127.1339,37.2317],[127.1341,37.228],[127.1374,37.2235],[127.139,37.2226],[127.1498,37.2217]]]]}},{"type":"Feature","properties":{"c":"4146355000","n":"경기도 용인시기흥구 서농동","sg":"용인시기흥구","sd":"경기도","p":24484,"a":5.607,"d":4367},"geometry":{"type":"MultiPolygon","coordinates":[[[[127.0938,37.2436],[127.092,37.2398],[127.0933,37.2344],[127.0907,37.2285],[127.091,37.2268],[127.0945,37.2261],[127.0947,37.2244],[127.0894,37.2199],[127.0888,37.2164],[127.0819,37.2202],[127.0756,37.2259],[127.0746,37.2281],[127.0726,37.2292],[127.0707,37.2289],[127.0688,37.2301],[127.068,37.2347],[127.0685,37.2373],[127.0667,37.2401],[127.0669,37.2412],[127.066,37.2411],[127.0662,37.2439],[127.071,37.2466],[127.0755,37.2474],[127.08,37.2475],[127.0821,37.2494],[127.082,37.2476],[127.0835,37.2444],[127.0938,37.2436]]]]}},{"type":"Feature","properties":{"c":"4146356000","n":"경기도 용인시기흥구 구성동","sg":"용인시기흥구","sd":"경기도","p":38213,"a":6.711,"d":5694},"geometry":{"type":"MultiPolygon","coordinates":[[[[127.1672,37.3017],[127.1634,37.295],[127.1613,37.2926],[127.1565,37.292],[127.1547,37.2911],[127.1503,37.2908],[127.1483,37.2899],[127.1473,37.2884],[127.1401,37.2864],[127.1368,37.2842],[127.1361,37.2812],[127.1321,37.2813],[127.1318,37.2869],[127.1287,37.2889],[127.12,37.2885],[127.119,37.2902],[127.1179,37.2907],[127.1133,37.291],[127.1136,37.2928],[127.1174,37.2956],[127.1186,37.2985],[127.1206,37.2997],[127.1237,37.299],[127.1321,37.3025],[127.1438,37.3027],[127.1488,37.3061],[127.1562,37.3046],[127.163,37.3042],[127.1672,37.3017]]]]}},{"type":"Feature","properties":{"c":"4146357000","n":"경기도 용인시기흥구 마북동","sg":"용인시기흥구","sd":"경기도","p":33568,"a":5.265,"d":6376},"geometry":{"type":"MultiPolygon","coordinates":[[[[127.1373,37.3244],[127.1372,37.3206],[127.1428,37.3173],[127.1433,37.3131],[127.145,37.3121],[127.147,37.3095],[127.1486,37.3066],[127.1484,37.3056],[127.1438,37.3027],[127.1321,37.3025],[127.1237,37.299],[127.1206,37.2997],[127.1186,37.2985],[127.1174,37.2956],[127.1136,37.2928],[127.1133,37.291],[127.1085,37.2902],[127.1074,37.2926],[127.1039,37.2931],[127.1038,37.2955],[127.105,37.2953],[127.105,37.3014],[127.1033,37.3022],[127.1033,37.3041],[127.1059,37.3041],[127.109,37.303],[127.1166,37.3024],[127.118,37.3037],[127.122,37.3058],[127.1236,37.3061],[127.1262,37.3078],[127.1246,37.3107],[127.1243,37.3135],[127.1258,37.3152],[127.1271,37.3154],[127.1304,37.3179],[127.1346,37.3198],[127.1339,37.3216],[127.1326,37.3224],[127.1357,37.3245],[127.1373,37.3244]]]]}},{"type":"Feature","properties":{"c":"4146357700","n":"경기도 용인시기흥구 동백3동","sg":"용인시기흥구","sd":"경기도","p":27649,"a":1.464,"d":18886},"geometry":{"type":"MultiPolygon","coordinates":[[[[127.1496,37.2903],[127.1523,37.2798],[127.148,37.2755],[127.1521,37.2681],[127.1487,37.2647],[127.1477,37.2668],[127.1481,37.2712],[127.1445,37.2712],[127.1447,37.2751],[127.1425,37.2817],[127.1403,37.2851],[127.1382,37.2854],[127.1401,37.2864],[127.1473,37.2884],[127.1483,37.2899],[127.1496,37.2903]]]]}},{"type":"Feature","properties":{"c":"4146359000","n":"경기도 용인시기흥구 보정동","sg":"용인시기흥구","sd":"경기도","p":36144,"a":6.795,"d":5319},"geometry":{"type":"MultiPolygon","coordinates":[[[[127.1258,37.3152],[127.1243,37.3135],[127.1246,37.3107],[127.1262,37.3078],[127.1236,37.3061],[127.122,37.3058],[127.118,37.3037],[127.1166,37.3024],[127.109,37.303],[127.1059,37.3041],[127.1033,37.3041],[127.1033,37.3022],[127.105,37.3014],[127.105,37.2953],[127.1038,37.2955],[127.1039,37.2931],[127.1015,37.2931],[127.0987,37.2916],[127.0941,37.2934],[127.0883,37.2932],[127.0906,37.2971],[127.0899,37.2984],[127.093,37.3014],[127.0933,37.3072],[127.0915,37.3095],[127.0929,37.3115],[127.0944,37.3124],[127.0939,37.3131],[127.0998,37.3131],[127.1004,37.319],[127.0973,37.3202],[127.0987,37.3219],[127.1022,37.3224],[127.1046,37.3236],[127.1108,37.3242],[127.1117,37.324],[127.113,37.3223],[127.1131,37.3209],[127.1245,37.3213],[127.1271,37.3184],[127.1258,37.3152]]]]}},{"type":"Feature","properties":{"c":"4146358600","n":"경기도 용인시기흥구 상하동","sg":"용인시기흥구","sd":"경기도","p":22749,"a":5.716,"d":3980},"geometry":{"type":"MultiPolygon","coordinates":[[[[127.1591,37.2534],[127.1581,37.2478],[127.1528,37.2431],[127.1508,37.2429],[127.1506,37.2441],[127.1465,37.2476],[127.1394,37.2509],[127.1375,37.2544],[127.1329,37.2563],[127.1319,37.2593],[127.1319,37.2625],[127.1305,37.2647],[127.1321,37.267],[127.1341,37.2676],[127.1354,37.2692],[127.1344,37.2703],[127.1345,37.2767],[127.1321,37.2813],[127.1361,37.2812],[127.1368,37.2842],[127.1382,37.2854],[127.1403,37.2851],[127.1425,37.2817],[127.1447,37.2751],[127.1445,37.2712],[127.1481,37.2712],[127.1477,37.2668],[127.1487,37.2647],[127.1564,37.257],[127.1571,37.2537],[127.1591,37.2534]]]]}},{"type":"Feature","properties":{"c":"4146351000","n":"경기도 용인시기흥구 신갈동","sg":"용인시기흥구","sd":"경기도","p":36061,"a":4.638,"d":7775},"geometry":{"type":"MultiPolygon","coordinates":[[[[127.1039,37.2931],[127.1074,37.2926],[127.1085,37.2902],[127.1128,37.291],[127.1157,37.2909],[127.1189,37.2903],[127.1198,37.2885],[127.1269,37.289],[127.1259,37.2872],[127.1218,37.2866],[127.1187,37.2871],[127.1114,37.2829],[127.1096,37.2796],[127.1095,37.2731],[127.1134,37.2751],[127.1133,37.2748],[127.1091,37.2709],[127.1038,37.2695],[127.1015,37.2684],[127.0998,37.2701],[127.0991,37.2725],[127.0957,37.2741],[127.0938,37.277],[127.0915,37.2779],[127.0901,37.2791],[127.0878,37.283],[127.0914,37.2844],[127.0935,37.2841],[127.095,37.2828],[127.096,37.2833],[127.096,37.284],[127.0935,37.2864],[127.0886,37.2869],[127.0879,37.2907],[127.0883,37.2932],[127.0941,37.2934],[127.0987,37.2916],[127.1015,37.2931],[127.1039,37.2931]]]]}},{"type":"Feature","properties":{"c":"4146351700","n":"경기도 용인시기흥구 영덕2동","sg":"용인시기흥구","sd":"경기도","p":19113,"a":4.688,"d":4077},"geometry":{"type":"MultiPolygon","coordinates":[[[[127.0855,37.2705],[127.0872,37.2712],[127.0899,37.2714],[127.0993,37.2697],[127.0998,37.2701],[127.1015,37.2684],[127.0982,37.26],[127.1049,37.2551],[127.1053,37.2529],[127.1025,37.25],[127.102,37.2472],[127.0989,37.2452],[127.0949,37.2437],[127.0835,37.2444],[127.083,37.2449],[127.082,37.2476],[127.0825,37.2501],[127.0819,37.2509],[127.0826,37.2516],[127.0818,37.2527],[127.0824,37.2545],[127.0834,37.2547],[127.0847,37.2566],[127.0838,37.2585],[127.081,37.2585],[127.0811,37.26],[127.0862,37.2648],[127.0855,37.2705]]]]}},{"type":"Feature","properties":{"c":"4146551000","n":"경기도 용인시수지구 풍덕천1동","sg":"용인시수지구","sd":"경기도","p":30242,"a":1.636,"d":18484},"geometry":{"type":"MultiPolygon","coordinates":[[[[127.1028,37.3332],[127.103,37.3242],[127.1046,37.3236],[127.1022,37.3224],[127.0987,37.3219],[127.0976,37.3209],[127.0951,37.3237],[127.0897,37.3249],[127.0879,37.3248],[127.0856,37.3259],[127.0836,37.3288],[127.084,37.3306],[127.0849,37.3314],[127.0814,37.3328],[127.0824,37.3334],[127.0853,37.333],[127.0894,37.3315],[127.0897,37.3303],[127.0927,37.3295],[127.0937,37.3337],[127.0952,37.3332],[127.1028,37.3332]]]]}},{"type":"Feature","properties":{"c":"4146552000","n":"경기도 용인시수지구 풍덕천2동","sg":"용인시수지구","sd":"경기도","p":41194,"a":1.831,"d":22501},"geometry":{"type":"MultiPolygon","coordinates":[[[[127.0976,37.3209],[127.0973,37.3202],[127.1004,37.319],[127.0998,37.3131],[127.0939,37.3131],[127.092,37.3148],[127.0875,37.3146],[127.0869,37.3138],[127.0826,37.3137],[127.0811,37.3141],[127.0854,37.3217],[127.0833,37.3258],[127.0807,37.3274],[127.0802,37.3318],[127.0814,37.3328],[127.0849,37.3314],[127.084,37.3306],[127.0836,37.3288],[127.0856,37.3259],[127.0879,37.3248],[127.0897,37.3249],[127.0951,37.3237],[127.0976,37.3209]]]]}},{"type":"Feature","properties":{"c":"4146553000","n":"경기도 용인시수지구 신봉동","sg":"용인시수지구","sd":"경기도","p":40972,"a":6.547,"d":6259},"geometry":{"type":"MultiPolygon","coordinates":[[[[127.0802,37.3318],[127.0807,37.3274],[127.0833,37.3258],[127.0854,37.3217],[127.083,37.3179],[127.0789,37.3198],[127.0743,37.3209],[127.0692,37.3232],[127.063,37.3244],[127.0585,37.3266],[127.0582,37.3281],[127.0439,37.3285],[127.0406,37.3291],[127.0376,37.3286],[127.0359,37.331],[127.036,37.3324],[127.0351,37.3339],[127.0316,37.3368],[127.0321,37.3424],[127.0334,37.3447],[127.036,37.3447],[127.0377,37.3428],[127.0408,37.3415],[127.0443,37.3423],[127.051,37.3418],[127.0527,37.3422],[127.0582,37.3412],[127.0666,37.3377],[127.069,37.3352],[127.0802,37.3318]]]]}},{"type":"Feature","properties":{"c":"4146555500","n":"경기도 용인시수지구 죽전3동","sg":"용인시수지구","sd":"경기도","p":26379,"a":2.257,"d":11688},"geometry":{"type":"MultiPolygon","coordinates":[[[[127.1112,37.3268],[127.1159,37.3292],[127.1211,37.3303],[127.1283,37.3294],[127.1294,37.3276],[127.1315,37.327],[127.1413,37.3291],[127.1425,37.3258],[127.1402,37.3242],[127.1386,37.3249],[127.1376,37.3243],[127.1356,37.3245],[127.1326,37.3224],[127.1339,37.3216],[127.1346,37.3198],[127.1304,37.3179],[127.1271,37.3154],[127.1258,37.3152],[127.1271,37.3184],[127.1246,37.3213],[127.1131,37.3209],[127.113,37.3223],[127.1117,37.324],[127.1108,37.3242],[127.1116,37.3252],[127.1112,37.3268]]]]}},{"type":"Feature","properties":{"c":"4146555000","n":"경기도 용인시수지구 죽전2동","sg":"용인시수지구","sd":"경기도","p":16990,"a":1.195,"d":14218},"geometry":{"type":"MultiPolygon","coordinates":[[[[127.1127,37.3357],[127.1133,37.3318],[127.1112,37.3281],[127.1114,37.3247],[127.1046,37.3236],[127.103,37.3242],[127.1027,37.34],[127.1103,37.3346],[127.1127,37.3357]]]]}},{"type":"Feature","properties":{"c":"4146556000","n":"경기도 용인시수지구 동천동","sg":"용인시수지구","sd":"경기도","p":50771,"a":16.54,"d":3070},"geometry":{"type":"MultiPolygon","coordinates":[[[[127.0745,37.3532],[127.0752,37.3514],[127.0776,37.3491],[127.08,37.3499],[127.0827,37.3517],[127.0846,37.352],[127.087,37.351],[127.0882,37.3488],[127.0925,37.3471],[127.097,37.3432],[127.1012,37.3431],[127.1022,37.3424],[127.1028,37.3332],[127.0952,37.3332],[127.0937,37.3337],[127.0927,37.3295],[127.0897,37.3303],[127.0894,37.3315],[127.0853,37.333],[127.0824,37.3334],[127.0802,37.3318],[127.069,37.3352],[127.0666,37.3377],[127.0582,37.3412],[127.0527,37.3422],[127.051,37.3418],[127.0443,37.3423],[127.0404,37.3416],[127.0377,37.3428],[127.036,37.3447],[127.0334,37.3447],[127.0288,37.3476],[127.0263,37.3486],[127.0251,37.3485],[127.0188,37.3516],[127.0169,37.3537],[127.0161,37.3569],[127.0182,37.3604],[127.0237,37.3637],[127.0256,37.3677],[127.0273,37.3691],[127.0279,37.3721],[127.0302,37.372],[127.0461,37.3684],[127.0471,37.3667],[127.0529,37.3636],[127.0529,37.3611],[127.0541,37.3602],[127.0608,37.3608],[127.0674,37.3591],[127.0705,37.3579],[127.0725,37.3564],[127.0745,37.3532]]]]}},{"type":"Feature","properties":{"c":"4146558500","n":"경기도 용인시수지구 상현3동","sg":"용인시수지구","sd":"경기도","p":27098,"a":2.582,"d":10495},"geometry":{"type":"MultiPolygon","coordinates":[[[[127.0722,37.3103],[127.0728,37.3095],[127.0723,37.3084],[127.0712,37.3078],[127.0728,37.3051],[127.0744,37.3039],[127.0743,37.3031],[127.0768,37.3044],[127.0796,37.3018],[127.0807,37.3011],[127.0816,37.3016],[127.0819,37.3013],[127.0806,37.2999],[127.0798,37.2974],[127.0793,37.2933],[127.0606,37.2966],[127.0601,37.2995],[127.061,37.3037],[127.0582,37.3049],[127.0606,37.3109],[127.0722,37.3103]]]]}},{"type":"Feature","properties":{"c":"4146558000","n":"경기도 용인시수지구 상현2동","sg":"용인시수지구","sd":"경기도","p":32375,"a":1.576,"d":20541},"geometry":{"type":"MultiPolygon","coordinates":[[[[127.0939,37.3131],[127.0944,37.3124],[127.0929,37.3115],[127.0915,37.3093],[127.0933,37.3072],[127.093,37.3014],[127.0893,37.2976],[127.0856,37.2981],[127.0798,37.2954],[127.0806,37.2999],[127.0828,37.3019],[127.0829,37.3054],[127.084,37.3061],[127.0849,37.3093],[127.0832,37.3106],[127.0875,37.3146],[127.092,37.3148],[127.0939,37.3131]]]]}},{"type":"Feature","properties":{"c":"4146559000","n":"경기도 용인시수지구 성복동","sg":"용인시수지구","sd":"경기도","p":54462,"a":5.042,"d":10802},"geometry":{"type":"MultiPolygon","coordinates":[[[[127.083,37.3179],[127.0811,37.3141],[127.0826,37.3137],[127.0869,37.3138],[127.0818,37.31],[127.0808,37.3108],[127.0783,37.3102],[127.0768,37.3118],[127.0748,37.3106],[127.0718,37.3103],[127.0606,37.3109],[127.0581,37.3134],[127.0577,37.3156],[127.0539,37.3161],[127.0495,37.3158],[127.0407,37.32],[127.0372,37.3273],[127.0383,37.3285],[127.0402,37.3291],[127.0439,37.3285],[127.0582,37.3281],[127.0585,37.3266],[127.063,37.3244],[127.0692,37.3232],[127.0743,37.3209],[127.0789,37.3198],[127.083,37.3179]]]]}},{"type":"Feature","properties":{"c":"4148025000","n":"경기도 파주시 문산읍","sg":"파주시","sd":"경기도","p":47884,"a":46.754,"d":1024},"geometry":{"type":"MultiPolygon","coordinates":[[[[126.7987,37.8928],[126.8,37.8868],[126.7999,37.8861],[126.7969,37.8842],[126.797,37.8828],[126.7983,37.8809],[126.8002,37.8799],[126.8021,37.8795],[126.8032,37.8802],[126.8054,37.8783],[126.8113,37.8778],[126.8121,37.8761],[126.8113,37.8749],[126.8111,37.8722],[126.8138,37.872],[126.8213,37.8741],[126.8266,37.8789],[126.8268,37.8816],[126.8274,37.8822],[126.8362,37.8835],[126.841,37.8847],[126.8425,37.8817],[126.8454,37.8797],[126.8468,37.8776],[126.8495,37.8767],[126.8485,37.8756],[126.8484,37.8715],[126.837,37.86],[126.8337,37.8599],[126.8316,37.8585],[126.8301,37.8534],[126.8288,37.8533],[126.8217,37.8597],[126.8111,37.8577],[126.808,37.8542],[126.8013,37.8567],[126.7991,37.8545],[126.7926,37.8542],[126.788,37.851],[126.7851,37.8512],[126.7826,37.8498],[126.7867,37.844],[126.783,37.8375],[126.7741,37.8365],[126.7706,37.8339],[126.766,37.8318],[126.7608,37.8333],[126.7601,37.8319],[126.7604,37.8289],[126.7573,37.8286],[126.7536,37.831],[126.7477,37.8365],[126.7458,37.8397],[126.7464,37.8431],[126.7424,37.8479],[126.7438,37.8483],[126.7503,37.848],[126.7554,37.8501],[126.7578,37.852],[126.7577,37.8565],[126.7521,37.8628],[126.7411,37.8779],[126.7358,37.8824],[126.7333,37.8858],[126.7331,37.8885],[126.7343,37.893],[126.7407,37.9012],[126.7437,37.904],[126.7474,37.9056],[126.7648,37.9086],[126.7694,37.9102],[126.7777,37.9149],[126.7844,37.9167],[126.7885,37.9171],[126.7917,37.9143],[126.7917,37.9036],[126.7929,37.8997],[126.7952,37.8954],[126.7987,37.8928]]]]}},{"type":"Feature","properties":{"c":"4148025300","n":"경기도 파주시 파주읍","sg":"파주시","sd":"경기도","p":13181,"a":31.877,"d":413},"geometry":{"type":"MultiPolygon","coordinates":[[[[126.8301,37.8534],[126.835,37.8507],[126.8375,37.8469],[126.8409,37.8457],[126.8478,37.8463],[126.8494,37.8408],[126.847,37.8387],[126.8467,37.8369],[126.855,37.8232],[126.8562,37.8219],[126.8587,37.8213],[126.8595,37.8201],[126.859,37.8193],[126.8447,37.8168],[126.8374,37.8106],[126.8355,37.8042],[126.8332,37.8029],[126.8303,37.8026],[126.8275,37.8006],[126.8235,37.8001],[126.8108,37.801],[126.8032,37.7982],[126.8009,37.7983],[126.7991,37.7985],[126.7954,37.8005],[126.7889,37.8023],[126.7876,37.804],[126.7848,37.8125],[126.7835,37.8235],[126.7865,37.8285],[126.7861,37.8304],[126.7834,37.8342],[126.7839,37.8361],[126.783,37.8375],[126.7867,37.844],[126.7826,37.8498],[126.7851,37.8512],[126.7868,37.8508],[126.7894,37.8516],[126.7903,37.8529],[126.7926,37.8542],[126.7991,37.8545],[126.8013,37.8567],[126.808,37.8542],[126.8111,37.8577],[126.8217,37.8597],[126.8288,37.8533],[126.8301,37.8534]]]]}},{"type":"Feature","properties":{"c":"4148025600","n":"경기도 파주시 법원읍","sg":"파주시","sd":"경기도","p":9002,"a":72.541,"d":124},"geometry":{"type":"MultiPolygon","coordinates":[[[[126.946,37.8885],[126.9481,37.8846],[126.9465,37.8805],[126.9471,37.8795],[126.9457,37.8755],[126.9443,37.8736],[126.9463,37.867],[126.9451,37.8647],[126.9428,37.8625],[126.9398,37.857],[126.9385,37.8541],[126.9389,37.8525],[126.9356,37.8494],[126.9345,37.8462],[126.9365,37.8408],[126.933,37.8386],[126.9273,37.8381],[126.9264,37.8386],[126.9253,37.8416],[126.9139,37.8411],[126.9124,37.8402],[126.9119,37.8385],[126.913,37.836],[126.9114,37.8286],[126.9092,37.8285],[126.903,37.8264],[126.9023,37.8247],[126.8996,37.8261],[126.8936,37.8265],[126.8907,37.8261],[126.8858,37.8266],[126.8866,37.8237],[126.8788,37.8153],[126.874,37.8171],[126.8734,37.816],[126.8672,37.8167],[126.8641,37.818],[126.8611,37.8174],[126.8587,37.8213],[126.8562,37.8219],[126.855,37.8232],[126.8467,37.8369],[126.847,37.8387],[126.8494,37.8408],[126.8478,37.8463],[126.8409,37.8457],[126.8375,37.8469],[126.835,37.8507],[126.8301,37.8534],[126.8316,37.8585],[126.8337,37.8599],[126.837,37.86],[126.8484,37.8715],[126.8485,37.8756],[126.8495,37.8767],[126.852,37.877],[126.8542,37.8755],[126.8567,37.8761],[126.8579,37.8785],[126.8605,37.8793],[126.8646,37.8847],[126.8696,37.8877],[126.8689,37.8941],[126.8656,37.9003],[126.8808,37.9125],[126.8799,37.9151],[126.881,37.919],[126.8875,37.9194],[126.8912,37.923],[126.8976,37.9267],[126.9008,37.9271],[126.9035,37.9232],[126.9055,37.9213],[126.9072,37.9208],[126.9074,37.9178],[126.9102,37.9115],[126.9118,37.9107],[126.9153,37.9107],[126.9172,37.9075],[126.9255,37.9016],[126.9292,37.8997],[126.9324,37.8989],[126.9362,37.8988],[126.9401,37.8931],[126.9425,37.8918],[126.946,37.8885]]]]}},{"type":"Feature","properties":{"c":"4148026200","n":"경기도 파주시 조리읍","sg":"파주시","sd":"경기도","p":27290,"a":26.865,"d":1016},"geometry":{"type":"MultiPolygon","coordinates":[[[[126.8304,37.7811],[126.8336,37.7809],[126.8374,37.7819],[126.8393,37.7815],[126.8404,37.7804],[126.8426,37.773],[126.8461,37.7691],[126.8453,37.7657],[126.8458,37.7638],[126.8494,37.764],[126.8505,37.7633],[126.8512,37.7582],[126.8543,37.7535],[126.8578,37.7461],[126.8587,37.7403],[126.8565,37.7346],[126.8544,37.7337],[126.8511,37.7342],[126.848,37.7337],[126.8412,37.7315],[126.8394,37.7286],[126.8371,37.7276],[126.8362,37.7275],[126.8356,37.7281],[126.8341,37.7269],[126.8318,37.7288],[126.8261,37.727],[126.8239,37.7288],[126.823,37.7288],[126.814,37.7235],[126.8069,37.727],[126.8028,37.7304],[126.8013,37.7303],[126.8008,37.7353],[126.7982,37.7372],[126.7936,37.735],[126.7944,37.7343],[126.794,37.7335],[126.7878,37.7331],[126.7835,37.7342],[126.78,37.7372],[126.7802,37.7411],[126.7762,37.7431],[126.7757,37.7462],[126.7838,37.7475],[126.7925,37.7462],[126.7947,37.7469],[126.7973,37.7488],[126.7994,37.7491],[126.7949,37.7548],[126.7958,37.7569],[126.7974,37.758],[126.8015,37.7581],[126.8027,37.7608],[126.8116,37.7702],[126.8124,37.7764],[126.8164,37.7806],[126.818,37.7817],[126.8225,37.7771],[126.8257,37.781],[126.8294,37.7801],[126.8304,37.7811]]]]}},{"type":"Feature","properties":{"c":"4148031000","n":"경기도 파주시 월롱면","sg":"파주시","sd":"경기도","p":7445,"a":27.539,"d":270},"geometry":{"type":"MultiPolygon","coordinates":[[[[126.8332,37.8029],[126.836,37.802],[126.8388,37.7994],[126.8365,37.7982],[126.8305,37.786],[126.8324,37.7837],[126.8329,37.7818],[126.8304,37.7811],[126.8294,37.7801],[126.8257,37.781],[126.8225,37.7771],[126.8177,37.7819],[126.8124,37.7764],[126.8116,37.7702],[126.804,37.7621],[126.7966,37.7629],[126.7943,37.7654],[126.7922,37.7689],[126.7872,37.7713],[126.7832,37.7719],[126.7825,37.7726],[126.7819,37.7762],[126.7801,37.7785],[126.777,37.7788],[126.7739,37.7801],[126.7652,37.7857],[126.7628,37.7913],[126.7615,37.7925],[126.7629,37.7984],[126.7613,37.7995],[126.7578,37.8039],[126.7592,37.81],[126.7526,37.8134],[126.7524,37.8156],[126.7534,37.8172],[126.7518,37.8218],[126.7537,37.8249],[126.7567,37.8259],[126.7604,37.8289],[126.7601,37.8319],[126.7608,37.8333],[126.766,37.8318],[126.7706,37.8339],[126.7741,37.8365],[126.783,37.8375],[126.7839,37.8361],[126.7834,37.8342],[126.7861,37.8304],[126.7865,37.8285],[126.7835,37.8235],[126.7841,37.8161],[126.7864,37.8071],[126.7889,37.8023],[126.7954,37.8005],[126.7991,37.7985],[126.8032,37.7982],[126.8108,37.801],[126.8235,37.8001],[126.8275,37.8006],[126.8303,37.8026],[126.8332,37.8029]]]]}},{"type":"Feature","properties":{"c":"4148032000","n":"경기도 파주시 탄현면","sg":"파주시","sd":"경기도","p":14276,"a":59.152,"d":241},"geometry":{"type":"MultiPolygon","coordinates":[[[[126.7596,37.8285],[126.7567,37.8259],[126.7537,37.8249],[126.7518,37.8218],[126.7534,37.8172],[126.7524,37.8156],[126.7526,37.8134],[126.7592,37.81],[126.7593,37.8085],[126.7576,37.8046],[126.759,37.8019],[126.7518,37.7959],[126.7511,37.8004],[126.7479,37.8007],[126.744,37.7993],[126.7369,37.7981],[126.727,37.7993],[126.723,37.7923],[126.7218,37.7884],[126.7227,37.7838],[126.7209,37.7817],[126.7208,37.7804],[126.7238,37.7796],[126.7251,37.7775],[126.7241,37.7708],[126.7314,37.7608],[126.7346,37.7576],[126.7329,37.7556],[126.73,37.7548],[126.7241,37.7575],[126.7224,37.7564],[126.7213,37.7544],[126.7164,37.753],[126.7111,37.7529],[126.7113,37.7577],[126.7119,37.7586],[126.7111,37.76],[126.7097,37.7609],[126.7069,37.7602],[126.7044,37.7585],[126.7034,37.7587],[126.702,37.7612],[126.7003,37.7617],[126.6978,37.7605],[126.6961,37.7575],[126.6945,37.757],[126.69,37.7575],[126.6762,37.755],[126.6729,37.7694],[126.6699,37.7777],[126.6664,37.7859],[126.6633,37.7874],[126.6622,37.7902],[126.6651,37.7986],[126.666,37.8121],[126.6716,37.8266],[126.674,37.831],[126.6718,37.8329],[126.6924,37.8412],[126.7041,37.8443],[126.7078,37.8449],[126.7109,37.8445],[126.7147,37.8432],[126.7249,37.8436],[126.7341,37.8451],[126.7424,37.8479],[126.7464,37.8431],[126.7458,37.8397],[126.7477,37.8365],[126.7536,37.831],[126.7573,37.8286],[126.7596,37.8285]]]]}},{"type":"Feature","properties":{"c":"4148035000","n":"경기도 파주시 광탄면","sg":"파주시","sd":"경기도","p":9946,"a":66.364,"d":150},"geometry":{"type":"MultiPolygon","coordinates":[[[[126.9023,37.8247],[126.9056,37.8201],[126.9102,37.8165],[126.9088,37.8105],[126.9116,37.8082],[126.9119,37.8061],[126.9099,37.8047],[126.9067,37.8036],[126.9055,37.8021],[126.9053,37.7966],[126.9039,37.7909],[126.912,37.7921],[126.9146,37.7917],[126.9195,37.7904],[126.9213,37.7882],[126.9272,37.7851],[126.9321,37.7888],[126.9381,37.7869],[126.9334,37.7799],[126.9363,37.7742],[126.9328,37.7707],[126.9339,37.7676],[126.9309,37.7631],[126.9287,37.7576],[126.9316,37.7554],[126.932,37.7539],[126.9297,37.7485],[126.9278,37.7493],[126.9218,37.747],[126.9156,37.7481],[126.9088,37.747],[126.9082,37.7454],[126.9089,37.7449],[126.9036,37.7416],[126.9009,37.7371],[126.9019,37.7343],[126.9022,37.7284],[126.8993,37.7268],[126.8947,37.7268],[126.8917,37.7253],[126.8887,37.7228],[126.8869,37.7189],[126.8847,37.7182],[126.8836,37.7194],[126.8827,37.7193],[126.8833,37.7198],[126.881,37.7262],[126.8771,37.7262],[126.876,37.7255],[126.8734,37.7261],[126.8715,37.7293],[126.8676,37.7296],[126.865,37.7325],[126.8609,37.7327],[126.8589,37.7334],[126.8589,37.7341],[126.8566,37.7357],[126.8587,37.7403],[126.8578,37.7461],[126.8543,37.7535],[126.8512,37.7582],[126.8505,37.7633],[126.8494,37.764],[126.8458,37.7638],[126.8453,37.7657],[126.8461,37.7691],[126.8426,37.773],[126.8404,37.7804],[126.8393,37.7815],[126.8374,37.7819],[126.8336,37.7809],[126.8304,37.7811],[126.8329,37.7818],[126.8324,37.7837],[126.8305,37.786],[126.8319,37.7895],[126.8345,37.7931],[126.8365,37.7982],[126.8388,37.7994],[126.836,37.802],[126.8332,37.8029],[126.8355,37.8042],[126.8374,37.8106],[126.8447,37.8168],[126.859,37.8193],[126.8595,37.8201],[126.8611,37.8174],[126.8641,37.818],[126.8672,37.8167],[126.8734,37.816],[126.874,37.8171],[126.8788,37.8153],[126.8866,37.8237],[126.8858,37.8266],[126.8907,37.8261],[126.8936,37.8265],[126.8996,37.8261],[126.9023,37.8247]]]]}},{"type":"Feature","properties":{"c":"4148036000","n":"경기도 파주시 파평면","sg":"파주시","sd":"경기도","p":3341,"a":42.328,"d":79},"geometry":{"type":"MultiPolygon","coordinates":[[[[126.9008,37.9271],[126.8976,37.9267],[126.8943,37.925],[126.8912,37.923],[126.8875,37.9194],[126.881,37.919],[126.8799,37.9151],[126.8808,37.9125],[126.8656,37.9003],[126.8689,37.8941],[126.8696,37.8877],[126.8646,37.8847],[126.8605,37.8793],[126.8579,37.8785],[126.8567,37.8761],[126.8556,37.8755],[126.8542,37.8755],[126.852,37.877],[126.8495,37.8767],[126.8468,37.8776],[126.8454,37.8797],[126.8425,37.8817],[126.841,37.8847],[126.8362,37.8835],[126.8274,37.8822],[126.8268,37.8816],[126.8266,37.8789],[126.8226,37.8749],[126.8165,37.8725],[126.8138,37.872],[126.8111,37.8722],[126.8113,37.8749],[126.8121,37.8761],[126.8113,37.8778],[126.8054,37.8783],[126.8032,37.8802],[126.8021,37.8795],[126.7983,37.8809],[126.7968,37.8835],[126.7977,37.8851],[126.7999,37.8861],[126.8,37.8868],[126.7987,37.8928],[126.8052,37.8912],[126.8071,37.8913],[126.8117,37.8937],[126.8183,37.9004],[126.8257,37.9146],[126.827,37.9182],[126.8297,37.9349],[126.8327,37.9476],[126.8325,37.9522],[126.8337,37.9563],[126.8374,37.9545],[126.8403,37.9545],[126.8426,37.9538],[126.8454,37.952],[126.8487,37.9483],[126.8502,37.9474],[126.8587,37.9479],[126.8646,37.9491],[126.8717,37.9478],[126.8805,37.9433],[126.889,37.9426],[126.8939,37.941],[126.9019,37.9417],[126.9058,37.9369],[126.9065,37.9347],[126.9039,37.9301],[126.9008,37.9271]]]]}},{"type":"Feature","properties":{"c":"4148037000","n":"경기도 파주시 적성면","sg":"파주시","sd":"경기도","p":6323,"a":88.776,"d":71},"geometry":{"type":"MultiPolygon","coordinates":[[[[126.9921,38.0034],[126.9961,38.0014],[127.001,37.9963],[127.0103,37.9932],[127.0131,37.9935],[127.0149,37.9926],[127.017,37.9869],[127.0159,37.9858],[127.0126,37.9846],[127.0113,37.9761],[127.0105,37.9754],[127.0085,37.9738],[127.0064,37.9732],[127.0008,37.9739],[126.9964,37.9732],[126.9912,37.9669],[126.9885,37.9601],[126.9818,37.9566],[126.9791,37.9541],[126.9774,37.9486],[126.9774,37.9461],[126.9762,37.9443],[126.9734,37.942],[126.9703,37.942],[126.9669,37.9393],[126.9648,37.939],[126.9641,37.9329],[126.9651,37.9282],[126.963,37.9271],[126.9618,37.9253],[126.962,37.9229],[126.96,37.9202],[126.9563,37.9223],[126.9496,37.919],[126.9506,37.9168],[126.9547,37.9125],[126.9532,37.9087],[126.9508,37.9072],[126.9476,37.9026],[126.9467,37.8996],[126.9485,37.8967],[126.9482,37.8938],[126.946,37.8885],[126.9425,37.8918],[126.9401,37.8931],[126.9362,37.8988],[126.9324,37.8989],[126.9292,37.8997],[126.9255,37.9016],[126.9172,37.9075],[126.9153,37.9107],[126.9118,37.9107],[126.9096,37.9123],[126.9074,37.9178],[126.9072,37.9208],[126.9055,37.9213],[126.9035,37.9232],[126.9008,37.9271],[126.9039,37.9301],[126.9065,37.9347],[126.9058,37.9369],[126.9019,37.9417],[126.8939,37.941],[126.889,37.9426],[126.8805,37.9433],[126.8717,37.9478],[126.8646,37.9491],[126.8587,37.9479],[126.8502,37.9474],[126.8487,37.9483],[126.8454,37.952],[126.8426,37.9538],[126.8403,37.9545],[126.8374,37.9545],[126.8337,37.9563],[126.8358,37.9598],[126.8358,37.9638],[126.8368,37.9647],[126.8378,37.9733],[126.8402,37.9809],[126.844,37.985],[126.8481,37.987],[126.8528,37.9876],[126.8549,37.9872],[126.866,37.9774],[126.8718,37.9711],[126.8814,37.9668],[126.8878,37.9661],[126.8935,37.968],[126.8955,37.9711],[126.892,37.9808],[126.8912,37.9871],[126.8917,37.9924],[126.8942,37.9971],[126.894,37.999],[126.8947,37.9994],[126.8982,37.9971],[126.9048,37.9944],[126.9216,37.9859],[126.9317,37.9823],[126.9372,37.9817],[126.9438,37.9836],[126.9525,37.988],[126.9566,37.9917],[126.9617,37.9977],[126.9696,38.0033],[126.9787,38.0037],[126.9821,38.0047],[126.9858,38.0031],[126.9921,38.0034]]]]}},{"type":"Feature","properties":{"c":"4148052000","n":"경기도 파주시 금촌2동","sg":"파주시","sd":"경기도","p":29656,"a":2.714,"d":10927},"geometry":{"type":"MultiPolygon","coordinates":[[[[126.7994,37.7491],[126.7973,37.7488],[126.7947,37.7469],[126.7925,37.7462],[126.7838,37.7475],[126.7767,37.7462],[126.7724,37.7465],[126.7679,37.7476],[126.7648,37.7465],[126.7611,37.7493],[126.7599,37.7522],[126.7625,37.7563],[126.7622,37.7596],[126.7653,37.7578],[126.7736,37.7573],[126.7737,37.7541],[126.7843,37.7541],[126.7994,37.7491]]]]}},{"type":"Feature","properties":{"c":"4148051000","n":"경기도 파주시 금촌1동","sg":"파주시","sd":"경기도","p":21993,"a":4.618,"d":4762},"geometry":{"type":"MultiPolygon","coordinates":[[[[126.804,37.7621],[126.8027,37.7608],[126.8015,37.7581],[126.7963,37.7576],[126.7949,37.7548],[126.7994,37.7491],[126.7843,37.7541],[126.7737,37.7541],[126.7736,37.7573],[126.7653,37.7578],[126.758,37.7627],[126.7605,37.7643],[126.7644,37.7655],[126.7672,37.7649],[126.7715,37.7654],[126.7778,37.7679],[126.7833,37.7688],[126.7877,37.7708],[126.7898,37.7704],[126.7922,37.7689],[126.7943,37.7654],[126.7966,37.7629],[126.804,37.7621]]]]}},{"type":"Feature","properties":{"c":"4148053000","n":"경기도 파주시 금촌3동","sg":"파주시","sd":"경기도","p":24037,"a":16.756,"d":1434},"geometry":{"type":"MultiPolygon","coordinates":[[[[126.7877,37.7708],[126.7833,37.7688],[126.7778,37.7679],[126.7715,37.7654],[126.7672,37.7649],[126.7644,37.7655],[126.7605,37.7643],[126.758,37.7627],[126.7473,37.7658],[126.7469,37.7643],[126.7412,37.7609],[126.736,37.7622],[126.7349,37.7582],[126.7346,37.7576],[126.7339,37.7578],[126.7241,37.7708],[126.7252,37.7772],[126.7247,37.7783],[126.7238,37.7796],[126.7208,37.7804],[126.7209,37.7817],[126.7227,37.7838],[126.7218,37.7884],[126.723,37.7923],[126.7264,37.7986],[126.7278,37.7994],[126.7332,37.7982],[126.7369,37.7981],[126.744,37.7993],[126.7479,37.8007],[126.7511,37.8004],[126.7518,37.7959],[126.759,37.8019],[126.7629,37.7984],[126.7615,37.7925],[126.7628,37.7913],[126.7652,37.7857],[126.7739,37.7801],[126.777,37.7788],[126.7801,37.7785],[126.7819,37.7762],[126.7825,37.7726],[126.7832,37.7719],[126.7869,37.7714],[126.7877,37.7708]]]]}},{"type":"Feature","properties":{"c":"4148059000","n":"경기도 파주시 운정5동","sg":"파주시","sd":"경기도","p":58904,"a":5.461,"d":10787},"geometry":{"type":"MultiPolygon","coordinates":[[[[126.705,37.7156],[126.7049,37.7176],[126.6997,37.7192],[126.6996,37.7224],[126.7024,37.7235],[126.7044,37.727],[126.712,37.7335],[126.717,37.7389],[126.721,37.7393],[126.7264,37.7416],[126.7278,37.7443],[126.7328,37.7458],[126.7356,37.748],[126.7373,37.7482],[126.7377,37.7474],[126.737,37.7467],[126.7357,37.7468],[126.7347,37.7448],[126.7376,37.736],[126.7296,37.7327],[126.7244,37.7294],[126.7248,37.7161],[126.7187,37.7163],[126.705,37.7156]]]]}},{"type":"Feature","properties":{"c":"4148055000","n":"경기도 파주시 운정1동","sg":"파주시","sd":"경기도","p":58624,"a":5.366,"d":10924},"geometry":{"type":"MultiPolygon","coordinates":[[[[126.7692,37.7452],[126.772,37.7395],[126.772,37.7372],[126.7632,37.7166],[126.7589,37.7172],[126.7504,37.7166],[126.7468,37.7172],[126.748,37.7205],[126.7515,37.7259],[126.7513,37.731],[126.7488,37.7352],[126.7465,37.7331],[126.7422,37.733],[126.741,37.7369],[126.7486,37.7395],[126.7582,37.745],[126.7607,37.7454],[126.7692,37.7452]]]]}},{"type":"Feature","properties":{"c":"4148056000","n":"경기도 파주시 운정2동","sg":"파주시","sd":"경기도","p":63845,"a":3.234,"d":19744},"geometry":{"type":"MultiPolygon","coordinates":[[[[126.741,37.7369],[126.7422,37.733],[126.7465,37.7331],[126.7488,37.7352],[126.7513,37.731],[126.7515,37.7259],[126.748,37.7205],[126.7468,37.7172],[126.7434,37.7181],[126.7392,37.7184],[126.7319,37.717],[126.7319,37.7236],[126.7269,37.7311],[126.7339,37.7347],[126.741,37.7369]]]]}},{"type":"Feature","properties":{"c":"4148057000","n":"경기도 파주시 운정3동","sg":"파주시","sd":"경기도","p":67025,"a":3.959,"d":16930},"geometry":{"type":"MultiPolygon","coordinates":[[[[126.7632,37.7166],[126.7613,37.7119],[126.7611,37.704],[126.7601,37.7033],[126.7555,37.7049],[126.748,37.7031],[126.7402,37.7051],[126.7361,37.7046],[126.7299,37.7049],[126.728,37.707],[126.7304,37.7082],[126.7319,37.717],[126.7392,37.7184],[126.7434,37.7181],[126.7504,37.7166],[126.7589,37.7172],[126.7632,37.7166]]]]}},{"type":"Feature","properties":{"c":"4150025000","n":"경기도 이천시 장호원읍","sg":"이천시","sd":"경기도","p":13977,"a":60.818,"d":230},"geometry":{"type":"MultiPolygon","coordinates":[[[[127.6308,37.1657],[127.6312,37.1639],[127.6302,37.1593],[127.6286,37.1558],[127.6289,37.1531],[127.6302,37.1495],[127.6331,37.1453],[127.6371,37.1423],[127.6378,37.141],[127.6341,37.1237],[127.6351,37.1172],[127.6344,37.106],[127.635,37.1029],[127.6325,37.0974],[127.6311,37.0963],[127.6228,37.0929],[127.6166,37.0889],[127.6124,37.087],[127.6099,37.0861],[127.6037,37.086],[127.6007,37.0853],[127.5978,37.0867],[127.5922,37.0872],[127.5901,37.0891],[127.5893,37.0919],[127.5841,37.0945],[127.576,37.097],[127.5735,37.0962],[127.5681,37.0981],[127.5645,37.0982],[127.5628,37.0989],[127.5607,37.1012],[127.5612,37.1063],[127.5595,37.1082],[127.5636,37.1166],[127.5659,37.1177],[127.5676,37.1215],[127.5582,37.1335],[127.5591,37.1373],[127.5587,37.1394],[127.5564,37.1424],[127.5555,37.1492],[127.554,37.1507],[127.5539,37.1519],[127.5557,37.1588],[127.5627,37.1647],[127.5667,37.1659],[127.5703,37.1691],[127.5705,37.1702],[127.5725,37.1713],[127.5753,37.1743],[127.5772,37.1752],[127.5776,37.1772],[127.5724,37.1847],[127.5764,37.1892],[127.5781,37.1895],[127.5805,37.1875],[127.5838,37.187],[127.5906,37.1879],[127.593,37.1896],[127.596,37.1896],[127.5981,37.1879],[127.5993,37.1831],[127.6017,37.1834],[127.6048,37.1789],[127.6124,37.1734],[127.614,37.1702],[127.6141,37.1677],[127.6158,37.1633],[127.6195,37.1624],[127.6253,37.1649],[127.6266,37.166],[127.6296,37.1664],[127.6308,37.1657]]]]}},{"type":"Feature","properties":{"c":"4150025300","n":"경기도 이천시 부발읍","sg":"이천시","sd":"경기도","p":35788,"a":42.509,"d":842},"geometry":{"type":"MultiPolygon","coordinates":[[[[127.5291,37.3171],[127.5288,37.3162],[127.5336,37.3141],[127.5426,37.3131],[127.5447,37.3122],[127.5464,37.3099],[127.5464,37.3014],[127.5431,37.2964],[127.5427,37.2948],[127.5368,37.2897],[127.5344,37.2893],[127.5292,37.2735],[127.53,37.2675],[127.5324,37.2607],[127.5327,37.2573],[127.5371,37.2516],[127.5374,37.2466],[127.5328,37.2435],[127.5297,37.2429],[127.5256,37.2405],[127.5252,37.2393],[127.527,37.2295],[127.5252,37.2271],[127.5198,37.2227],[127.5164,37.2233],[127.512,37.2213],[127.5115,37.2203],[127.5097,37.2242],[127.5109,37.2265],[127.5176,37.2326],[127.5163,37.2347],[127.5094,37.2392],[127.5067,37.2402],[127.5012,37.2411],[127.4986,37.2467],[127.4987,37.2476],[127.5,37.2482],[127.4998,37.249],[127.4957,37.2492],[127.4953,37.2486],[127.4958,37.2463],[127.4944,37.2454],[127.4792,37.2461],[127.4784,37.2465],[127.4771,37.2489],[127.4731,37.2516],[127.4686,37.2527],[127.4643,37.255],[127.4644,37.2561],[127.4635,37.2579],[127.4594,37.2587],[127.4566,37.2624],[127.4653,37.2716],[127.4758,37.2845],[127.4766,37.2862],[127.4763,37.291],[127.4779,37.2931],[127.4813,37.293],[127.4854,37.2937],[127.4979,37.2986],[127.5008,37.3027],[127.5066,37.3049],[127.512,37.3101],[127.5177,37.312],[127.5197,37.3133],[127.5229,37.3192],[127.5269,37.3182],[127.5291,37.3171]]]]}},{"type":"Feature","properties":{"c":"4150031000","n":"경기도 이천시 신둔면","sg":"이천시","sd":"경기도","p":13840,"a":36.552,"d":379},"geometry":{"type":"MultiPolygon","coordinates":[[[[127.4488,37.3522],[127.4473,37.3498],[127.4469,37.3466],[127.4474,37.3419],[127.4455,37.3401],[127.4485,37.3339],[127.4556,37.3288],[127.4574,37.3254],[127.453,37.3252],[127.4493,37.3228],[127.4563,37.318],[127.462,37.3109],[127.4633,37.3063],[127.4619,37.3028],[127.4592,37.2998],[127.4569,37.3016],[127.4526,37.3029],[127.4387,37.3029],[127.4357,37.3042],[127.4315,37.305],[127.4297,37.3063],[127.4269,37.305],[127.4178,37.3054],[127.4139,37.3031],[127.4089,37.303],[127.4053,37.3004],[127.4075,37.2993],[127.4093,37.2972],[127.409,37.2941],[127.4065,37.2899],[127.4058,37.2851],[127.4038,37.2857],[127.4018,37.2873],[127.3908,37.2863],[127.387,37.285],[127.3851,37.282],[127.3811,37.2793],[127.3752,37.28],[127.3683,37.2829],[127.3631,37.2888],[127.3589,37.2885],[127.3569,37.2937],[127.3575,37.2955],[127.3571,37.2988],[127.3551,37.3],[127.3545,37.3014],[127.357,37.3037],[127.3577,37.3051],[127.3613,37.3072],[127.3643,37.3077],[127.3649,37.3085],[127.3649,37.3099],[127.3636,37.3122],[127.3634,37.3158],[127.365,37.3166],[127.3674,37.3151],[127.3696,37.3152],[127.3721,37.317],[127.3727,37.3187],[127.3759,37.3207],[127.3768,37.3207],[127.3784,37.3193],[127.3815,37.319],[127.3872,37.3189],[127.3903,37.3197],[127.3925,37.321],[127.3936,37.3235],[127.3979,37.3261],[127.3999,37.3272],[127.405,37.3277],[127.408,37.3309],[127.4125,37.3339],[127.415,37.3341],[127.4206,37.3386],[127.4219,37.3429],[127.4237,37.3441],[127.43,37.3466],[127.4338,37.3508],[127.4353,37.3544],[127.4425,37.3584],[127.4439,37.3577],[127.4488,37.3522]]]]}},{"type":"Feature","properties":{"c":"4150032000","n":"경기도 이천시 백사면","sg":"이천시","sd":"경기도","p":12620,"a":32.5,"d":388},"geometry":{"type":"MultiPolygon","coordinates":[[[[127.5291,37.3171],[127.5269,37.3182],[127.5229,37.3192],[127.5209,37.3147],[127.5187,37.3125],[127.512,37.3101],[127.5066,37.3049],[127.501,37.3028],[127.4979,37.2986],[127.4854,37.2937],[127.4785,37.2929],[127.472,37.2962],[127.4671,37.2956],[127.4623,37.2967],[127.4592,37.2998],[127.4619,37.3028],[127.4633,37.3063],[127.462,37.3109],[127.4563,37.318],[127.4493,37.3228],[127.453,37.3252],[127.4574,37.3254],[127.4556,37.3288],[127.4485,37.3339],[127.4455,37.3401],[127.4474,37.3419],[127.4469,37.3466],[127.4473,37.3498],[127.4488,37.3522],[127.4548,37.3541],[127.4561,37.3559],[127.4602,37.3582],[127.4625,37.3588],[127.4638,37.3581],[127.4647,37.3584],[127.4705,37.3615],[127.4749,37.3574],[127.4782,37.3559],[127.4839,37.3506],[127.4872,37.349],[127.4895,37.3424],[127.4998,37.3397],[127.5021,37.3379],[127.5082,37.3382],[127.5103,37.3396],[127.5136,37.3394],[127.5156,37.3376],[127.5169,37.3345],[127.5209,37.33],[127.5269,37.3295],[127.5293,37.3265],[127.5265,37.3225],[127.5295,37.3205],[127.5291,37.3171]]]]}},{"type":"Feature","properties":{"c":"4150033000","n":"경기도 이천시 호법면","sg":"이천시","sd":"경기도","p":6339,"a":37.911,"d":167},"geometry":{"type":"MultiPolygon","coordinates":[[[[127.4492,37.2113],[127.4438,37.2061],[127.4408,37.1991],[127.4395,37.194],[127.4354,37.1904],[127.434,37.1906],[127.4331,37.1915],[127.4287,37.1921],[127.4266,37.1918],[127.4206,37.1884],[127.4166,37.1845],[127.4111,37.1835],[127.4097,37.1842],[127.4036,37.1803],[127.4019,37.1802],[127.399,37.181],[127.3883,37.1814],[127.3824,37.1827],[127.3819,37.1867],[127.3812,37.1876],[127.3753,37.1851],[127.3722,37.186],[127.372,37.1898],[127.3739,37.1899],[127.376,37.191],[127.3782,37.1956],[127.3694,37.2047],[127.3683,37.2093],[127.3738,37.216],[127.3788,37.2151],[127.3818,37.2159],[127.3818,37.2177],[127.3833,37.2185],[127.3925,37.2191],[127.3949,37.224],[127.3953,37.2261],[127.3949,37.2274],[127.3931,37.2281],[127.3928,37.2287],[127.3925,37.2309],[127.3944,37.2355],[127.3944,37.2375],[127.3906,37.2432],[127.391,37.2449],[127.3939,37.2468],[127.3946,37.2468],[127.3979,37.2449],[127.404,37.2427],[127.4041,37.2415],[127.406,37.2418],[127.4093,37.2442],[127.4093,37.2454],[127.4119,37.2484],[127.4169,37.2522],[127.4173,37.2542],[127.4187,37.2556],[127.4208,37.2561],[127.4242,37.2505],[127.4255,37.2499],[127.4284,37.2498],[127.4309,37.2482],[127.4326,37.2482],[127.4359,37.2497],[127.4366,37.2515],[127.4377,37.2521],[127.4439,37.2515],[127.4466,37.2531],[127.4471,37.2529],[127.4483,37.2491],[127.4488,37.2437],[127.4482,37.2377],[127.442,37.23],[127.442,37.2257],[127.4434,37.2205],[127.4426,37.2182],[127.4405,37.2158],[127.4405,37.2133],[127.441,37.2122],[127.4432,37.2117],[127.4492,37.2113]]]]}},{"type":"Feature","properties":{"c":"4150034000","n":"경기도 이천시 마장면","sg":"이천시","sd":"경기도","p":16787,"a":51.429,"d":326},"geometry":{"type":"MultiPolygon","coordinates":[[[[127.3571,37.2946],[127.3569,37.2937],[127.3589,37.2885],[127.3631,37.2888],[127.3682,37.283],[127.3752,37.28],[127.3812,37.2793],[127.3851,37.282],[127.387,37.285],[127.3908,37.2863],[127.3985,37.2872],[127.4018,37.2873],[127.4038,37.2857],[127.411,37.2833],[127.4127,37.282],[127.4145,37.2792],[127.4144,37.274],[127.4168,37.2724],[127.4164,37.2703],[127.4173,37.2641],[127.4216,37.2591],[127.4208,37.2561],[127.4181,37.2552],[127.4173,37.2542],[127.4169,37.2522],[127.4119,37.2484],[127.4093,37.2454],[127.4093,37.2442],[127.406,37.2418],[127.4041,37.2415],[127.404,37.2427],[127.3979,37.2449],[127.3946,37.2468],[127.3911,37.245],[127.3906,37.2432],[127.3944,37.2375],[127.3944,37.2355],[127.3925,37.2309],[127.3928,37.2287],[127.3931,37.2281],[127.3949,37.2274],[127.3953,37.2261],[127.3949,37.224],[127.3925,37.2191],[127.3833,37.2185],[127.3818,37.2177],[127.3818,37.2159],[127.3788,37.2151],[127.3738,37.216],[127.3683,37.2093],[127.3693,37.2049],[127.3704,37.2039],[127.3611,37.2004],[127.3568,37.2006],[127.3559,37.2026],[127.3484,37.2044],[127.3472,37.2061],[127.3452,37.2075],[127.3422,37.2081],[127.3396,37.2121],[127.3385,37.2163],[127.3319,37.22],[127.3309,37.223],[127.3334,37.2272],[127.3345,37.2353],[127.3342,37.2388],[127.3312,37.2431],[127.3334,37.2493],[127.3361,37.2516],[127.3386,37.2524],[127.3362,37.2578],[127.3364,37.2605],[127.3367,37.2612],[127.3402,37.2632],[127.3409,37.265],[127.3389,37.2713],[127.3407,37.2728],[127.3433,37.2732],[127.345,37.274],[127.3491,37.2768],[127.3482,37.2792],[127.3432,37.2824],[127.3425,37.286],[127.3401,37.2881],[127.3432,37.2911],[127.346,37.2913],[127.348,37.29],[127.3531,37.2923],[127.3546,37.2943],[127.3571,37.2946]]]]}},{"type":"Feature","properties":{"c":"4150035000","n":"경기도 이천시 대월면","sg":"이천시","sd":"경기도","p":14782,"a":31.325,"d":472},"geometry":{"type":"MultiPolygon","coordinates":[[[[127.5255,37.2276],[127.5276,37.2274],[127.5301,37.2178],[127.5299,37.2118],[127.5315,37.2082],[127.5315,37.2054],[127.5308,37.205],[127.5301,37.2028],[127.5313,37.2],[127.5311,37.1981],[127.5279,37.197],[127.5262,37.1952],[127.5259,37.1939],[127.5193,37.1873],[127.5143,37.184],[127.5131,37.1812],[127.5091,37.1783],[127.5081,37.175],[127.5052,37.1721],[127.5003,37.1725],[127.5001,37.1761],[127.4987,37.1786],[127.4933,37.1803],[127.4916,37.1839],[127.4927,37.1866],[127.4918,37.189],[127.4866,37.1892],[127.4858,37.1883],[127.4844,37.1885],[127.479,37.1936],[127.4774,37.1966],[127.4781,37.1984],[127.4762,37.1993],[127.4749,37.1993],[127.4721,37.1971],[127.4704,37.2074],[127.4693,37.2088],[127.4692,37.2133],[127.4671,37.2155],[127.4658,37.219],[127.4653,37.2258],[127.4706,37.2338],[127.4692,37.2349],[127.469,37.2367],[127.4713,37.2395],[127.4732,37.2403],[127.4761,37.2428],[127.4747,37.2503],[127.4772,37.2488],[127.4784,37.2465],[127.4792,37.2461],[127.4944,37.2454],[127.4958,37.2463],[127.4953,37.2486],[127.4957,37.2492],[127.4998,37.249],[127.5,37.2482],[127.4987,37.2476],[127.4986,37.2467],[127.5012,37.2411],[127.5067,37.2402],[127.5094,37.2392],[127.5163,37.2347],[127.5176,37.2326],[127.5109,37.2265],[127.5097,37.2242],[127.5115,37.2203],[127.512,37.2213],[127.5164,37.2233],[127.5198,37.2227],[127.5255,37.2276]]]]}},{"type":"Feature","properties":{"c":"4150036000","n":"경기도 이천시 모가면","sg":"이천시","sd":"경기도","p":3952,"a":40.875,"d":97},"geometry":{"type":"MultiPolygon","coordinates":[[[[127.4721,37.1971],[127.4749,37.1993],[127.4762,37.1993],[127.4781,37.1984],[127.4774,37.1966],[127.479,37.1936],[127.4844,37.1885],[127.4858,37.1883],[127.4866,37.1892],[127.4918,37.189],[127.4927,37.1866],[127.4916,37.1839],[127.4933,37.1803],[127.4987,37.1786],[127.5001,37.1761],[127.5003,37.1725],[127.5052,37.1721],[127.5023,37.1694],[127.5008,37.1667],[127.498,37.1582],[127.4979,37.1572],[127.4994,37.1549],[127.4981,37.1506],[127.4998,37.1483],[127.4991,37.147],[127.4909,37.1437],[127.4771,37.1451],[127.4749,37.1438],[127.4747,37.1414],[127.4665,37.141],[127.4615,37.1422],[127.4609,37.1445],[127.4567,37.1475],[127.4542,37.1483],[127.4503,37.1481],[127.4497,37.1486],[127.4468,37.1487],[127.4454,37.1494],[127.4416,37.1492],[127.4388,37.148],[127.4339,37.1483],[127.4327,37.1488],[127.4298,37.1477],[127.4235,37.1518],[127.4179,37.1514],[127.4148,37.1521],[127.4123,37.1551],[127.4097,37.1644],[127.4106,37.1675],[127.413,37.17],[127.4141,37.1734],[127.4111,37.1835],[127.4169,37.1847],[127.4206,37.1884],[127.4266,37.1918],[127.4287,37.1921],[127.4331,37.1915],[127.4349,37.1904],[127.4362,37.1908],[127.4395,37.194],[127.4408,37.1991],[127.4438,37.2061],[127.4492,37.2113],[127.4497,37.2079],[127.4542,37.2031],[127.4577,37.2011],[127.4594,37.201],[127.4624,37.1997],[127.468,37.1953],[127.4721,37.1971]]]]}},{"type":"Feature","properties":{"c":"4150037000","n":"경기도 이천시 설성면","sg":"이천시","sd":"경기도","p":4135,"a":52.105,"d":79},"geometry":{"type":"MultiPolygon","coordinates":[[[[127.5705,37.1702],[127.5703,37.1691],[127.5667,37.1659],[127.5627,37.1647],[127.5557,37.1588],[127.5548,37.1569],[127.554,37.1508],[127.5555,37.1492],[127.5564,37.1424],[127.5587,37.1394],[127.5591,37.1373],[127.5582,37.1336],[127.5676,37.1213],[127.5659,37.1177],[127.5641,37.1171],[127.5612,37.1124],[127.5595,37.1081],[127.5612,37.1063],[127.5607,37.1012],[127.5577,37.0995],[127.5536,37.1003],[127.5453,37.1036],[127.5393,37.1037],[127.5367,37.1047],[127.5347,37.1042],[127.5305,37.1017],[127.5254,37.1011],[127.5213,37.0981],[127.5194,37.0986],[127.5193,37.1002],[127.5183,37.101],[127.513,37.1001],[127.5125,37.1004],[127.5146,37.1012],[127.5133,37.1055],[127.5077,37.1058],[127.5039,37.1095],[127.5029,37.1182],[127.4984,37.1238],[127.4968,37.1245],[127.4937,37.1239],[127.4925,37.1231],[127.4805,37.1266],[127.4752,37.1274],[127.47,37.1295],[127.4583,37.1302],[127.4535,37.1352],[127.4503,37.1415],[127.4479,37.1446],[127.4497,37.1461],[127.4503,37.1481],[127.4542,37.1483],[127.4567,37.1475],[127.4598,37.1454],[127.4609,37.1445],[127.4615,37.1422],[127.4629,37.1416],[127.4665,37.141],[127.4744,37.1413],[127.4751,37.1419],[127.4749,37.1438],[127.4771,37.1451],[127.4909,37.1437],[127.4991,37.147],[127.4998,37.1483],[127.4981,37.1506],[127.4994,37.1549],[127.4979,37.1578],[127.5007,37.1664],[127.5023,37.1694],[127.5078,37.1746],[127.5091,37.1783],[127.5129,37.181],[127.514,37.1837],[127.516,37.1853],[127.5174,37.1848],[127.5175,37.1821],[127.5229,37.1812],[127.5266,37.176],[127.5268,37.1735],[127.5278,37.173],[127.5468,37.1742],[127.5528,37.1754],[127.5567,37.177],[127.5588,37.1809],[127.5662,37.1764],[127.5689,37.1736],[127.5705,37.1702]]]]}},{"type":"Feature","properties":{"c":"4150038000","n":"경기도 이천시 율면","sg":"이천시","sd":"경기도","p":2400,"a":36.361,"d":66},"geometry":{"type":"MultiPolygon","coordinates":[[[[127.5607,37.1012],[127.5628,37.0989],[127.5643,37.0982],[127.5681,37.0981],[127.5735,37.0962],[127.5759,37.097],[127.5843,37.0945],[127.5893,37.0919],[127.5901,37.0891],[127.5922,37.0872],[127.5978,37.0867],[127.6007,37.0853],[127.5997,37.0834],[127.6002,37.0818],[127.6045,37.0775],[127.6051,37.0703],[127.6042,37.0685],[127.603,37.0686],[127.6021,37.0706],[127.5959,37.0739],[127.5891,37.0727],[127.5877,37.0738],[127.5841,37.0749],[127.5795,37.0754],[127.5762,37.074],[127.5736,37.0699],[127.5665,37.0631],[127.5651,37.0603],[127.565,37.0589],[127.5679,37.0555],[127.5671,37.0525],[127.5685,37.0491],[127.5681,37.0477],[127.56,37.043],[127.5504,37.0454],[127.5445,37.0487],[127.5439,37.0495],[127.5401,37.051],[127.532,37.0556],[127.5279,37.0551],[127.5231,37.0554],[127.5198,37.0568],[127.5183,37.0584],[127.5125,37.0562],[127.51,37.0526],[127.5092,37.0496],[127.5048,37.048],[127.4991,37.0478],[127.4905,37.0515],[127.49,37.0528],[127.4935,37.0565],[127.4978,37.0572],[127.5048,37.0604],[127.5072,37.0626],[127.5085,37.0641],[127.5068,37.0693],[127.5076,37.0699],[127.5111,37.0701],[127.5125,37.0713],[127.5147,37.0762],[127.5141,37.078],[127.5149,37.0803],[127.5159,37.0813],[127.5186,37.0824],[127.5162,37.0844],[127.5156,37.0857],[127.5148,37.0934],[127.5135,37.0956],[127.5105,37.0968],[127.5108,37.0992],[127.5118,37.1002],[127.5144,37.1001],[127.5183,37.101],[127.5193,37.1002],[127.5194,37.0986],[127.5213,37.0981],[127.5254,37.1011],[127.5305,37.1017],[127.5347,37.1042],[127.5367,37.1047],[127.5393,37.1037],[127.5453,37.1036],[127.5566,37.0995],[127.558,37.0996],[127.5607,37.1012]]]]}},{"type":"Feature","properties":{"c":"4150051000","n":"경기도 이천시 창전동","sg":"이천시","sd":"경기도","p":14885,"a":1.106,"d":13455},"geometry":{"type":"MultiPolygon","coordinates":[[[[127.4492,37.2771],[127.4438,37.2803],[127.4404,37.2804],[127.4408,37.2829],[127.4383,37.2838],[127.4352,37.2867],[127.4347,37.2876],[127.4355,37.2889],[127.441,37.2879],[127.4407,37.2865],[127.4412,37.2861],[127.4432,37.286],[127.4494,37.287],[127.4531,37.2849],[127.455,37.2828],[127.4543,37.2821],[127.4538,37.2825],[127.4492,37.2771]]]]}},{"type":"Feature","properties":{"c":"4150052000","n":"경기도 이천시 중리동","sg":"이천시","sd":"경기도","p":19051,"a":22.437,"d":849},"geometry":{"type":"MultiPolygon","coordinates":[[[[127.4404,37.2804],[127.4438,37.2803],[127.4492,37.2771],[127.4509,37.2746],[127.459,37.273],[127.4615,37.2718],[127.4653,37.2716],[127.4567,37.2619],[127.4594,37.2587],[127.4635,37.2579],[127.4644,37.2561],[127.4643,37.255],[127.4686,37.2527],[127.4723,37.252],[127.4747,37.2503],[127.4761,37.2428],[127.4732,37.2403],[127.4713,37.2395],[127.469,37.2367],[127.4692,37.2349],[127.4706,37.2338],[127.4653,37.2258],[127.4658,37.219],[127.4671,37.2155],[127.4692,37.2133],[127.4693,37.2088],[127.4704,37.2074],[127.4721,37.1971],[127.468,37.1953],[127.4624,37.1997],[127.4594,37.201],[127.4577,37.2011],[127.4533,37.2038],[127.4495,37.2082],[127.4492,37.2113],[127.4432,37.2117],[127.441,37.2122],[127.4405,37.2133],[127.4405,37.2158],[127.4426,37.2182],[127.4434,37.2205],[127.442,37.2257],[127.442,37.23],[127.4482,37.2377],[127.4488,37.2437],[127.4483,37.2491],[127.4471,37.2529],[127.4466,37.2531],[127.4439,37.2515],[127.4377,37.2521],[127.4366,37.2515],[127.4359,37.2497],[127.4326,37.2482],[127.4305,37.2484],[127.4283,37.2498],[127.4253,37.25],[127.4235,37.2512],[127.4208,37.2561],[127.4216,37.2591],[127.4173,37.2641],[127.4164,37.2703],[127.4168,37.2724],[127.4216,37.2713],[127.4232,37.2704],[127.4291,37.2728],[127.4327,37.2763],[127.4344,37.277],[127.4355,37.2761],[127.4368,37.2764],[127.4379,37.2802],[127.4404,37.2804]]]]}},{"type":"Feature","properties":{"c":"4150053000","n":"경기도 이천시 관고동","sg":"이천시","sd":"경기도","p":11236,"a":7.401,"d":1518},"geometry":{"type":"MultiPolygon","coordinates":[[[[127.4315,37.305],[127.4303,37.3049],[127.4281,37.3029],[127.4292,37.3015],[127.4291,37.2984],[127.4273,37.2982],[127.4268,37.2964],[127.4274,37.2949],[127.4299,37.2944],[127.4324,37.2908],[127.4355,37.2889],[127.4347,37.2876],[127.4361,37.2858],[127.4383,37.2838],[127.4408,37.2829],[127.4404,37.2804],[127.4379,37.2802],[127.4368,37.2764],[127.4355,37.2761],[127.4344,37.277],[127.4327,37.2763],[127.4291,37.2728],[127.4232,37.2704],[127.4216,37.2713],[127.4168,37.2724],[127.4146,37.2738],[127.4145,37.2792],[127.4127,37.282],[127.411,37.2833],[127.4058,37.2851],[127.4065,37.2899],[127.409,37.2941],[127.4093,37.2972],[127.4075,37.2993],[127.4053,37.3004],[127.4089,37.303],[127.4139,37.3031],[127.4178,37.3054],[127.4269,37.305],[127.4294,37.3063],[127.4315,37.305]]]]}},{"type":"Feature","properties":{"c":"4150051500","n":"경기도 이천시 증포동","sg":"이천시","sd":"경기도","p":56119,"a":8.922,"d":6290},"geometry":{"type":"MultiPolygon","coordinates":[[[[127.4315,37.305],[127.4409,37.3027],[127.4526,37.3029],[127.4576,37.3012],[127.4608,37.2977],[127.4629,37.2964],[127.4681,37.2956],[127.472,37.2962],[127.4779,37.2931],[127.4762,37.2907],[127.4764,37.2853],[127.4653,37.2716],[127.4615,37.2718],[127.459,37.273],[127.4509,37.2746],[127.4492,37.2771],[127.4538,37.2825],[127.4543,37.2821],[127.455,37.2828],[127.4531,37.2849],[127.4494,37.287],[127.4432,37.286],[127.4412,37.2861],[127.4407,37.2865],[127.441,37.2879],[127.4344,37.2893],[127.4319,37.2913],[127.4299,37.2944],[127.4274,37.2949],[127.4271,37.2977],[127.4291,37.2984],[127.4292,37.3015],[127.428,37.3029],[127.4303,37.3049],[127.4315,37.305]]]]}},{"type":"Feature","properties":{"c":"4155025000","n":"경기도 안성시 공도읍","sg":"안성시","sd":"경기도","p":71097,"a":33.206,"d":2141},"geometry":{"type":"MultiPolygon","coordinates":[[[[127.2165,37.0252],[127.2155,37.0214],[127.2116,37.014],[127.2119,37.0094],[127.2142,37.0004],[127.2121,36.9957],[127.2096,36.9935],[127.2081,36.9898],[127.2022,36.9876],[127.2012,36.9851],[127.2021,36.9847],[127.1797,36.9674],[127.1743,36.9654],[127.168,36.9652],[127.1568,36.9672],[127.1538,36.9694],[127.1491,36.9699],[127.1443,36.9715],[127.1356,36.9678],[127.1346,36.9661],[127.1317,36.965],[127.1195,36.9691],[127.1251,36.9752],[127.1245,36.9768],[127.134,36.9768],[127.134,36.9775],[127.1372,36.9785],[127.1364,36.9801],[127.1377,36.9801],[127.1398,36.9786],[127.1411,36.9787],[127.1411,36.9797],[127.1364,36.9829],[127.1364,36.9847],[127.1312,36.9856],[127.1306,36.9867],[127.1332,36.9878],[127.1346,36.9893],[127.1362,36.9934],[127.1417,36.9951],[127.1448,36.9972],[127.1491,36.9978],[127.1539,36.9978],[127.1523,37.0026],[127.1563,37.0077],[127.155,37.0109],[127.1584,37.0117],[127.1681,37.018],[127.1719,37.0188],[127.1757,37.0249],[127.1747,37.026],[127.1719,37.0261],[127.1717,37.0273],[127.1752,37.0319],[127.1761,37.0316],[127.1776,37.0286],[127.1795,37.0277],[127.1838,37.0271],[127.1851,37.0255],[127.1867,37.0223],[127.1868,37.0181],[127.1882,37.0156],[127.189,37.016],[127.188,37.0178],[127.1896,37.0187],[127.1991,37.0206],[127.2046,37.0228],[127.2073,37.0245],[127.2165,37.0252]]]]}},{"type":"Feature","properties":{"c":"4155031000","n":"경기도 안성시 보개면","sg":"안성시","sd":"경기도","p":4700,"a":53.306,"d":88},"geometry":{"type":"MultiPolygon","coordinates":[[[[127.3523,37.1002],[127.3431,37.0905],[127.3393,37.082],[127.3403,37.0759],[127.3381,37.0701],[127.338,37.066],[127.339,37.0623],[127.3342,37.0549],[127.3358,37.0524],[127.3389,37.0508],[127.3392,37.0502],[127.3373,37.0436],[127.3358,37.0401],[127.3341,37.0383],[127.3366,37.0335],[127.336,37.0306],[127.3413,37.0292],[127.3475,37.0261],[127.3492,37.0243],[127.3496,37.0225],[127.3509,37.0222],[127.3476,37.0201],[127.3458,37.0174],[127.3416,37.0163],[127.3335,37.011],[127.3294,37.0116],[127.3201,37.0094],[127.312,37.0098],[127.3115,37.0018],[127.3101,37.0006],[127.2995,37.0003],[127.2945,36.9982],[127.2911,36.9982],[127.2875,37.0004],[127.2876,37.0031],[127.2884,37.0038],[127.2906,37.0037],[127.2934,37.005],[127.2948,37.0114],[127.2938,37.014],[127.2972,37.0152],[127.2955,37.0183],[127.2877,37.0231],[127.2855,37.022],[127.281,37.0226],[127.281,37.0238],[127.2767,37.0329],[127.2771,37.0368],[127.276,37.0395],[127.2722,37.0451],[127.2721,37.0475],[127.2737,37.0468],[127.2776,37.0475],[127.2814,37.0517],[127.284,37.0559],[127.2849,37.0636],[127.2822,37.0674],[127.285,37.0709],[127.2857,37.0701],[127.2903,37.0697],[127.2952,37.0712],[127.2957,37.0728],[127.3005,37.0754],[127.3,37.0792],[127.3015,37.0815],[127.3019,37.09],[127.2983,37.0926],[127.2982,37.0939],[127.2997,37.0951],[127.2996,37.0962],[127.299,37.0981],[127.2965,37.0998],[127.2959,37.1025],[127.2993,37.1059],[127.3041,37.1091],[127.3057,37.1071],[127.3106,37.1054],[127.3133,37.1095],[127.3164,37.1098],[127.3267,37.1194],[127.3296,37.1188],[127.3301,37.1166],[127.3308,37.1168],[127.3334,37.1117],[127.3397,37.1093],[127.3434,37.104],[127.345,37.1033],[127.3477,37.1036],[127.3523,37.1002]]]]}},{"type":"Feature","properties":{"c":"4155032000","n":"경기도 안성시 금광면","sg":"안성시","sd":"경기도","p":6706,"a":71.825,"d":93},"geometry":{"type":"MultiPolygon","coordinates":[[[[127.39,37.0311],[127.3928,37.0279],[127.391,37.0217],[127.3935,37.0141],[127.3975,37.0107],[127.398,37.0089],[127.3952,37.0029],[127.3955,36.9984],[127.394,36.9979],[127.3925,36.9965],[127.3907,36.9909],[127.3854,36.9851],[127.3849,36.9837],[127.3861,36.9814],[127.3896,36.9802],[127.3941,36.9773],[127.4019,36.9677],[127.3981,36.9643],[127.3966,36.964],[127.3916,36.9647],[127.3876,36.9641],[127.3853,36.9605],[127.3859,36.9598],[127.3854,36.9591],[127.3801,36.9586],[127.3786,36.9558],[127.3792,36.954],[127.3785,36.9515],[127.3755,36.9482],[127.3731,36.9485],[127.3725,36.9493],[127.362,36.9493],[127.3579,36.9475],[127.3551,36.9517],[127.3516,36.9527],[127.3497,36.9526],[127.3435,36.948],[127.3428,36.9463],[127.3434,36.9443],[127.343,36.9435],[127.3387,36.9428],[127.3322,36.9395],[127.3311,36.9382],[127.327,36.9358],[127.3245,36.9358],[127.3232,36.9364],[127.3165,36.9346],[127.315,36.9322],[127.3091,36.9291],[127.2966,36.9296],[127.2984,36.9345],[127.2971,36.9356],[127.3014,36.9424],[127.3013,36.945],[127.2937,36.9547],[127.2979,36.9569],[127.2993,36.9622],[127.299,36.9638],[127.2981,36.9648],[127.298,36.9693],[127.2943,36.9712],[127.2925,36.9749],[127.2919,36.9784],[127.2873,36.9829],[127.2866,36.9855],[127.2871,36.9867],[127.288,36.9864],[127.2901,36.9873],[127.2893,36.9928],[127.2956,36.9934],[127.293,36.9949],[127.2904,36.9985],[127.2945,36.9982],[127.2998,37.0004],[127.3101,37.0006],[127.3115,37.0018],[127.312,37.0098],[127.3201,37.0094],[127.3294,37.0116],[127.3335,37.011],[127.3416,37.0163],[127.3458,37.0174],[127.3476,37.0201],[127.3524,37.0237],[127.361,37.0279],[127.3653,37.0327],[127.3743,37.0301],[127.39,37.0311]]]]}},{"type":"Feature","properties":{"c":"4155033000","n":"경기도 안성시 서운면","sg":"안성시","sd":"경기도","p":2908,"a":37.316,"d":78},"geometry":{"type":"MultiPolygon","coordinates":[[[[127.2943,36.9712],[127.298,36.9693],[127.2981,36.9648],[127.299,36.9638],[127.2993,36.9622],[127.2979,36.9569],[127.2937,36.9547],[127.3013,36.945],[127.3014,36.9424],[127.2971,36.9356],[127.2984,36.9345],[127.2966,36.9296],[127.2956,36.9287],[127.3041,36.9151],[127.2978,36.9026],[127.2941,36.8991],[127.2907,36.8968],[127.2898,36.8938],[127.2886,36.8935],[127.2848,36.8957],[127.2795,36.9002],[127.2805,36.9028],[127.2803,36.9043],[127.2749,36.9083],[127.2718,36.9133],[127.2669,36.9138],[127.2591,36.9156],[127.2576,36.9165],[127.2541,36.9218],[127.2531,36.9223],[127.2498,36.9214],[127.2488,36.9209],[127.2482,36.9192],[127.244,36.9174],[127.2376,36.9206],[127.2361,36.9238],[127.2337,36.9236],[127.2288,36.9244],[127.2202,36.9303],[127.2165,36.9304],[127.2126,36.9297],[127.2099,36.9313],[127.2102,36.9341],[127.2119,36.9368],[127.2113,36.9383],[127.2133,36.9383],[127.2152,36.941],[127.2176,36.9431],[127.2234,36.9432],[127.2237,36.9465],[127.2262,36.9468],[127.2349,36.9461],[127.2432,36.9469],[127.2496,36.9529],[127.2511,36.9531],[127.2596,36.9574],[127.2633,36.9619],[127.2638,36.9666],[127.2627,36.9706],[127.2681,36.9794],[127.2692,36.9797],[127.2768,36.9723],[127.2792,36.9722],[127.2845,36.9676],[127.2875,36.9683],[127.2943,36.9712]]]]}},{"type":"Feature","properties":{"c":"4155034000","n":"경기도 안성시 미양면","sg":"안성시","sd":"경기도","p":5203,"a":33.071,"d":157},"geometry":{"type":"MultiPolygon","coordinates":[[[[127.2673,36.9778],[127.2626,36.9702],[127.2638,36.9666],[127.2632,36.9616],[127.2596,36.9574],[127.2511,36.9531],[127.2496,36.9529],[127.244,36.9471],[127.2349,36.9461],[127.2262,36.9468],[127.2237,36.9465],[127.2234,36.9432],[127.2176,36.9431],[127.2152,36.941],[127.2138,36.9388],[127.2125,36.9382],[127.2113,36.9383],[127.2059,36.9418],[127.2068,36.9461],[127.2045,36.9502],[127.2019,36.9521],[127.1954,36.9521],[127.1901,36.9529],[127.188,36.9552],[127.1819,36.9575],[127.1808,36.9569],[127.1799,36.9579],[127.1777,36.9583],[127.178,36.9598],[127.1759,36.9611],[127.176,36.9621],[127.1723,36.9632],[127.1651,36.962],[127.1613,36.9642],[127.1554,36.9657],[127.1554,36.9664],[127.1568,36.9672],[127.1697,36.965],[127.1743,36.9654],[127.1774,36.9663],[127.1812,36.9684],[127.1884,36.9746],[127.2021,36.9847],[127.2044,36.9855],[127.2106,36.9895],[127.212,36.9895],[127.2174,36.9872],[127.2238,36.9885],[127.2263,36.9916],[127.2287,36.9962],[127.2354,37.0007],[127.2402,37.0024],[127.2437,37.0019],[127.2465,37.0007],[127.247,36.9963],[127.2482,36.9953],[127.2513,36.9945],[127.2568,36.9911],[127.2594,36.9877],[127.2589,36.9867],[127.2594,36.9855],[127.2673,36.9778]]]]}},{"type":"Feature","properties":{"c":"4155035000","n":"경기도 안성시 대덕면","sg":"안성시","sd":"경기도","p":14186,"a":30.037,"d":472},"geometry":{"type":"MultiPolygon","coordinates":[[[[127.2822,37.0674],[127.2849,37.0636],[127.284,37.0559],[127.2814,37.0517],[127.2783,37.0481],[127.275,37.0471],[127.2737,37.0468],[127.2721,37.0475],[127.2676,37.0464],[127.2593,37.0469],[127.2525,37.0432],[127.254,37.0385],[127.2561,37.0349],[127.2594,37.0307],[127.261,37.0301],[127.262,37.0226],[127.2535,37.024],[127.2438,37.0218],[127.2419,37.0205],[127.2411,37.0188],[127.2423,37.017],[127.243,37.0137],[127.2421,37.0116],[127.2422,37.0086],[127.24,37.0061],[127.2393,37.0022],[127.2354,37.0007],[127.2287,36.9962],[127.2245,36.9891],[127.2222,36.9879],[127.2174,36.9872],[127.2112,36.9896],[127.2044,36.9855],[127.2014,36.9848],[127.2022,36.9876],[127.206,36.9886],[127.2084,36.9901],[127.2096,36.9935],[127.2119,36.9953],[127.214,36.9993],[127.2116,37.0137],[127.2158,37.022],[127.2166,37.0264],[127.2099,37.0397],[127.2061,37.0424],[127.2029,37.0476],[127.2025,37.0501],[127.2031,37.052],[127.2071,37.0518],[127.2092,37.0498],[127.2109,37.0494],[127.213,37.0515],[127.2149,37.0519],[127.2165,37.0493],[127.219,37.0488],[127.2294,37.0581],[127.2388,37.0608],[127.2444,37.0594],[127.2478,37.0595],[127.2631,37.0662],[127.2634,37.0697],[127.2653,37.0733],[127.2665,37.0719],[127.2675,37.0723],[127.2752,37.0719],[127.2786,37.0679],[127.2801,37.0672],[127.2822,37.0674]]]]}},{"type":"Feature","properties":{"c":"4155036000","n":"경기도 안성시 양성면","sg":"안성시","sd":"경기도","p":4798,"a":53.262,"d":90},"geometry":{"type":"MultiPolygon","coordinates":[[[[127.2669,37.1553],[127.2688,37.1542],[127.2693,37.1525],[127.2695,37.1514],[127.268,37.1493],[127.2692,37.1471],[127.2722,37.1448],[127.2731,37.1433],[127.2719,37.141],[127.2721,37.1394],[127.2731,37.135],[127.2744,37.1336],[127.2732,37.1302],[127.2728,37.125],[127.2762,37.1226],[127.2772,37.1205],[127.2764,37.1142],[127.2754,37.1123],[127.2717,37.1096],[127.2729,37.1024],[127.269,37.1015],[127.2655,37.1038],[127.2593,37.1042],[127.2496,37.1009],[127.247,37.0994],[127.2447,37.0959],[127.2409,37.0918],[127.2368,37.0921],[127.2349,37.0912],[127.2341,37.09],[127.2325,37.0906],[127.2309,37.0896],[127.2281,37.0858],[127.2293,37.0839],[127.2286,37.0809],[127.227,37.0783],[127.2325,37.0766],[127.2373,37.0771],[127.2408,37.0743],[127.2438,37.0712],[127.2434,37.068],[127.2445,37.0656],[127.2492,37.0601],[127.2456,37.0593],[127.2388,37.0608],[127.2294,37.0581],[127.2187,37.0487],[127.2165,37.0493],[127.2149,37.0519],[127.213,37.0515],[127.2109,37.0494],[127.2092,37.0498],[127.2071,37.0518],[127.2032,37.0521],[127.2026,37.0503],[127.2028,37.0479],[127.2061,37.0424],[127.2099,37.0397],[127.2162,37.0276],[127.2165,37.0252],[127.2073,37.0245],[127.2046,37.0228],[127.1991,37.0206],[127.1896,37.0187],[127.188,37.0178],[127.189,37.016],[127.1882,37.0156],[127.1868,37.0181],[127.1867,37.0223],[127.1838,37.0271],[127.1795,37.0277],[127.1776,37.0286],[127.1761,37.0316],[127.1717,37.035],[127.1699,37.0356],[127.1709,37.0376],[127.1738,37.04],[127.1735,37.0475],[127.1749,37.0484],[127.1769,37.0485],[127.1783,37.0497],[127.1749,37.0535],[127.1759,37.0626],[127.1746,37.0646],[127.1742,37.0675],[127.1748,37.0685],[127.1774,37.0697],[127.1788,37.0712],[127.1769,37.0736],[127.1768,37.0748],[127.1808,37.0777],[127.1823,37.0778],[127.1849,37.0809],[127.1862,37.0845],[127.1888,37.0866],[127.1924,37.0871],[127.1953,37.0891],[127.1976,37.093],[127.1989,37.0969],[127.2023,37.1004],[127.2086,37.1044],[127.2099,37.1072],[127.2086,37.1097],[127.2093,37.1123],[127.21,37.1124],[127.212,37.1106],[127.2147,37.1109],[127.2202,37.1134],[127.2232,37.1129],[127.2262,37.1139],[127.2294,37.1171],[127.2339,37.1177],[127.2364,37.1212],[127.243,37.1225],[127.2458,37.1221],[127.251,37.123],[127.2534,37.129],[127.2512,37.1336],[127.2537,37.1381],[127.2528,37.1412],[127.2513,37.1427],[127.2503,37.1452],[127.2535,37.1469],[127.2555,37.1513],[127.2605,37.1521],[127.2617,37.1541],[127.2638,37.1559],[127.2669,37.1553]]]]}},{"type":"Feature","properties":{"c":"4155038000","n":"경기도 안성시 원곡면","sg":"안성시","sd":"경기도","p":6339,"a":38.312,"d":165},"geometry":{"type":"MultiPolygon","coordinates":[[[[127.1862,37.0845],[127.1849,37.0809],[127.1823,37.0778],[127.1808,37.0777],[127.1768,37.0748],[127.1769,37.0736],[127.1788,37.0712],[127.1774,37.0697],[127.1748,37.0685],[127.1742,37.0675],[127.1746,37.0646],[127.1759,37.0626],[127.1749,37.0535],[127.1783,37.0497],[127.1769,37.0485],[127.1749,37.0484],[127.1735,37.0475],[127.1738,37.04],[127.1709,37.0376],[127.1699,37.0356],[127.1717,37.035],[127.1752,37.0319],[127.1717,37.0273],[127.1719,37.0261],[127.1747,37.026],[127.1757,37.0248],[127.1733,37.0218],[127.1719,37.0188],[127.1681,37.018],[127.1584,37.0117],[127.155,37.0109],[127.1563,37.0077],[127.1523,37.0026],[127.1511,37.0025],[127.1489,37.0082],[127.1448,37.0111],[127.1443,37.014],[127.1454,37.0167],[127.1525,37.0215],[127.1531,37.0295],[127.1372,37.0339],[127.1263,37.0333],[127.1223,37.0351],[127.1188,37.0316],[127.1169,37.0272],[127.1124,37.0291],[127.107,37.0329],[127.1053,37.0352],[127.1099,37.0408],[127.1123,37.042],[127.1148,37.0422],[127.1197,37.0461],[127.1222,37.0504],[127.1239,37.0516],[127.1274,37.0525],[127.1306,37.0582],[127.1282,37.0635],[127.1257,37.0647],[127.1202,37.0627],[127.1185,37.0627],[127.114,37.0651],[127.1067,37.0649],[127.104,37.0661],[127.1023,37.0687],[127.1027,37.073],[127.1048,37.0744],[127.1036,37.0757],[127.1081,37.0765],[127.1099,37.076],[127.1214,37.0764],[127.1239,37.0772],[127.1264,37.0816],[127.1231,37.0913],[127.1259,37.0906],[127.1322,37.0915],[127.1338,37.0924],[127.1358,37.0917],[127.1373,37.0891],[127.1421,37.0878],[127.1447,37.0908],[127.1463,37.0914],[127.1537,37.091],[127.1618,37.0889],[127.1662,37.0866],[127.1731,37.0859],[127.1763,37.0877],[127.179,37.0876],[127.1821,37.0871],[127.1862,37.0845]]]]}},{"type":"Feature","properties":{"c":"4155039000","n":"경기도 안성시 일죽면","sg":"안성시","sd":"경기도","p":6915,"a":55.895,"d":124},"geometry":{"type":"MultiPolygon","coordinates":[[[[127.4503,37.1481],[127.4497,37.1461],[127.4478,37.1449],[127.448,37.1442],[127.4503,37.1415],[127.4535,37.1352],[127.458,37.1304],[127.47,37.1295],[127.4752,37.1274],[127.4805,37.1266],[127.4925,37.1231],[127.4937,37.1239],[127.4975,37.1244],[127.4988,37.1235],[127.5029,37.1182],[127.5039,37.1097],[127.5049,37.1084],[127.5077,37.1058],[127.5132,37.1056],[127.5139,37.1043],[127.5146,37.1011],[127.5118,37.1002],[127.5109,37.0993],[127.5105,37.0968],[127.5135,37.0956],[127.5148,37.0934],[127.5156,37.0857],[127.5162,37.0844],[127.5186,37.0824],[127.5159,37.0813],[127.5149,37.0803],[127.5141,37.078],[127.5147,37.0762],[127.5125,37.0713],[127.5111,37.0701],[127.5076,37.0699],[127.5068,37.0693],[127.5085,37.0641],[127.5072,37.0626],[127.5048,37.0604],[127.4978,37.0572],[127.4935,37.0565],[127.4897,37.0525],[127.4818,37.0533],[127.4714,37.0525],[127.468,37.053],[127.4692,37.0562],[127.4661,37.0599],[127.4634,37.0607],[127.4596,37.0597],[127.4585,37.06],[127.4467,37.0661],[127.4426,37.0709],[127.4407,37.0757],[127.4365,37.0812],[127.4426,37.0893],[127.4436,37.0937],[127.4454,37.0976],[127.4493,37.0988],[127.4525,37.1009],[127.4496,37.1029],[127.4443,37.1032],[127.4373,37.1061],[127.4293,37.1074],[127.4277,37.1088],[127.4269,37.1113],[127.4251,37.1127],[127.4257,37.1131],[127.4203,37.1157],[127.4152,37.1157],[127.414,37.1162],[127.4127,37.1179],[127.4126,37.1194],[127.4137,37.1216],[127.415,37.1228],[127.4209,37.1261],[127.4214,37.1277],[127.4242,37.1311],[127.4261,37.1364],[127.4259,37.143],[127.4273,37.1459],[127.4295,37.147],[127.4303,37.1481],[127.4327,37.1488],[127.4339,37.1483],[127.4388,37.148],[127.4416,37.1492],[127.4459,37.1494],[127.4466,37.1487],[127.4497,37.1486],[127.4503,37.1481]]]]}},{"type":"Feature","properties":{"c":"4155040000","n":"경기도 안성시 죽산면","sg":"안성시","sd":"경기도","p":6766,"a":57.248,"d":118},"geometry":{"type":"MultiPolygon","coordinates":[[[[127.468,37.053],[127.4684,37.0506],[127.4613,37.0471],[127.4577,37.0436],[127.4572,37.0422],[127.4572,37.0406],[127.4593,37.039],[127.4598,37.0365],[127.4597,37.0355],[127.4581,37.033],[127.4578,37.0302],[127.4593,37.0272],[127.4594,37.0254],[127.458,37.0206],[127.4543,37.0214],[127.4496,37.0182],[127.4483,37.0165],[127.4476,37.0126],[127.4467,37.011],[127.444,37.0119],[127.4411,37.0116],[127.4384,37.0099],[127.4345,37.0053],[127.4297,37.0019],[127.4222,37.0048],[127.4151,36.9997],[127.412,37.0003],[127.4081,36.9982],[127.402,36.9988],[127.3954,36.9984],[127.3952,37.0029],[127.398,37.0089],[127.3975,37.0107],[127.3935,37.0141],[127.391,37.0217],[127.3928,37.0279],[127.39,37.0311],[127.3935,37.0383],[127.3878,37.0408],[127.3844,37.0431],[127.3814,37.0485],[127.3818,37.0519],[127.378,37.0572],[127.378,37.0602],[127.3799,37.0629],[127.3801,37.0704],[127.381,37.0743],[127.3849,37.0749],[127.3903,37.0741],[127.4,37.0739],[127.4009,37.0804],[127.4024,37.0818],[127.4053,37.0829],[127.4085,37.0814],[127.4099,37.0814],[127.4161,37.0894],[127.4166,37.0915],[127.4163,37.0957],[127.4198,37.0974],[127.4217,37.0973],[127.4242,37.0997],[127.4211,37.1065],[127.4246,37.1094],[127.4231,37.1112],[127.4251,37.1127],[127.4269,37.1113],[127.4277,37.1088],[127.4293,37.1074],[127.4373,37.1061],[127.4443,37.1032],[127.4496,37.1029],[127.4525,37.1009],[127.4493,37.0988],[127.4454,37.0976],[127.4436,37.0937],[127.4426,37.0893],[127.4399,37.0863],[127.4364,37.0808],[127.4384,37.0793],[127.4426,37.0709],[127.4467,37.0661],[127.4585,37.06],[127.4596,37.0597],[127.4634,37.0607],[127.4661,37.0599],[127.4692,37.0562],[127.468,37.053]]]]}},{"type":"Feature","properties":{"c":"4155041000","n":"경기도 안성시 삼죽면","sg":"안성시","sd":"경기도","p":4008,"a":39.311,"d":102},"geometry":{"type":"MultiPolygon","coordinates":[[[[127.4161,37.0931],[127.4166,37.0915],[127.4161,37.0894],[127.4099,37.0814],[127.4085,37.0814],[127.4051,37.0829],[127.4024,37.0818],[127.4009,37.0804],[127.4,37.0739],[127.3903,37.0741],[127.3849,37.0749],[127.381,37.0743],[127.3801,37.0704],[127.3799,37.0629],[127.378,37.0602],[127.378,37.0571],[127.3818,37.0519],[127.3814,37.0485],[127.3844,37.0431],[127.3878,37.0408],[127.3935,37.0383],[127.39,37.0311],[127.3743,37.0301],[127.3653,37.0327],[127.361,37.0279],[127.3524,37.0237],[127.3509,37.0222],[127.3496,37.0225],[127.3492,37.0243],[127.3475,37.0261],[127.3413,37.0292],[127.336,37.0306],[127.3366,37.0335],[127.3341,37.0383],[127.3358,37.0401],[127.3373,37.0436],[127.3392,37.0502],[127.3389,37.0508],[127.3358,37.0524],[127.3342,37.0549],[127.339,37.0623],[127.338,37.066],[127.3381,37.0701],[127.3403,37.0759],[127.3393,37.082],[127.3431,37.0905],[127.3523,37.1002],[127.3535,37.1],[127.3544,37.1006],[127.3551,37.1037],[127.3583,37.1073],[127.3612,37.1075],[127.369,37.1068],[127.373,37.1058],[127.374,37.105],[127.3744,37.1026],[127.3769,37.1011],[127.3789,37.1029],[127.3792,37.1052],[127.3841,37.1059],[127.3876,37.1082],[127.3898,37.1081],[127.3932,37.1065],[127.3941,37.1054],[127.3938,37.1044],[127.399,37.0954],[127.402,37.0939],[127.4161,37.0931]]]]}},{"type":"Feature","properties":{"c":"4155042000","n":"경기도 안성시 고삼면","sg":"안성시","sd":"경기도","p":1754,"a":27.808,"d":63},"geometry":{"type":"MultiPolygon","coordinates":[[[[127.3041,37.1091],[127.2993,37.1059],[127.2959,37.1025],[127.2965,37.0998],[127.299,37.0981],[127.2996,37.0962],[127.2997,37.0951],[127.2982,37.0939],[127.2983,37.0926],[127.3019,37.09],[127.3021,37.0867],[127.3015,37.0815],[127.3,37.0792],[127.3005,37.0754],[127.2957,37.0728],[127.2951,37.0711],[127.2901,37.0696],[127.2857,37.0701],[127.2851,37.071],[127.2822,37.0674],[127.2801,37.0672],[127.2778,37.0684],[127.2752,37.0719],[127.2675,37.0723],[127.2665,37.0719],[127.2653,37.0733],[127.2634,37.0697],[127.2631,37.0662],[127.2492,37.0601],[127.2445,37.0656],[127.2434,37.068],[127.2438,37.0712],[127.2408,37.0743],[127.2373,37.0771],[127.2325,37.0766],[127.227,37.0783],[127.2286,37.0809],[127.2293,37.0839],[127.2283,37.0863],[127.2309,37.0896],[127.2326,37.0906],[127.2341,37.09],[127.2349,37.0912],[127.2368,37.0921],[127.2407,37.0917],[127.2447,37.0959],[127.247,37.0994],[127.2494,37.1009],[127.2593,37.1042],[127.2655,37.1038],[127.269,37.1015],[127.2728,37.1023],[127.2717,37.1096],[127.2754,37.1123],[127.2764,37.1142],[127.2772,37.1182],[127.2769,37.1217],[127.2728,37.125],[127.2732,37.1302],[127.2744,37.1336],[127.2818,37.1341],[127.2841,37.1308],[127.2863,37.132],[127.2879,37.1315],[127.2886,37.1297],[127.2923,37.1266],[127.2932,37.1229],[127.2949,37.1212],[127.2971,37.1203],[127.2991,37.1168],[127.2998,37.1125],[127.3033,37.1118],[127.3041,37.1091]]]]}},{"type":"Feature","properties":{"c":"4155051000","n":"경기도 안성시 안성1동","sg":"안성시","sd":"경기도","p":10746,"a":6.818,"d":1576},"geometry":{"type":"MultiPolygon","coordinates":[[[[127.2904,36.9985],[127.293,36.9949],[127.2956,36.9934],[127.2893,36.9928],[127.2901,36.9873],[127.2868,36.9863],[127.2873,36.9829],[127.2824,36.9819],[127.2789,36.9819],[127.2777,36.9868],[127.273,36.99],[127.2735,36.9968],[127.2741,36.9974],[127.2736,37.0011],[127.2705,37.0009],[127.2722,37.0107],[127.2712,37.0109],[127.2717,37.0144],[127.2735,37.016],[127.2793,37.0162],[127.2808,37.0174],[127.2816,37.0186],[127.2809,37.0201],[127.281,37.0226],[127.2855,37.022],[127.2877,37.0231],[127.2955,37.0183],[127.2972,37.0152],[127.2938,37.014],[127.2948,37.0114],[127.2934,37.005],[127.2906,37.0037],[127.2884,37.0038],[127.2876,37.0031],[127.2875,37.0004],[127.2904,36.9985]]]]}},{"type":"Feature","properties":{"c":"4155052000","n":"경기도 안성시 안성2동","sg":"안성시","sd":"경기도","p":26303,"a":9.632,"d":2731},"geometry":{"type":"MultiPolygon","coordinates":[[[[127.2713,37.0072],[127.2705,37.0009],[127.2736,37.0011],[127.2741,36.9974],[127.2735,36.9968],[127.273,36.99],[127.2777,36.9868],[127.2789,36.9819],[127.2824,36.9819],[127.2873,36.9829],[127.2919,36.9784],[127.2925,36.9749],[127.2943,36.9712],[127.2854,36.9676],[127.2845,36.9676],[127.2792,36.9722],[127.2768,36.9723],[127.2692,36.9797],[127.2681,36.9794],[127.2673,36.9778],[127.2651,36.9794],[127.2594,36.9855],[127.2589,36.9867],[127.2594,36.9877],[127.2568,36.9911],[127.2513,36.9945],[127.2482,36.9953],[127.247,36.9963],[127.2465,37.0007],[127.2437,37.0019],[127.2393,37.0022],[127.24,37.0061],[127.2422,37.0086],[127.2424,37.0124],[127.2468,37.0123],[127.2551,37.0135],[127.2589,37.013],[127.2623,37.0142],[127.2649,37.0136],[127.266,37.0128],[127.2668,37.0087],[127.2682,37.0078],[127.2713,37.0072]]]]}},{"type":"Feature","properties":{"c":"4155053000","n":"경기도 안성시 안성3동","sg":"안성시","sd":"경기도","p":26885,"a":8.35,"d":3220},"geometry":{"type":"MultiPolygon","coordinates":[[[[127.281,37.0226],[127.2809,37.0201],[127.2816,37.0186],[127.2808,37.0174],[127.2793,37.0162],[127.2735,37.016],[127.2717,37.0144],[127.2712,37.0109],[127.2722,37.0107],[127.2713,37.0072],[127.2682,37.0078],[127.2668,37.0087],[127.266,37.0128],[127.2649,37.0136],[127.2623,37.0142],[127.2589,37.013],[127.2551,37.0135],[127.2468,37.0123],[127.2424,37.0124],[127.243,37.0143],[127.2423,37.017],[127.2411,37.0188],[127.2419,37.0205],[127.2438,37.0218],[127.2535,37.024],[127.2622,37.0229],[127.261,37.0301],[127.2594,37.0307],[127.2561,37.0349],[127.254,37.0385],[127.2525,37.0432],[127.2592,37.0469],[127.2676,37.0464],[127.2721,37.0475],[127.2722,37.0451],[127.276,37.0395],[127.2771,37.0368],[127.2767,37.0329],[127.281,37.0238],[127.281,37.0226]]]]}},{"type":"Feature","properties":{"c":"4157025000","n":"경기도 김포시 통진읍","sg":"김포시","sd":"경기도","p":34538,"a":29.19,"d":1183},"geometry":{"type":"MultiPolygon","coordinates":[[[[126.6438,37.6831],[126.6427,37.6826],[126.6421,37.6797],[126.6328,37.6787],[126.6338,37.675],[126.6284,37.6776],[126.624,37.6726],[126.6189,37.6754],[126.6145,37.6768],[126.6106,37.6796],[126.6075,37.6783],[126.6063,37.6759],[126.6073,37.6722],[126.6089,37.6714],[126.6053,37.6716],[126.6018,37.6733],[126.5984,37.67],[126.5907,37.6704],[126.5897,37.6658],[126.5842,37.6619],[126.5809,37.6641],[126.5789,37.6693],[126.5759,37.6719],[126.5765,37.6754],[126.5753,37.6808],[126.568,37.6819],[126.5644,37.6816],[126.5631,37.6825],[126.5654,37.6842],[126.5609,37.6915],[126.5591,37.6923],[126.5603,37.698],[126.5662,37.7003],[126.5712,37.7],[126.5742,37.7017],[126.5755,37.7046],[126.5783,37.7059],[126.5808,37.7058],[126.5827,37.7082],[126.5857,37.7144],[126.5823,37.7171],[126.5821,37.7235],[126.5841,37.7242],[126.5896,37.7242],[126.5977,37.7262],[126.6018,37.7307],[126.6008,37.7343],[126.599,37.7361],[126.6029,37.7358],[126.6086,37.7338],[126.6102,37.7303],[126.6182,37.7268],[126.615,37.7222],[126.6138,37.7169],[126.6144,37.7153],[126.6171,37.7147],[126.6188,37.7125],[126.6211,37.7071],[126.6262,37.7065],[126.6288,37.7039],[126.6283,37.702],[126.6312,37.7002],[126.63,37.6962],[126.6327,37.6928],[126.6311,37.6844],[126.635,37.6844],[126.6381,37.6852],[126.6425,37.6846],[126.6439,37.6837],[126.6438,37.6831]]]]}},{"type":"Feature","properties":{"c":"4157025300","n":"경기도 김포시 고촌읍","sg":"김포시","sd":"경기도","p":51977,"a":25.021,"d":2077},"geometry":{"type":"MultiPolygon","coordinates":[[[[126.7409,37.6389],[126.7609,37.6282],[126.7682,37.6237],[126.7749,37.6217],[126.7825,37.6166],[126.7887,37.6138],[126.7979,37.6109],[126.8049,37.604],[126.8029,37.6046],[126.8009,37.6043],[126.7975,37.6],[126.7973,37.5966],[126.8008,37.588],[126.7988,37.5882],[126.7983,37.5878],[126.797,37.5842],[126.7959,37.5832],[126.7948,37.5833],[126.7937,37.5816],[126.787,37.5856],[126.7841,37.5826],[126.7801,37.5844],[126.7734,37.5851],[126.7673,37.588],[126.7631,37.5849],[126.7616,37.5853],[126.7577,37.5848],[126.7556,37.5827],[126.7556,37.5812],[126.7547,37.5804],[126.7518,37.5796],[126.7499,37.5809],[126.75,37.5837],[126.7463,37.5871],[126.7436,37.5933],[126.738,37.5935],[126.737,37.5932],[126.735,37.5905],[126.729,37.5929],[126.7251,37.592],[126.7245,37.5929],[126.734,37.5995],[126.7406,37.6092],[126.7387,37.6101],[126.7413,37.6113],[126.7399,37.6126],[126.7389,37.6147],[126.7432,37.6165],[126.7385,37.6205],[126.7372,37.6211],[126.7334,37.6211],[126.7336,37.627],[126.73,37.6308],[126.7281,37.6314],[126.7282,37.632],[126.7298,37.6328],[126.7358,37.6415],[126.7409,37.6389]]]]}},{"type":"Feature","properties":{"c":"4157025600","n":"경기도 김포시 양촌읍","sg":"김포시","sd":"경기도","p":30397,"a":35.94,"d":846},"geometry":{"type":"MultiPolygon","coordinates":[[[[126.667,37.6891],[126.6664,37.6861],[126.6685,37.6802],[126.6713,37.6765],[126.6735,37.6749],[126.6702,37.6721],[126.6685,37.6697],[126.6665,37.6636],[126.6637,37.6622],[126.6643,37.6588],[126.6637,37.6575],[126.6571,37.6494],[126.6525,37.6411],[126.6505,37.6451],[126.6479,37.6448],[126.6441,37.6461],[126.6425,37.6474],[126.6411,37.6498],[126.6397,37.6496],[126.6386,37.6522],[126.6403,37.6549],[126.6353,37.6565],[126.6327,37.6524],[126.623,37.6501],[126.6178,37.6457],[126.6211,37.6376],[126.6277,37.6354],[126.6366,37.6338],[126.6416,37.6317],[126.6449,37.6286],[126.6423,37.6277],[126.6395,37.6278],[126.637,37.626],[126.6366,37.6205],[126.6343,37.6194],[126.6328,37.6169],[126.6314,37.6135],[126.6293,37.611],[126.6277,37.606],[126.6234,37.6028],[126.6147,37.6059],[126.6125,37.6054],[126.6091,37.6042],[126.6071,37.6013],[126.6041,37.5988],[126.5927,37.593],[126.5657,37.5861],[126.5637,37.587],[126.5631,37.5895],[126.5647,37.5929],[126.5675,37.5953],[126.5813,37.6042],[126.5908,37.6162],[126.5927,37.6152],[126.5981,37.6225],[126.6049,37.6297],[126.6071,37.6346],[126.6058,37.6369],[126.6072,37.642],[126.6022,37.6433],[126.6015,37.6442],[126.604,37.6504],[126.6064,37.6516],[126.6104,37.651],[126.611,37.656],[126.6219,37.664],[126.6196,37.6652],[126.6185,37.6646],[126.6158,37.6644],[126.6104,37.6672],[126.6098,37.6682],[126.6109,37.6698],[126.6073,37.6722],[126.6062,37.6755],[126.6075,37.6783],[126.6106,37.6796],[126.6145,37.6768],[126.6189,37.6754],[126.624,37.6726],[126.6284,37.6776],[126.6338,37.675],[126.6328,37.6787],[126.6421,37.6797],[126.6427,37.6826],[126.6434,37.683],[126.6466,37.6824],[126.6481,37.6828],[126.6546,37.6921],[126.6571,37.6926],[126.667,37.6891]]]]}},{"type":"Feature","properties":{"c":"4157034000","n":"경기도 김포시 대곶면","sg":"김포시","sd":"경기도","p":8856,"a":47.503,"d":186},"geometry":{"type":"MultiPolygon","coordinates":[[[[126.5503,37.5994],[126.5509,37.5999],[126.5518,37.5993],[126.5507,37.5962],[126.5496,37.5958],[126.5472,37.6024],[126.548,37.6047],[126.5492,37.6046],[126.5503,37.5994]]],[[[126.563,37.6828],[126.5644,37.6816],[126.568,37.6819],[126.5753,37.6808],[126.5765,37.6754],[126.5759,37.6719],[126.5789,37.6693],[126.5809,37.6641],[126.5842,37.6619],[126.5897,37.6658],[126.5907,37.6704],[126.5984,37.67],[126.6018,37.6733],[126.6053,37.6716],[126.6089,37.6714],[126.6109,37.6698],[126.6098,37.6682],[126.6104,37.6672],[126.6133,37.6654],[126.6158,37.6644],[126.6185,37.6646],[126.6196,37.6652],[126.6219,37.664],[126.611,37.656],[126.6104,37.651],[126.6064,37.6516],[126.604,37.6504],[126.6015,37.6442],[126.6022,37.6433],[126.6072,37.642],[126.6058,37.6369],[126.6071,37.6346],[126.6049,37.6297],[126.5981,37.6225],[126.5927,37.6152],[126.5908,37.6162],[126.5813,37.6042],[126.5661,37.5942],[126.5624,37.5971],[126.5594,37.6006],[126.5542,37.6093],[126.554,37.6145],[126.5532,37.618],[126.5496,37.6271],[126.5379,37.6368],[126.5344,37.6418],[126.529,37.653],[126.5297,37.6559],[126.5314,37.6577],[126.5345,37.6591],[126.5355,37.6617],[126.5353,37.6663],[126.5252,37.6722],[126.5241,37.6732],[126.523,37.6765],[126.5254,37.6874],[126.5389,37.6836],[126.5417,37.6848],[126.546,37.6842],[126.5467,37.6835],[126.5508,37.6825],[126.5546,37.684],[126.5615,37.6854],[126.563,37.6828]]]]}},{"type":"Feature","properties":{"c":"4157035000","n":"경기도 김포시 월곶면","sg":"김포시","sd":"경기도","p":5113,"a":50.078,"d":102},"geometry":{"type":"MultiPolygon","coordinates":[[[[126.592,37.7577],[126.5922,37.7569],[126.5956,37.7547],[126.5935,37.7524],[126.5931,37.7494],[126.5936,37.7473],[126.591,37.7457],[126.5907,37.7401],[126.5934,37.7372],[126.5968,37.7359],[126.599,37.7361],[126.6008,37.7343],[126.6018,37.7307],[126.5977,37.7262],[126.5896,37.7242],[126.5841,37.7242],[126.5821,37.7235],[126.5823,37.7171],[126.5857,37.7144],[126.5827,37.7082],[126.5808,37.7058],[126.5783,37.7059],[126.5755,37.7046],[126.5742,37.7017],[126.5712,37.7],[126.5662,37.7003],[126.5604,37.6982],[126.5591,37.6923],[126.5609,37.6915],[126.5651,37.6854],[126.5654,37.6842],[126.5647,37.6834],[126.563,37.6828],[126.5615,37.6854],[126.5546,37.684],[126.5516,37.6825],[126.5467,37.6835],[126.546,37.6842],[126.5417,37.6848],[126.5389,37.6836],[126.5254,37.6874],[126.5256,37.6927],[126.5273,37.7031],[126.5221,37.7079],[126.5185,37.7127],[126.5185,37.7216],[126.5197,37.7262],[126.526,37.7381],[126.5278,37.7484],[126.5227,37.7539],[126.5146,37.7647],[126.5146,37.7669],[126.5363,37.7719],[126.5406,37.7706],[126.5552,37.769],[126.5588,37.7676],[126.5616,37.765],[126.5614,37.7616],[126.5668,37.756],[126.5689,37.7551],[126.5753,37.7538],[126.5804,37.7538],[126.5826,37.7542],[126.5891,37.7564],[126.591,37.7578],[126.592,37.7577]]],[[[126.5378,37.7739],[126.5263,37.7734],[126.5176,37.7716],[126.5165,37.7721],[126.5151,37.7754],[126.5148,37.7809],[126.5154,37.7824],[126.5196,37.7865],[126.5186,37.7904],[126.5189,37.7925],[126.5198,37.7927],[126.5238,37.7898],[126.5272,37.7839],[126.5321,37.7808],[126.5374,37.779],[126.5399,37.7771],[126.5402,37.7754],[126.5378,37.7739]]]]}},{"type":"Feature","properties":{"c":"4157036000","n":"경기도 김포시 하성면","sg":"김포시","sd":"경기도","p":7487,"a":55.07,"d":136},"geometry":{"type":"MultiPolygon","coordinates":[[[[126.6762,37.755],[126.674,37.75],[126.6774,37.735],[126.6848,37.7256],[126.6854,37.7237],[126.6836,37.7134],[126.6797,37.7052],[126.6765,37.7001],[126.667,37.6891],[126.6571,37.6926],[126.6546,37.6921],[126.6481,37.6828],[126.6448,37.6826],[126.6431,37.6843],[126.6381,37.6852],[126.635,37.6844],[126.6311,37.6844],[126.6327,37.6928],[126.63,37.6962],[126.6312,37.7002],[126.6283,37.702],[126.6288,37.7039],[126.6262,37.7065],[126.6211,37.7071],[126.6188,37.7125],[126.6171,37.7147],[126.6144,37.7153],[126.6138,37.7169],[126.615,37.7222],[126.6182,37.7268],[126.6102,37.7303],[126.6086,37.7338],[126.6029,37.7358],[126.5968,37.7359],[126.5934,37.7372],[126.5907,37.7401],[126.591,37.7457],[126.5936,37.7473],[126.5931,37.7494],[126.5935,37.7524],[126.5956,37.7547],[126.5922,37.7569],[126.592,37.7577],[126.5998,37.7566],[126.6018,37.7543],[126.604,37.7532],[126.6095,37.7529],[126.6226,37.7623],[126.6271,37.7686],[126.6279,37.7716],[126.6288,37.7724],[126.6389,37.7784],[126.6491,37.7813],[126.667,37.7845],[126.6729,37.7694],[126.6762,37.755]]]]}},{"type":"Feature","properties":{"c":"4157051500","n":"경기도 김포시 김포본동","sg":"김포시","sd":"경기도","p":56657,"a":10.697,"d":5297},"geometry":{"type":"MultiPolygon","coordinates":[[[[126.7358,37.6415],[126.7298,37.6328],[126.7283,37.6321],[126.7281,37.6314],[126.7289,37.6308],[126.7275,37.6287],[126.7244,37.6262],[126.7197,37.62],[126.7128,37.6235],[126.7103,37.6217],[126.7075,37.6176],[126.7076,37.6167],[126.705,37.6155],[126.7042,37.6125],[126.6963,37.6189],[126.6852,37.6242],[126.6886,37.6269],[126.6886,37.6325],[126.6893,37.6333],[126.6916,37.6344],[126.6954,37.6343],[126.6967,37.6348],[126.6934,37.6372],[126.6963,37.6402],[126.6936,37.6423],[126.698,37.6464],[126.7003,37.6476],[126.7014,37.647],[126.7039,37.6472],[126.7037,37.6494],[126.7075,37.6511],[126.7093,37.6547],[126.7183,37.6493],[126.7358,37.6415]]]]}},{"type":"Feature","properties":{"c":"4157054000","n":"경기도 김포시 사우동","sg":"김포시","sd":"경기도","p":20550,"a":3.328,"d":6175},"geometry":{"type":"MultiPolygon","coordinates":[[[[126.7387,37.6101],[126.7289,37.6147],[126.7273,37.6136],[126.7218,37.6133],[126.7201,37.614],[126.715,37.6127],[126.7104,37.6163],[126.7075,37.6176],[126.7103,37.6217],[126.7128,37.6235],[126.7197,37.62],[126.7289,37.6309],[126.73,37.6308],[126.7336,37.627],[126.7334,37.6211],[126.7372,37.6211],[126.7385,37.6205],[126.7432,37.6165],[126.7389,37.6147],[126.7399,37.6126],[126.7413,37.6113],[126.7387,37.6101]]]]}},{"type":"Feature","properties":{"c":"4157055000","n":"경기도 김포시 풍무동","sg":"김포시","sd":"경기도","p":59527,"a":4.685,"d":12707},"geometry":{"type":"MultiPolygon","coordinates":[[[[126.7387,37.6101],[126.7406,37.6092],[126.7334,37.5987],[126.7245,37.5929],[126.7216,37.5962],[126.7171,37.5986],[126.712,37.6048],[126.7084,37.6049],[126.7066,37.6034],[126.7045,37.6026],[126.7042,37.6055],[126.7061,37.6078],[126.7063,37.6102],[126.7042,37.6125],[126.7047,37.6151],[126.7079,37.617],[126.7104,37.6163],[126.715,37.6127],[126.7201,37.614],[126.7218,37.6133],[126.7273,37.6136],[126.7289,37.6147],[126.7387,37.6101]]]]}},{"type":"Feature","properties":{"c":"4157056000","n":"경기도 김포시 장기동","sg":"김포시","sd":"경기도","p":40236,"a":4.271,"d":9421},"geometry":{"type":"MultiPolygon","coordinates":[[[[126.6952,37.6343],[126.6916,37.6344],[126.6893,37.6333],[126.6886,37.6325],[126.6886,37.6269],[126.6852,37.6242],[126.6808,37.6274],[126.6801,37.6296],[126.6752,37.63],[126.6744,37.6304],[126.6741,37.6322],[126.6709,37.6344],[126.6656,37.6362],[126.6625,37.6369],[126.6611,37.6367],[126.6594,37.6382],[126.6612,37.6402],[126.6626,37.6393],[126.6647,37.6391],[126.6718,37.6471],[126.6791,37.6519],[126.68,37.6513],[126.682,37.6473],[126.6835,37.6471],[126.685,37.6482],[126.6889,37.6457],[126.6894,37.6437],[126.6881,37.6426],[126.6911,37.6403],[126.6894,37.6388],[126.6952,37.6343]]]]}},{"type":"Feature","properties":{"c":"4157057000","n":"경기도 김포시 구래동","sg":"김포시","sd":"경기도","p":45881,"a":2.101,"d":21837},"geometry":{"type":"MultiPolygon","coordinates":[[[[126.6335,37.6463],[126.6339,37.6447],[126.63,37.6439],[126.6295,37.6431],[126.6313,37.6376],[126.6272,37.6368],[126.6277,37.6354],[126.6211,37.6376],[126.6178,37.6457],[126.623,37.6501],[126.6327,37.6524],[126.6353,37.6565],[126.6403,37.6549],[126.6386,37.6522],[126.6397,37.6496],[126.6336,37.6477],[126.6335,37.6463]]]]}},{"type":"Feature","properties":{"c":"4157052500","n":"경기도 김포시 장기본동","sg":"김포시","sd":"경기도","p":38538,"a":2.479,"d":15543},"geometry":{"type":"MultiPolygon","coordinates":[[[[126.6752,37.6494],[126.6718,37.6471],[126.6647,37.6391],[126.6626,37.6393],[126.6612,37.6402],[126.6594,37.6382],[126.6579,37.6386],[126.656,37.638],[126.6565,37.6394],[126.655,37.6396],[126.6525,37.6411],[126.6571,37.6494],[126.6637,37.6575],[126.6643,37.6604],[126.6636,37.6619],[126.6662,37.6603],[126.6752,37.6494]]]]}},{"type":"Feature","properties":{"c":"4157058000","n":"경기도 김포시 운양동","sg":"김포시","sd":"경기도","p":48732,"a":7.532,"d":6470},"geometry":{"type":"MultiPolygon","coordinates":[[[[126.6893,37.6662],[126.7093,37.6547],[126.7075,37.6511],[126.7037,37.6494],[126.7039,37.6472],[126.7014,37.647],[126.7003,37.6476],[126.698,37.6464],[126.6936,37.6423],[126.6963,37.6402],[126.6934,37.6372],[126.6967,37.6348],[126.6954,37.6343],[126.6894,37.6388],[126.6911,37.6403],[126.6881,37.6426],[126.6894,37.6437],[126.6889,37.6457],[126.685,37.6482],[126.6835,37.6471],[126.682,37.6473],[126.68,37.6513],[126.6791,37.6519],[126.6752,37.6494],[126.6662,37.6603],[126.6636,37.6619],[126.6646,37.663],[126.6665,37.6636],[126.6685,37.6697],[126.6702,37.6721],[126.6735,37.6749],[126.6893,37.6662]]]]}},{"type":"Feature","properties":{"c":"4159325000","n":"경기도 화성시효행구 봉담읍","sg":"화성시효행구","sd":"경기도","p":112529,"a":43.179,"d":2606},"geometry":{"type":"MultiPolygon","coordinates":[[[[126.9704,37.2292],[126.9717,37.2274],[126.9722,37.2247],[126.9739,37.2222],[126.9766,37.222],[126.9779,37.2205],[126.9799,37.2168],[126.9798,37.2152],[126.9816,37.2133],[126.9798,37.2125],[126.9793,37.2088],[126.98,37.2068],[126.9851,37.2019],[126.9856,37.2002],[126.9837,37.1976],[126.9842,37.1957],[126.9807,37.1978],[126.9788,37.1981],[126.9762,37.1975],[126.9763,37.1969],[126.9754,37.1966],[126.9727,37.1966],[126.9679,37.1983],[126.9619,37.1969],[126.9541,37.196],[126.9502,37.1939],[126.9527,37.1893],[126.9496,37.1839],[126.9498,37.1817],[126.9516,37.1779],[126.9514,37.1749],[126.9486,37.1742],[126.9449,37.1722],[126.9442,37.1711],[126.9457,37.1647],[126.9449,37.1594],[126.9432,37.1573],[126.943,37.1543],[126.946,37.1506],[126.9452,37.1453],[126.9418,37.1431],[126.9379,37.1452],[126.9357,37.1455],[126.933,37.1435],[126.9306,37.1435],[126.9288,37.1462],[126.9291,37.1479],[126.9341,37.1502],[126.9366,37.1571],[126.938,37.157],[126.9355,37.1612],[126.9348,37.1616],[126.9329,37.1611],[126.9276,37.1616],[126.9261,37.161],[126.924,37.1581],[126.9199,37.1543],[126.917,37.1557],[126.9149,37.16],[126.9154,37.1653],[126.9165,37.1673],[126.918,37.1672],[126.9213,37.1683],[126.9195,37.1705],[126.9172,37.1759],[126.9174,37.1765],[126.9211,37.1792],[126.9215,37.1814],[126.9198,37.1879],[126.92,37.1896],[126.9148,37.1918],[126.9042,37.1924],[126.8999,37.194],[126.9035,37.1984],[126.9061,37.1992],[126.9083,37.2074],[126.9076,37.2115],[126.9047,37.2139],[126.9034,37.2168],[126.9054,37.2183],[126.9094,37.2242],[126.9073,37.2334],[126.9083,37.2344],[126.9121,37.2355],[126.9122,37.2391],[126.9148,37.2415],[126.9247,37.2389],[126.9254,37.2383],[126.9252,37.2345],[126.9262,37.2344],[126.9281,37.2353],[126.9296,37.2379],[126.9301,37.2418],[126.9321,37.2432],[126.9339,37.2436],[126.9378,37.243],[126.9399,37.242],[126.9424,37.2393],[126.9458,37.2391],[126.9473,37.2399],[126.9481,37.2428],[126.9538,37.2429],[126.9567,37.2452],[126.958,37.2426],[126.9574,37.2404],[126.9578,37.2398],[126.967,37.2356],[126.9704,37.2292]]]]}},{"type":"Feature","properties":{"c":"4159125000","n":"경기도 화성시만세구 우정읍","sg":"화성시만세구","sd":"경기도","p":16527,"a":61.035,"d":271},"geometry":{"type":"MultiPolygon","coordinates":[[[[126.5581,37.0612],[126.5537,37.0583],[126.5529,37.0593],[126.5574,37.0645],[126.5578,37.063],[126.5593,37.0618],[126.5581,37.0612]]],[[[126.7317,37.0722],[126.7303,37.0722],[126.7303,37.0732],[126.7319,37.0777],[126.7358,37.083],[126.7353,37.0926],[126.7358,37.0931],[126.7374,37.0918],[126.7394,37.0865],[126.7419,37.0832],[126.7425,37.0768],[126.7411,37.0756],[126.7338,37.0735],[126.7317,37.0722]]],[[[126.5399,37.0995],[126.5391,37.0991],[126.5372,37.107],[126.537,37.1089],[126.5379,37.1108],[126.5375,37.1124],[126.5402,37.1118],[126.541,37.1098],[126.5417,37.1028],[126.5399,37.0995]]],[[[126.8069,37.0127],[126.7969,37.0121],[126.7967,37.016],[126.795,37.018],[126.7946,37.0258],[126.7891,37.0292],[126.751,37.0293],[126.7488,37.0301],[126.7448,37.0363],[126.7444,37.0392],[126.7448,37.0416],[126.7484,37.049],[126.7566,37.0564],[126.769,37.0601],[126.7702,37.0638],[126.7666,37.0637],[126.7629,37.0628],[126.7613,37.0681],[126.7641,37.069],[126.7641,37.0719],[126.7628,37.0752],[126.7637,37.0812],[126.7649,37.0847],[126.7642,37.0865],[126.7656,37.0893],[126.7666,37.0892],[126.7671,37.0909],[126.7663,37.0932],[126.7682,37.0957],[126.7703,37.1015],[126.7698,37.1039],[126.769,37.103],[126.7663,37.1037],[126.7653,37.105],[126.7653,37.1059],[126.7583,37.1111],[126.7582,37.1126],[126.7598,37.1171],[126.7687,37.1279],[126.774,37.1283],[126.7755,37.1299],[126.7761,37.1323],[126.7827,37.1351],[126.7868,37.1327],[126.7875,37.1298],[126.7949,37.129],[126.7958,37.1344],[126.8011,37.1387],[126.8104,37.1402],[126.8243,37.1296],[126.8239,37.127],[126.8258,37.1254],[126.8277,37.125],[126.831,37.1175],[126.8142,37.1163],[126.8148,37.1084],[126.8223,37.1054],[126.8249,37.1027],[126.8298,37.1021],[126.8326,37.1005],[126.8336,37.0988],[126.8275,37.0959],[126.829,37.0912],[126.8264,37.0869],[126.8239,37.0865],[126.8225,37.0851],[126.8234,37.0837],[126.8147,37.0799],[126.8142,37.0809],[126.8122,37.0813],[126.8102,37.0812],[126.8069,37.0797],[126.8073,37.0745],[126.8084,37.0734],[126.8103,37.0732],[126.8121,37.0708],[126.8053,37.0669],[126.8001,37.0661],[126.7958,37.0588],[126.7958,37.0563],[126.8015,37.0521],[126.801,37.0507],[126.8028,37.0492],[126.8102,37.0476],[126.8125,37.0413],[126.8128,37.0256],[126.8066,37.0256],[126.8069,37.0127]]]]}},{"type":"Feature","properties":{"c":"4159125300","n":"경기도 화성시만세구 향남읍","sg":"화성시만세구","sd":"경기도","p":84781,"a":50.378,"d":1683},"geometry":{"type":"MultiPolygon","coordinates":[[[[126.9991,37.1236],[126.9949,37.1228],[126.9933,37.1216],[126.9923,37.1195],[126.9908,37.1191],[126.9868,37.1209],[126.9803,37.1198],[126.9791,37.1217],[126.9771,37.1231],[126.9764,37.1227],[126.9758,37.1197],[126.9721,37.1137],[126.9714,37.1091],[126.9682,37.1073],[126.9666,37.108],[126.9581,37.1087],[126.955,37.108],[126.9545,37.107],[126.9547,37.1025],[126.9539,37.0996],[126.9546,37.0973],[126.9542,37.0941],[126.9532,37.0928],[126.9499,37.0921],[126.9448,37.0934],[126.9455,37.1009],[126.9436,37.1008],[126.9382,37.1034],[126.9363,37.1056],[126.933,37.1056],[126.9312,37.1017],[126.9257,37.099],[126.9272,37.0875],[126.9269,37.0819],[126.9207,37.08],[126.9186,37.0797],[126.9166,37.0802],[126.9111,37.0786],[126.9109,37.0777],[126.9092,37.076],[126.9021,37.072],[126.9008,37.0701],[126.8914,37.067],[126.8838,37.0665],[126.8829,37.0725],[126.8785,37.0856],[126.8782,37.0883],[126.8798,37.0935],[126.8868,37.1001],[126.8885,37.1036],[126.8883,37.1049],[126.8871,37.1051],[126.8851,37.1071],[126.8895,37.1154],[126.8903,37.1189],[126.8897,37.1223],[126.8869,37.1243],[126.8924,37.1353],[126.8931,37.1346],[126.8948,37.135],[126.896,37.1386],[126.8974,37.1406],[126.8988,37.1411],[126.9035,37.148],[126.9064,37.1496],[126.9116,37.1475],[126.9105,37.1407],[126.9141,37.1402],[126.9206,37.1427],[126.9225,37.1425],[126.9288,37.1462],[126.9306,37.1435],[126.933,37.1435],[126.9357,37.1455],[126.9379,37.1452],[126.9418,37.1431],[126.9452,37.1453],[126.946,37.1506],[126.9518,37.1485],[126.9524,37.1481],[126.9525,37.1455],[126.9554,37.1435],[126.9586,37.1425],[126.9667,37.1436],[126.9692,37.1447],[126.9742,37.1433],[126.9788,37.1433],[126.9822,37.1414],[126.9821,37.1352],[126.9872,37.1297],[126.9906,37.1287],[126.9931,37.1298],[126.9962,37.1292],[126.9973,37.1279],[126.9968,37.1247],[126.9991,37.1236]]]]}},{"type":"Feature","properties":{"c":"4159125600","n":"경기도 화성시만세구 남양읍","sg":"화성시만세구","sd":"경기도","p":60456,"a":68.078,"d":888},"geometry":{"type":"MultiPolygon","coordinates":[[[[126.841,37.2659],[126.8384,37.2638],[126.8341,37.2577],[126.8342,37.2541],[126.8308,37.2536],[126.8273,37.2515],[126.8264,37.2487],[126.8272,37.243],[126.8237,37.2368],[126.8253,37.2352],[126.8268,37.2354],[126.8284,37.2298],[126.8328,37.2305],[126.8355,37.2313],[126.8358,37.2322],[126.8391,37.2321],[126.8409,37.2293],[126.8434,37.2287],[126.8452,37.2292],[126.8485,37.2273],[126.85,37.2262],[126.851,37.2231],[126.8569,37.2142],[126.8654,37.2117],[126.867,37.2094],[126.8658,37.2043],[126.8623,37.1999],[126.8598,37.1931],[126.8607,37.191],[126.8594,37.1883],[126.8579,37.1877],[126.8568,37.1851],[126.8599,37.1788],[126.8645,37.1756],[126.8647,37.1741],[126.8625,37.1707],[126.8627,37.1688],[126.8591,37.1654],[126.8461,37.1595],[126.843,37.1552],[126.8338,37.1505],[126.8267,37.1496],[126.8211,37.1504],[126.8055,37.1489],[126.8045,37.1515],[126.7995,37.1536],[126.7948,37.1509],[126.7903,37.1495],[126.7875,37.1506],[126.7828,37.1512],[126.7812,37.152],[126.7818,37.1528],[126.7855,37.1549],[126.7883,37.1552],[126.795,37.1582],[126.7976,37.1624],[126.7958,37.1662],[126.7962,37.1704],[126.792,37.1731],[126.7926,37.1766],[126.7956,37.1797],[126.7983,37.1926],[126.7955,37.1933],[126.7919,37.1958],[126.7907,37.1993],[126.7963,37.2105],[126.7984,37.2123],[126.8014,37.2134],[126.8019,37.2141],[126.7993,37.2191],[126.799,37.2229],[126.797,37.2256],[126.7952,37.2265],[126.7925,37.2308],[126.7905,37.2326],[126.7864,37.233],[126.7843,37.2347],[126.7831,37.2344],[126.7783,37.2392],[126.7778,37.2408],[126.7781,37.2459],[126.7894,37.2444],[126.7895,37.2478],[126.7881,37.2552],[126.793,37.2595],[126.7915,37.2614],[126.7901,37.2666],[126.7901,37.2673],[126.7923,37.269],[126.7961,37.2709],[126.8022,37.2696],[126.8093,37.2668],[126.8105,37.2672],[126.8099,37.2687],[126.8084,37.2684],[126.8036,37.2766],[126.8006,37.2778],[126.7992,37.279],[126.8011,37.2797],[126.8026,37.2829],[126.8045,37.2837],[126.8049,37.2845],[126.8069,37.2848],[126.8106,37.2868],[126.8127,37.2861],[126.8139,37.285],[126.812,37.284],[126.812,37.2832],[126.811,37.2833],[126.8098,37.2806],[126.8118,37.279],[126.8148,37.2778],[126.816,37.2779],[126.82,37.2759],[126.8271,37.2707],[126.8289,37.2707],[126.8312,37.2737],[126.8355,37.271],[126.8374,37.2707],[126.8409,37.2669],[126.841,37.2659]]]]}},{"type":"Feature","properties":{"c":"4159331000","n":"경기도 화성시효행구 매송면","sg":"화성시효행구","sd":"경기도","p":6147,"a":26.55,"d":232},"geometry":{"type":"MultiPolygon","coordinates":[[[[126.9274,37.2788],[126.9287,37.2767],[126.9273,37.2714],[126.929,37.2637],[126.9308,37.261],[126.932,37.2606],[126.9351,37.2569],[126.9395,37.2566],[126.9465,37.2575],[126.9485,37.2568],[126.95,37.2558],[126.95,37.2538],[126.9507,37.2524],[126.9522,37.2515],[126.9534,37.2481],[126.9562,37.2468],[126.9567,37.2452],[126.9538,37.2429],[126.9481,37.2428],[126.9473,37.2399],[126.9458,37.2391],[126.9424,37.2393],[126.9399,37.242],[126.9378,37.243],[126.9339,37.2436],[126.9321,37.2432],[126.9301,37.2418],[126.9296,37.2379],[126.9281,37.2353],[126.9262,37.2344],[126.9252,37.2345],[126.9253,37.2384],[126.9219,37.2399],[126.9148,37.2415],[126.9126,37.24],[126.9124,37.2386],[126.9049,37.2412],[126.905,37.2422],[126.9039,37.243],[126.9015,37.2435],[126.8993,37.2428],[126.8948,37.2493],[126.8896,37.2511],[126.8891,37.2534],[126.8873,37.2564],[126.8837,37.2566],[126.8777,37.2581],[126.874,37.2605],[126.8698,37.2594],[126.8676,37.2597],[126.8665,37.2615],[126.8664,37.2644],[126.8646,37.2669],[126.8634,37.267],[126.8629,37.2664],[126.8586,37.2699],[126.857,37.2694],[126.8527,37.272],[126.8582,37.2742],[126.8713,37.2747],[126.8767,37.2777],[126.8782,37.2792],[126.8785,37.2839],[126.8797,37.2857],[126.8833,37.2822],[126.8862,37.2805],[126.8909,37.282],[126.8915,37.2829],[126.8911,37.2838],[126.8929,37.2865],[126.8964,37.289],[126.8977,37.2891],[126.8995,37.2902],[126.8984,37.294],[126.9015,37.291],[126.9055,37.2899],[126.912,37.2901],[126.9131,37.2915],[126.9139,37.2915],[126.9161,37.2887],[126.9176,37.2854],[126.9274,37.2788]]]]}},{"type":"Feature","properties":{"c":"4159332000","n":"경기도 화성시효행구 비봉면","sg":"화성시효행구","sd":"경기도","p":16542,"a":38.798,"d":426},"geometry":{"type":"MultiPolygon","coordinates":[[[[126.9124,37.2386],[126.9121,37.2355],[126.9083,37.2344],[126.9073,37.2334],[126.9094,37.2242],[126.9054,37.2183],[126.9034,37.2168],[126.9047,37.2139],[126.9076,37.2115],[126.9083,37.2074],[126.9065,37.2001],[126.9061,37.1992],[126.9035,37.1984],[126.9001,37.1941],[126.8984,37.1951],[126.8942,37.193],[126.8889,37.197],[126.8853,37.1973],[126.8823,37.1972],[126.8785,37.1943],[126.8759,37.1938],[126.8713,37.1978],[126.8633,37.2013],[126.8658,37.2043],[126.867,37.2094],[126.8654,37.2117],[126.8569,37.2142],[126.851,37.2231],[126.85,37.2262],[126.8452,37.2292],[126.8434,37.2287],[126.8409,37.2293],[126.8391,37.2321],[126.8358,37.2322],[126.8355,37.2313],[126.8328,37.2305],[126.8284,37.2298],[126.8268,37.2354],[126.8253,37.2352],[126.8237,37.2368],[126.8272,37.243],[126.8264,37.2487],[126.8275,37.2518],[126.8308,37.2536],[126.8342,37.2541],[126.8341,37.2577],[126.8384,37.2638],[126.8412,37.2663],[126.845,37.2635],[126.8442,37.2629],[126.8446,37.2609],[126.8449,37.2598],[126.8458,37.2598],[126.8452,37.2609],[126.8466,37.2641],[126.8452,37.2659],[126.8479,37.266],[126.8493,37.2687],[126.8527,37.272],[126.857,37.2694],[126.8586,37.2699],[126.8629,37.2664],[126.8634,37.267],[126.8646,37.2669],[126.8664,37.2644],[126.8665,37.2615],[126.8675,37.2597],[126.8698,37.2594],[126.874,37.2605],[126.8777,37.2581],[126.8837,37.2566],[126.887,37.2566],[126.8891,37.2534],[126.8896,37.2511],[126.8948,37.2493],[126.8991,37.2428],[126.9015,37.2435],[126.9039,37.243],[126.905,37.2422],[126.9049,37.2412],[126.9124,37.2386]]]]}},{"type":"Feature","properties":{"c":"4159131000","n":"경기도 화성시만세구 마도면","sg":"화성시만세구","sd":"경기도","p":6427,"a":33.233,"d":193},"geometry":{"type":"MultiPolygon","coordinates":[[[[126.7864,37.233],[126.7908,37.2325],[126.7952,37.2265],[126.798,37.2243],[126.7993,37.2219],[126.7993,37.2191],[126.8019,37.2141],[126.8014,37.2134],[126.7984,37.2123],[126.7963,37.2105],[126.7907,37.1993],[126.7919,37.1958],[126.7955,37.1933],[126.7983,37.1926],[126.7953,37.1814],[126.7904,37.1753],[126.7808,37.1667],[126.778,37.1647],[126.7664,37.1642],[126.7599,37.1647],[126.753,37.1667],[126.7492,37.1669],[126.7465,37.1655],[126.7468,37.1617],[126.7461,37.1634],[126.7426,37.1667],[126.7354,37.1696],[126.7329,37.1693],[126.7265,37.1741],[126.726,37.1762],[126.7186,37.1764],[126.7151,37.1818],[126.7164,37.1849],[126.7204,37.1884],[126.7189,37.1944],[126.7284,37.1985],[126.7279,37.2005],[126.729,37.2022],[126.7436,37.2061],[126.7466,37.2051],[126.7495,37.2067],[126.7504,37.2113],[126.7539,37.2115],[126.755,37.2075],[126.7573,37.2059],[126.7606,37.2079],[126.7606,37.21],[126.7615,37.2107],[126.7684,37.2109],[126.7727,37.2103],[126.7737,37.2109],[126.7743,37.2125],[126.7726,37.215],[126.7728,37.2194],[126.7825,37.2284],[126.7817,37.2344],[126.7864,37.233]]]]}},{"type":"Feature","properties":{"c":"4159132000","n":"경기도 화성시만세구 송산면","sg":"화성시만세구","sd":"경기도","p":10163,"a":58.122,"d":175},"geometry":{"type":"MultiPolygon","coordinates":[[[[126.6584,37.2018],[126.6577,37.2023],[126.6587,37.2031],[126.6589,37.2023],[126.6584,37.2018]]],[[[126.6631,37.2034],[126.6603,37.2049],[126.6621,37.2057],[126.6632,37.2054],[126.6631,37.2034]]],[[[126.7664,37.2594],[126.7628,37.2601],[126.762,37.2608],[126.7656,37.262],[126.7664,37.2594]]],[[[126.7817,37.2344],[126.7825,37.2284],[126.7728,37.2194],[126.7726,37.215],[126.7743,37.2125],[126.7737,37.2109],[126.7727,37.2103],[126.7684,37.2109],[126.7615,37.2107],[126.7606,37.21],[126.7606,37.2079],[126.7573,37.2059],[126.755,37.2075],[126.7539,37.2115],[126.7504,37.2113],[126.7495,37.2067],[126.7466,37.2051],[126.7436,37.2061],[126.729,37.2022],[126.7279,37.2005],[126.7284,37.1985],[126.7189,37.1944],[126.7173,37.1945],[126.7161,37.1966],[126.7137,37.1982],[126.7101,37.1946],[126.7062,37.1928],[126.7008,37.1968],[126.7016,37.2006],[126.6998,37.2026],[126.6974,37.2027],[126.6975,37.2041],[126.6941,37.203],[126.6919,37.2031],[126.6927,37.2064],[126.699,37.214],[126.6917,37.2143],[126.6902,37.213],[126.6884,37.2075],[126.6849,37.2083],[126.6842,37.2095],[126.6792,37.2072],[126.6789,37.204],[126.6768,37.2008],[126.6741,37.1997],[126.6722,37.2004],[126.6662,37.2086],[126.6654,37.2117],[126.6661,37.2167],[126.6669,37.2179],[126.6681,37.218],[126.6756,37.2211],[126.6774,37.2236],[126.6735,37.2278],[126.673,37.2296],[126.6715,37.2303],[126.6686,37.2292],[126.6648,37.2336],[126.6645,37.2368],[126.6613,37.2382],[126.6567,37.2378],[126.6576,37.2359],[126.6556,37.2348],[126.6514,37.2388],[126.6481,37.249],[126.6498,37.2516],[126.6499,37.2542],[126.6506,37.2542],[126.6524,37.2508],[126.6562,37.248],[126.655,37.2468],[126.6671,37.2444],[126.6682,37.2428],[126.6699,37.2428],[126.6766,37.2465],[126.6803,37.256],[126.6786,37.2569],[126.6765,37.2568],[126.6754,37.2574],[126.6769,37.2607],[126.6782,37.2613],[126.6798,37.2606],[126.6798,37.258],[126.6811,37.2572],[126.6849,37.2594],[126.6867,37.2627],[126.6892,37.2629],[126.6931,37.2615],[126.6986,37.2615],[126.7041,37.2586],[126.709,37.2586],[126.7173,37.2561],[126.7217,37.2568],[126.7237,37.2575],[126.7241,37.2584],[126.7255,37.2586],[126.7266,37.2578],[126.7267,37.256],[126.7278,37.2542],[126.7294,37.2545],[126.734,37.2503],[126.7355,37.2507],[126.7383,37.254],[126.7407,37.2552],[126.7489,37.2558],[126.757,37.255],[126.759,37.254],[126.7639,37.2528],[126.7675,37.2483],[126.7725,37.249],[126.7752,37.2479],[126.7759,37.2469],[126.7776,37.2379],[126.7817,37.2344]]],[[[126.6728,37.2736],[126.6688,37.2735],[126.6673,37.274],[126.6667,37.2753],[126.6729,37.2809],[126.6802,37.2839],[126.685,37.2806],[126.68,37.2744],[126.6728,37.2736]]],[[[126.7406,37.289],[126.7425,37.2877],[126.7454,37.288],[126.7455,37.2833],[126.7414,37.283],[126.7375,37.2835],[126.7351,37.2826],[126.7343,37.2828],[126.7348,37.2859],[126.7367,37.2883],[126.7394,37.2892],[126.7406,37.289]]]]}},{"type":"Feature","properties":{"c":"4159133000","n":"경기도 화성시만세구 서신면","sg":"화성시만세구","sd":"경기도","p":6963,"a":45.404,"d":153},"geometry":{"type":"MultiPolygon","coordinates":[[[[126.6149,37.1197],[126.6156,37.1196],[126.6152,37.1183],[126.6141,37.1173],[126.613,37.1175],[126.6132,37.1188],[126.6149,37.1197]]],[[[126.6388,37.1395],[126.6375,37.14],[126.6378,37.1435],[126.6392,37.1423],[126.6388,37.1395]]],[[[126.6246,37.1769],[126.6267,37.1754],[126.6306,37.1738],[126.6283,37.1687],[126.626,37.166],[126.6224,37.1631],[126.6182,37.1576],[126.6145,37.1554],[126.6146,37.1567],[126.6169,37.1592],[126.6175,37.1618],[126.6162,37.1721],[126.6168,37.1751],[126.619,37.1777],[126.6218,37.179],[126.6246,37.1769]]],[[[126.7189,37.1944],[126.7204,37.1884],[126.7164,37.1849],[126.7151,37.1818],[126.7185,37.1765],[126.726,37.1762],[126.7265,37.1741],[126.7329,37.1693],[126.7354,37.1696],[126.7426,37.1667],[126.7461,37.1634],[126.7468,37.1617],[126.7465,37.16],[126.7428,37.1556],[126.7426,37.1538],[126.7402,37.1515],[126.7375,37.1497],[126.7337,37.1499],[126.7311,37.1491],[126.7321,37.1464],[126.7281,37.1388],[126.7219,37.1366],[126.7192,37.132],[126.7138,37.1294],[126.7113,37.1311],[126.7094,37.1315],[126.7064,37.131],[126.705,37.1288],[126.7048,37.1231],[126.6982,37.1198],[126.6954,37.1199],[126.6924,37.1192],[126.6885,37.1161],[126.6877,37.1151],[126.6884,37.114],[126.6873,37.1126],[126.6861,37.1119],[126.6833,37.1115],[126.6779,37.115],[126.678,37.1156],[126.6809,37.1156],[126.6837,37.1174],[126.6843,37.1187],[126.6839,37.1224],[126.6819,37.1284],[126.6774,37.135],[126.6762,37.1356],[126.6737,37.1347],[126.6735,37.138],[126.6762,37.1388],[126.679,37.1407],[126.6826,37.1489],[126.6837,37.1497],[126.6899,37.1508],[126.6945,37.1524],[126.6945,37.1532],[126.693,37.154],[126.6907,37.1572],[126.6842,37.1597],[126.6893,37.1678],[126.6836,37.1632],[126.6826,37.1604],[126.6701,37.1557],[126.6639,37.1566],[126.6606,37.1544],[126.6549,37.153],[126.6498,37.154],[126.6494,37.1566],[126.6579,37.1592],[126.6607,37.1621],[126.6606,37.1635],[126.6588,37.1648],[126.6577,37.1674],[126.6559,37.1735],[126.6556,37.1777],[126.6538,37.1792],[126.6533,37.1809],[126.6546,37.1814],[126.656,37.1809],[126.6585,37.1784],[126.6609,37.178],[126.6619,37.1801],[126.665,37.1833],[126.6657,37.1862],[126.6646,37.1874],[126.6662,37.189],[126.6668,37.1892],[126.6679,37.1885],[126.6697,37.1891],[126.6647,37.1915],[126.6599,37.1905],[126.6584,37.1899],[126.6545,37.1859],[126.6541,37.1837],[126.6548,37.1828],[126.6505,37.1825],[126.6493,37.1838],[126.6502,37.1853],[126.6553,37.1904],[126.6511,37.1911],[126.6516,37.1916],[126.6573,37.191],[126.6607,37.1965],[126.6648,37.1966],[126.6657,37.1963],[126.6658,37.1958],[126.6712,37.1944],[126.6692,37.1964],[126.6703,37.197],[126.678,37.1976],[126.6798,37.1983],[126.6804,37.1996],[126.6866,37.2022],[126.6913,37.2032],[126.6941,37.203],[126.6975,37.2041],[126.6974,37.2027],[126.6998,37.2026],[126.7016,37.2006],[126.7008,37.1968],[126.7061,37.1928],[126.7101,37.1946],[126.7137,37.1982],[126.7161,37.1966],[126.7173,37.1945],[126.7189,37.1944]]]]}},{"type":"Feature","properties":{"c":"4159134000","n":"경기도 화성시만세구 팔탄면","sg":"화성시만세구","sd":"경기도","p":9150,"a":50.672,"d":181},"geometry":{"type":"MultiPolygon","coordinates":[[[[126.8999,37.194],[126.9042,37.1924],[126.9148,37.1918],[126.92,37.1896],[126.9198,37.1879],[126.9215,37.1814],[126.9211,37.1792],[126.9174,37.1765],[126.9172,37.1759],[126.9195,37.1705],[126.9213,37.1683],[126.918,37.1672],[126.9169,37.1675],[126.9155,37.1659],[126.9149,37.16],[126.917,37.1557],[126.9194,37.1544],[126.9204,37.1545],[126.9261,37.161],[126.9276,37.1616],[126.9329,37.1611],[126.9348,37.1616],[126.938,37.157],[126.9366,37.1571],[126.9341,37.1502],[126.9291,37.1479],[126.9288,37.1462],[126.9281,37.1455],[126.9225,37.1425],[126.9206,37.1427],[126.9161,37.1406],[126.9141,37.1402],[126.9105,37.1407],[126.9116,37.1475],[126.9064,37.1496],[126.9035,37.148],[126.8988,37.1411],[126.8974,37.1406],[126.896,37.1386],[126.8948,37.135],[126.8931,37.1346],[126.8924,37.1353],[126.8869,37.1243],[126.8897,37.1223],[126.8903,37.1189],[126.8895,37.1154],[126.8851,37.1071],[126.8871,37.1051],[126.8883,37.1049],[126.8885,37.1036],[126.8868,37.1001],[126.8798,37.0935],[126.8768,37.0972],[126.8756,37.1019],[126.8658,37.1042],[126.8628,37.1112],[126.8619,37.1119],[126.8592,37.1121],[126.8561,37.1158],[126.8484,37.1225],[126.8482,37.1238],[126.8491,37.1251],[126.8487,37.1279],[126.8423,37.1316],[126.8413,37.1329],[126.8411,37.1349],[126.8418,37.1378],[126.846,37.1391],[126.8499,37.1419],[126.85,37.1443],[126.8461,37.1483],[126.8384,37.1526],[126.843,37.1552],[126.8461,37.1595],[126.8591,37.1654],[126.8627,37.1688],[126.8625,37.1707],[126.8647,37.1741],[126.8645,37.1756],[126.8599,37.1788],[126.8568,37.1849],[126.8579,37.1877],[126.8594,37.1883],[126.8607,37.191],[126.8598,37.1931],[126.8617,37.1987],[126.8633,37.2013],[126.8713,37.1978],[126.8759,37.1938],[126.8785,37.1943],[126.8823,37.1972],[126.885,37.1973],[126.8889,37.197],[126.8942,37.193],[126.8984,37.1951],[126.8999,37.194]]]]}},{"type":"Feature","properties":{"c":"4159135000","n":"경기도 화성시만세구 장안면","sg":"화성시만세구","sd":"경기도","p":9209,"a":69.037,"d":133},"geometry":{"type":"MultiPolygon","coordinates":[[[[126.8798,37.0935],[126.8783,37.0893],[126.8782,37.0869],[126.8835,37.0695],[126.8837,37.0663],[126.8825,37.0608],[126.8758,37.0507],[126.8531,37.02],[126.8469,37.0158],[126.8381,37.0137],[126.8069,37.0127],[126.8066,37.0256],[126.8128,37.0256],[126.8125,37.0413],[126.8102,37.0476],[126.8028,37.0492],[126.801,37.0507],[126.8015,37.0521],[126.7958,37.0563],[126.7958,37.0588],[126.8001,37.0661],[126.8053,37.0669],[126.8121,37.0708],[126.8103,37.0732],[126.8084,37.0734],[126.8073,37.0745],[126.8069,37.0797],[126.8102,37.0812],[126.8122,37.0813],[126.8142,37.0809],[126.8147,37.0799],[126.8234,37.0837],[126.8225,37.0851],[126.8239,37.0865],[126.8264,37.0869],[126.829,37.0912],[126.8275,37.0959],[126.8336,37.0988],[126.8326,37.1005],[126.8298,37.1021],[126.8249,37.1027],[126.8223,37.1054],[126.8148,37.1084],[126.8142,37.1163],[126.831,37.1175],[126.8277,37.125],[126.8258,37.1254],[126.8239,37.127],[126.8243,37.1296],[126.8119,37.1394],[126.8154,37.1427],[126.8076,37.1444],[126.8055,37.1489],[126.8211,37.1504],[126.8246,37.1496],[126.8315,37.15],[126.8384,37.1526],[126.8461,37.1483],[126.8499,37.1444],[126.8499,37.1419],[126.846,37.1391],[126.8418,37.1378],[126.8411,37.1345],[126.8415,37.1325],[126.8432,37.1308],[126.8446,37.1306],[126.8487,37.1279],[126.8491,37.1251],[126.8482,37.1236],[126.8491,37.1215],[126.8561,37.1158],[126.8592,37.1121],[126.8619,37.1119],[126.8628,37.1112],[126.8658,37.1042],[126.8756,37.1019],[126.8768,37.0972],[126.8798,37.0935]]]]}},{"type":"Feature","properties":{"c":"4159136000","n":"경기도 화성시만세구 양감면","sg":"화성시만세구","sd":"경기도","p":3640,"a":30.581,"d":119},"geometry":{"type":"MultiPolygon","coordinates":[[[[126.9951,37.07],[126.9876,37.0705],[126.9846,37.0717],[126.9755,37.0706],[126.9731,37.072],[126.9688,37.0734],[126.9675,37.0721],[126.9664,37.0691],[126.9648,37.0689],[126.9612,37.0698],[126.9564,37.0683],[126.9514,37.0686],[126.9455,37.0656],[126.9441,37.0633],[126.9404,37.0608],[126.9317,37.0627],[126.9302,37.0671],[126.9286,37.068],[126.9232,37.0664],[126.922,37.0653],[126.9149,37.0658],[126.9104,37.0688],[126.9058,37.0697],[126.9049,37.0715],[126.906,37.0722],[126.9057,37.0733],[126.9049,37.0736],[126.9092,37.076],[126.9109,37.0777],[126.9111,37.0786],[126.9166,37.0802],[126.9186,37.0797],[126.9207,37.08],[126.9269,37.0819],[126.9272,37.0875],[126.9257,37.099],[126.9312,37.1017],[126.933,37.1056],[126.9363,37.1056],[126.9382,37.1034],[126.9436,37.1008],[126.9455,37.1009],[126.9448,37.0934],[126.9499,37.0921],[126.9532,37.0928],[126.9542,37.0941],[126.9546,37.0973],[126.9539,37.0996],[126.9547,37.1025],[126.9545,37.107],[126.955,37.108],[126.9581,37.1087],[126.9666,37.108],[126.9682,37.1073],[126.9714,37.1091],[126.9721,37.1137],[126.9758,37.1197],[126.9766,37.1228],[126.9771,37.1231],[126.9791,37.1217],[126.9803,37.1198],[126.9868,37.1209],[126.9908,37.1191],[126.9923,37.1195],[126.9933,37.1216],[126.9949,37.1228],[126.9973,37.1234],[126.9995,37.1224],[127.0023,37.1239],[127.0008,37.1186],[126.9967,37.112],[126.9957,37.1082],[126.9979,37.1045],[126.9983,37.1006],[126.997,37.0971],[126.9989,37.0926],[126.9978,37.0913],[126.9936,37.0896],[126.9927,37.0886],[126.9917,37.0848],[126.9951,37.07]]]]}},{"type":"Feature","properties":{"c":"4159333000","n":"경기도 화성시효행구 정남면","sg":"화성시효행구","sd":"경기도","p":10071,"a":40.912,"d":246},"geometry":{"type":"MultiPolygon","coordinates":[[[[126.9842,37.1957],[126.9854,37.1949],[126.9952,37.194],[126.9974,37.1925],[126.9977,37.1905],[127.007,37.1877],[127.0078,37.187],[127.0024,37.182],[127.0046,37.1815],[127.0046,37.1804],[126.9998,37.1776],[126.9965,37.1785],[126.9952,37.1773],[126.9953,37.175],[127.0001,37.1736],[127.0065,37.1681],[127.0124,37.1676],[127.0166,37.1678],[127.019,37.1673],[127.0281,37.1631],[127.027,37.1607],[127.0298,37.1588],[127.0305,37.156],[127.0278,37.1538],[127.0281,37.1522],[127.0301,37.1495],[127.0298,37.1453],[127.0309,37.1444],[127.0333,37.1388],[127.0356,37.136],[127.0304,37.1346],[127.0289,37.1334],[127.0252,37.1328],[127.0242,37.1332],[127.0175,37.1299],[127.0054,37.1281],[127.0038,37.127],[127.0024,37.1244],[126.9995,37.1235],[126.9968,37.1247],[126.9973,37.1279],[126.9962,37.1292],[126.9931,37.1298],[126.9906,37.1287],[126.9872,37.1297],[126.9821,37.1352],[126.9822,37.1414],[126.9791,37.1432],[126.9742,37.1433],[126.9692,37.1447],[126.9667,37.1436],[126.9586,37.1425],[126.9565,37.1432],[126.9525,37.1455],[126.9524,37.1481],[126.946,37.1506],[126.943,37.1543],[126.9432,37.1573],[126.9449,37.1594],[126.9457,37.1647],[126.9442,37.1711],[126.9449,37.1722],[126.9486,37.1742],[126.9514,37.1749],[126.9516,37.1779],[126.9498,37.1817],[126.9496,37.1839],[126.9527,37.1893],[126.9502,37.1939],[126.9541,37.196],[126.9619,37.1969],[126.9679,37.1983],[126.9727,37.1966],[126.9754,37.1966],[126.9763,37.1969],[126.9762,37.1975],[126.9788,37.1981],[126.9807,37.1978],[126.9842,37.1957]]]]}},{"type":"Feature","properties":{"c":"4159756000","n":"경기도 화성시동탄구 동탄6동","sg":"화성시동탄구","sd":"경기도","p":47057,"a":9.4,"d":5006},"geometry":{"type":"MultiPolygon","coordinates":[[[[127.091,37.1648],[127.089,37.1605],[127.0838,37.1608],[127.0832,37.1617],[127.0799,37.1614],[127.0789,37.1625],[127.0763,37.1622],[127.0754,37.1626],[127.0759,37.1637],[127.0735,37.1655],[127.0732,37.167],[127.0713,37.1682],[127.0707,37.1705],[127.0707,37.1739],[127.0723,37.174],[127.073,37.1746],[127.0722,37.176],[127.0721,37.182],[127.0711,37.184],[127.0731,37.1871],[127.0745,37.1873],[127.0786,37.186],[127.0792,37.1848],[127.0836,37.1842],[127.0842,37.1895],[127.0828,37.1942],[127.0838,37.1973],[127.0835,37.2005],[127.0863,37.2047],[127.0989,37.2047],[127.0988,37.1909],[127.1001,37.1896],[127.1032,37.1896],[127.104,37.1902],[127.1042,37.1894],[127.1027,37.1866],[127.1048,37.1853],[127.1136,37.1836],[127.1169,37.1835],[127.1101,37.1794],[127.1035,37.1778],[127.0981,37.1774],[127.0957,37.1749],[127.091,37.1648]]]]}},{"type":"Feature","properties":{"c":"4159551000","n":"경기도 화성시병점구 진안동","sg":"화성시병점구","sd":"경기도","p":50256,"a":6.838,"d":7350},"geometry":{"type":"MultiPolygon","coordinates":[[[[127.0504,37.1963],[127.0496,37.1959],[127.047,37.1961],[127.0425,37.1976],[127.0441,37.1981],[127.0443,37.1999],[127.0438,37.2009],[127.0427,37.2009],[127.0472,37.2039],[127.0487,37.2071],[127.0531,37.202],[127.0499,37.1979],[127.0496,37.1968],[127.0504,37.1963]]],[[[127.045,37.2332],[127.0442,37.2287],[127.0475,37.2261],[127.0516,37.221],[127.0533,37.2213],[127.0565,37.2186],[127.0528,37.2149],[127.0563,37.2122],[127.0562,37.2107],[127.0539,37.2081],[127.0514,37.2087],[127.0511,37.2105],[127.0535,37.2136],[127.0455,37.2183],[127.0453,37.2157],[127.0424,37.2134],[127.041,37.2114],[127.0389,37.2108],[127.0339,37.2069],[127.0321,37.2064],[127.0317,37.207],[127.0238,37.2042],[127.0239,37.2058],[127.0211,37.2084],[127.0289,37.2112],[127.026,37.2154],[127.0254,37.2181],[127.0262,37.22],[127.0234,37.2254],[127.0226,37.2249],[127.024,37.2272],[127.0229,37.2295],[127.0296,37.232],[127.0367,37.2384],[127.0371,37.2405],[127.0397,37.2435],[127.0408,37.2438],[127.0404,37.247],[127.0411,37.2474],[127.0426,37.2468],[127.0391,37.2372],[127.0416,37.2352],[127.0445,37.2343],[127.045,37.2332]]]]}},{"type":"Feature","properties":{"c":"4159552000","n":"경기도 화성시병점구 병점1동","sg":"화성시병점구","sd":"경기도","p":36317,"a":1.513,"d":24009},"geometry":{"type":"MultiPolygon","coordinates":[[[[127.0389,37.2108],[127.0446,37.2033],[127.0444,37.2022],[127.0427,37.2009],[127.0438,37.2009],[127.0443,37.1999],[127.0436,37.1978],[127.0415,37.1975],[127.0387,37.1983],[127.0369,37.1999],[127.0282,37.2001],[127.023,37.2015],[127.0238,37.2042],[127.0317,37.207],[127.0321,37.2064],[127.0339,37.2069],[127.0389,37.2108]]]]}},{"type":"Feature","properties":{"c":"4159553000","n":"경기도 화성시병점구 병점2동","sg":"화성시병점구","sd":"경기도","p":21990,"a":1.012,"d":21721},"geometry":{"type":"MultiPolygon","coordinates":[[[[127.0513,37.2109],[127.0505,37.2118],[127.0488,37.2094],[127.0479,37.205],[127.0458,37.2028],[127.0444,37.2022],[127.0446,37.2033],[127.0389,37.2108],[127.041,37.2114],[127.0424,37.2134],[127.0453,37.2157],[127.0455,37.2183],[127.0512,37.2145],[127.0532,37.214],[127.0535,37.2136],[127.0513,37.2109]]]]}},{"type":"Feature","properties":{"c":"4159554000","n":"경기도 화성시병점구 반월동","sg":"화성시병점구","sd":"경기도","p":37273,"a":3.909,"d":9536},"geometry":{"type":"MultiPolygon","coordinates":[[[[127.0667,37.2401],[127.0684,37.2376],[127.068,37.2347],[127.0688,37.2301],[127.0707,37.2289],[127.0726,37.2292],[127.0746,37.2281],[127.0756,37.2259],[127.0726,37.2261],[127.0682,37.2231],[127.0675,37.2221],[127.0691,37.2197],[127.0707,37.2137],[127.0644,37.2121],[127.0616,37.2207],[127.0603,37.2215],[127.0565,37.2186],[127.0533,37.2213],[127.0516,37.221],[127.0475,37.2261],[127.0442,37.2287],[127.045,37.2332],[127.0466,37.2329],[127.0515,37.2344],[127.0536,37.2334],[127.0538,37.2323],[127.0526,37.2311],[127.0583,37.2341],[127.0633,37.2392],[127.0667,37.2401]]]]}},{"type":"Feature","properties":{"c":"4159351000","n":"경기도 화성시효행구 기배동","sg":"화성시효행구","sd":"경기도","p":15499,"a":4.206,"d":3685},"geometry":{"type":"MultiPolygon","coordinates":[[[[126.9976,37.2302],[127.0037,37.2293],[127.0081,37.2278],[127.0031,37.2228],[127.0034,37.2201],[126.9995,37.2197],[126.9939,37.2169],[126.9816,37.2133],[126.9798,37.2152],[126.9799,37.2168],[126.9779,37.2205],[126.9766,37.222],[126.9739,37.2222],[126.9722,37.2247],[126.9717,37.2274],[126.9704,37.2292],[126.9728,37.2287],[126.9782,37.2296],[126.9804,37.2322],[126.9857,37.2326],[126.9881,37.2336],[126.9926,37.2309],[126.9976,37.2302]]]]}},{"type":"Feature","properties":{"c":"4159555000","n":"경기도 화성시병점구 화산동","sg":"화성시병점구","sd":"경기도","p":29209,"a":11.867,"d":2461},"geometry":{"type":"MultiPolygon","coordinates":[[[[127.0226,37.2249],[127.0234,37.2254],[127.0262,37.22],[127.0254,37.2181],[127.026,37.2154],[127.0289,37.2112],[127.0211,37.2084],[127.024,37.2055],[127.023,37.2015],[127.0267,37.2004],[127.0247,37.1981],[127.011,37.1938],[127.0098,37.1924],[127.0078,37.187],[127.007,37.1877],[126.9977,37.1905],[126.9974,37.1925],[126.9952,37.194],[126.9848,37.1952],[126.9837,37.1976],[126.9856,37.2002],[126.9851,37.2019],[126.98,37.2068],[126.9792,37.2096],[126.9799,37.2128],[126.9939,37.2169],[126.9995,37.2197],[127.0034,37.2201],[127.0031,37.2228],[127.0081,37.2278],[127.0136,37.2269],[127.0214,37.2242],[127.0226,37.2249]]]]}},{"type":"Feature","properties":{"c":"4159752000","n":"경기도 화성시동탄구 동탄2동","sg":"화성시동탄구","sd":"경기도","p":33696,"a":2.479,"d":13593},"geometry":{"type":"MultiPolygon","coordinates":[[[[127.0835,37.2005],[127.0838,37.1973],[127.0828,37.1942],[127.0842,37.1895],[127.0836,37.1842],[127.0792,37.1848],[127.0786,37.186],[127.0745,37.1873],[127.0731,37.1871],[127.0711,37.184],[127.0661,37.1843],[127.0653,37.1864],[127.0681,37.1891],[127.0686,37.1906],[127.0656,37.1922],[127.066,37.1957],[127.065,37.1977],[127.0774,37.2003],[127.0835,37.2005]]]]}},{"type":"Feature","properties":{"c":"4159751000","n":"경기도 화성시동탄구 동탄1동","sg":"화성시동탄구","sd":"경기도","p":49986,"a":5.04,"d":9917},"geometry":{"type":"MultiPolygon","coordinates":[[[[127.0756,37.2259],[127.0823,37.2198],[127.0887,37.2165],[127.0876,37.2135],[127.0846,37.2097],[127.0865,37.2067],[127.086,37.2036],[127.0846,37.2026],[127.0835,37.2005],[127.0774,37.2003],[127.065,37.1977],[127.0615,37.1994],[127.0595,37.1997],[127.0595,37.2058],[127.0634,37.2122],[127.0707,37.2137],[127.0691,37.2197],[127.0675,37.2221],[127.0682,37.2231],[127.0726,37.2261],[127.0756,37.2259]]]]}},{"type":"Feature","properties":{"c":"4159753000","n":"경기도 화성시동탄구 동탄3동","sg":"화성시동탄구","sd":"경기도","p":39910,"a":1.932,"d":20658},"geometry":{"type":"MultiPolygon","coordinates":[[[[127.0644,37.2121],[127.0636,37.2123],[127.0624,37.2112],[127.0595,37.2058],[127.0595,37.1997],[127.0615,37.1994],[127.0566,37.1972],[127.0544,37.1975],[127.0504,37.1963],[127.0496,37.1968],[127.0499,37.1979],[127.0531,37.202],[127.0528,37.2029],[127.0489,37.2066],[127.0488,37.2094],[127.0505,37.2118],[127.0513,37.2109],[127.0514,37.2087],[127.0535,37.2082],[127.0544,37.2084],[127.0562,37.2107],[127.0563,37.2122],[127.0528,37.2149],[127.0559,37.2182],[127.0603,37.2215],[127.0618,37.2204],[127.0644,37.2121]]]]}},{"type":"Feature","properties":{"c":"4161061000","n":"경기도 광주시 능평동","sg":"광주시","sd":"경기도","p":22461,"a":7.637,"d":2941},"geometry":{"type":"MultiPolygon","coordinates":[[[[127.138,37.3412],[127.142,37.3439],[127.144,37.3462],[127.1474,37.3471],[127.1467,37.349],[127.1487,37.351],[127.1491,37.3524],[127.1528,37.3544],[127.1582,37.3552],[127.1607,37.3584],[127.1642,37.3602],[127.1657,37.3618],[127.1699,37.3622],[127.1737,37.3616],[127.1767,37.3621],[127.179,37.3618],[127.1832,37.3638],[127.1875,37.3648],[127.1877,37.3613],[127.1896,37.3568],[127.1893,37.3555],[127.191,37.354],[127.1908,37.3508],[127.1925,37.3485],[127.1917,37.3472],[127.1788,37.3432],[127.1767,37.3444],[127.1738,37.3447],[127.1621,37.3433],[127.1576,37.3411],[127.1527,37.34],[127.1482,37.3377],[127.1419,37.3363],[127.1395,37.3388],[127.1363,37.3396],[127.1375,37.3399],[127.138,37.3412]]]]}},{"type":"Feature","properties":{"c":"4161025300","n":"경기도 광주시 초월읍","sg":"광주시","sd":"경기도","p":51871,"a":55.455,"d":935},"geometry":{"type":"MultiPolygon","coordinates":[[[[127.3624,37.4064],[127.3614,37.4045],[127.3564,37.4028],[127.354,37.4029],[127.3528,37.4022],[127.3524,37.4006],[127.3528,37.3965],[127.3518,37.3902],[127.3501,37.3874],[127.3472,37.3861],[127.3469,37.3818],[127.3478,37.3759],[127.3458,37.3728],[127.3421,37.372],[127.3383,37.3725],[127.3292,37.3694],[127.3273,37.3667],[127.3282,37.3628],[127.3229,37.3608],[127.3174,37.362],[127.3154,37.3563],[127.3116,37.3572],[127.311,37.3578],[127.3023,37.3536],[127.3011,37.3519],[127.2917,37.3496],[127.2899,37.3482],[127.2864,37.3474],[127.2839,37.3497],[127.2826,37.3522],[127.2835,37.356],[127.2815,37.3569],[127.279,37.3595],[127.2774,37.3675],[127.2783,37.3728],[127.2733,37.3748],[127.2721,37.3748],[127.2688,37.3786],[127.2687,37.3797],[127.2705,37.3829],[127.2669,37.3889],[127.2689,37.3899],[127.2705,37.3918],[127.2761,37.3937],[127.2785,37.3964],[127.2844,37.3986],[127.2802,37.403],[127.2796,37.4052],[127.2741,37.4108],[127.2755,37.4171],[127.2786,37.4191],[127.2816,37.4199],[127.2815,37.4205],[127.279,37.4231],[127.2716,37.4259],[127.2713,37.4263],[127.2728,37.4286],[127.2765,37.4311],[127.2795,37.4315],[127.2812,37.431],[127.2847,37.4321],[127.2868,37.4334],[127.2941,37.4344],[127.2979,37.4377],[127.2981,37.4406],[127.2993,37.4423],[127.3028,37.4438],[127.3082,37.4409],[127.3119,37.4397],[127.3142,37.4381],[127.3157,37.4289],[127.3224,37.4285],[127.3284,37.4296],[127.329,37.433],[127.3332,37.436],[127.3352,37.4362],[127.3395,37.4324],[127.3408,37.4292],[127.3452,37.4263],[127.3482,37.4255],[127.3505,37.4218],[127.353,37.4198],[127.3549,37.4188],[127.3587,37.4185],[127.3594,37.417],[127.3596,37.4104],[127.3615,37.4089],[127.3624,37.4064]]]]}},{"type":"Feature","properties":{"c":"4161025900","n":"경기도 광주시 곤지암읍","sg":"광주시","sd":"경기도","p":20889,"a":76.564,"d":273},"geometry":{"type":"MultiPolygon","coordinates":[[[[127.4459,37.3634],[127.446,37.3608],[127.4358,37.3549],[127.4338,37.3508],[127.4302,37.3467],[127.4221,37.343],[127.4212,37.3418],[127.4216,37.3403],[127.4198,37.3378],[127.415,37.3341],[127.4126,37.334],[127.408,37.3309],[127.405,37.3277],[127.3999,37.3272],[127.3936,37.3235],[127.3925,37.3209],[127.3903,37.3197],[127.3875,37.319],[127.3784,37.3193],[127.3768,37.3207],[127.3759,37.3207],[127.3727,37.3187],[127.3716,37.3166],[127.3684,37.3149],[127.3651,37.3166],[127.3636,37.3159],[127.3619,37.3169],[127.3624,37.3178],[127.3617,37.3202],[127.3595,37.3236],[127.3556,37.3267],[127.3495,37.327],[127.3479,37.3282],[127.3467,37.3303],[127.3437,37.3317],[127.3429,37.3343],[127.3423,37.3346],[127.339,37.3348],[127.337,37.3342],[127.3357,37.3387],[127.3393,37.3427],[127.3371,37.3456],[127.3354,37.3431],[127.3329,37.3433],[127.3331,37.3441],[127.3274,37.3418],[127.3182,37.3437],[127.316,37.3459],[127.311,37.3459],[127.3084,37.3468],[127.3046,37.3518],[127.3011,37.3519],[127.3023,37.3536],[127.311,37.3578],[127.3116,37.3572],[127.3154,37.3563],[127.3174,37.362],[127.3229,37.3608],[127.3282,37.3628],[127.3273,37.3667],[127.3292,37.3694],[127.3383,37.3725],[127.3421,37.372],[127.3458,37.3728],[127.3478,37.3759],[127.3469,37.3818],[127.3472,37.3861],[127.3501,37.3874],[127.3518,37.3902],[127.3528,37.3965],[127.3524,37.4006],[127.3528,37.4022],[127.354,37.4029],[127.3564,37.4028],[127.3614,37.4045],[127.3624,37.4064],[127.3692,37.4053],[127.3793,37.4071],[127.3846,37.4095],[127.3909,37.4135],[127.392,37.4148],[127.3972,37.4157],[127.3982,37.4158],[127.4002,37.4131],[127.4041,37.4101],[127.4096,37.4078],[127.412,37.4052],[127.4129,37.4029],[127.4123,37.4008],[127.4128,37.3982],[127.4174,37.3895],[127.4203,37.3866],[127.4216,37.3859],[127.4252,37.3858],[127.4297,37.388],[127.4354,37.3864],[127.4425,37.3874],[127.4436,37.3865],[127.4445,37.3854],[127.4453,37.3813],[127.4437,37.3761],[127.4438,37.3698],[127.4459,37.3634]]]]}},{"type":"Feature","properties":{"c":"4161033000","n":"경기도 광주시 도척면","sg":"광주시","sd":"경기도","p":8928,"a":51.867,"d":172},"geometry":{"type":"MultiPolygon","coordinates":[[[[127.3636,37.3159],[127.3634,37.3131],[127.3649,37.3099],[127.3649,37.3085],[127.3643,37.3077],[127.3613,37.3072],[127.3577,37.3051],[127.357,37.3037],[127.3545,37.3015],[127.3551,37.3],[127.3571,37.2988],[127.3571,37.2946],[127.3546,37.2943],[127.3531,37.2923],[127.348,37.29],[127.346,37.2913],[127.3432,37.2911],[127.3402,37.2882],[127.3425,37.286],[127.3432,37.2824],[127.3482,37.2792],[127.3491,37.2768],[127.3433,37.2732],[127.3404,37.2727],[127.3389,37.2714],[127.3388,37.2705],[127.3366,37.2712],[127.3309,37.2702],[127.323,37.2741],[127.3192,37.275],[127.3166,37.2738],[127.3107,37.2733],[127.3056,37.2709],[127.3041,37.2709],[127.3028,37.2696],[127.3028,37.2674],[127.3022,37.2662],[127.301,37.2657],[127.299,37.2693],[127.2967,37.2705],[127.2915,37.2716],[127.2874,37.2708],[127.2846,37.269],[127.2812,37.2691],[127.276,37.2736],[127.2757,37.2747],[127.2763,37.2752],[127.2818,37.278],[127.2799,37.2855],[127.2785,37.2866],[127.2778,37.2904],[127.2817,37.298],[127.2786,37.3054],[127.279,37.3067],[127.2773,37.3093],[127.2831,37.3191],[127.2821,37.3223],[127.2823,37.3274],[127.2804,37.3281],[127.2798,37.3301],[127.281,37.3346],[127.2832,37.3366],[127.2833,37.3453],[127.2864,37.3474],[127.2899,37.3482],[127.2917,37.3496],[127.2979,37.3513],[127.3011,37.3519],[127.3046,37.3518],[127.3084,37.3468],[127.311,37.3459],[127.316,37.3459],[127.3182,37.3437],[127.3274,37.3418],[127.3331,37.3441],[127.3329,37.3433],[127.3354,37.3431],[127.3371,37.3456],[127.3393,37.3427],[127.3357,37.3387],[127.337,37.3342],[127.339,37.3348],[127.3423,37.3346],[127.3429,37.3343],[127.3437,37.3317],[127.3467,37.3303],[127.3479,37.3282],[127.3495,37.327],[127.3556,37.3267],[127.3595,37.3236],[127.3617,37.3202],[127.3624,37.3178],[127.3619,37.3169],[127.3636,37.3159]]]]}},{"type":"Feature","properties":{"c":"4161034000","n":"경기도 광주시 퇴촌면","sg":"광주시","sd":"경기도","p":15411,"a":60.367,"d":255},"geometry":{"type":"MultiPolygon","coordinates":[[[[127.3805,37.4899],[127.3888,37.4756],[127.3865,37.4699],[127.387,37.4674],[127.3853,37.46],[127.3821,37.4584],[127.378,37.4588],[127.3745,37.4584],[127.368,37.4569],[127.3677,37.4563],[127.3721,37.452],[127.3725,37.4448],[127.3823,37.4431],[127.3844,37.4375],[127.384,37.4353],[127.3845,37.4345],[127.3893,37.4288],[127.3949,37.4261],[127.4006,37.4214],[127.401,37.4189],[127.3982,37.4158],[127.392,37.4148],[127.3909,37.4135],[127.3846,37.4095],[127.3793,37.4071],[127.3692,37.4053],[127.3624,37.4064],[127.3615,37.4089],[127.3596,37.4104],[127.3594,37.417],[127.3587,37.4185],[127.3549,37.4188],[127.353,37.4198],[127.3505,37.4218],[127.3482,37.4255],[127.3452,37.4263],[127.3408,37.4292],[127.3395,37.4324],[127.3356,37.4361],[127.3332,37.436],[127.329,37.433],[127.3284,37.4296],[127.3224,37.4285],[127.3157,37.4289],[127.315,37.4303],[127.315,37.4354],[127.3137,37.4387],[127.3028,37.4438],[127.2919,37.4438],[127.2913,37.4452],[127.2867,37.4471],[127.2854,37.4485],[127.2831,37.4519],[127.2831,37.456],[127.2814,37.4582],[127.2778,37.4599],[127.2736,37.4602],[127.27,37.4559],[127.2691,37.4559],[127.2637,37.4592],[127.2616,37.4594],[127.2601,37.4614],[127.2606,37.4654],[127.2614,37.4665],[127.2607,37.4702],[127.259,37.4745],[127.2606,37.4746],[127.2648,37.4715],[127.2672,37.4715],[127.2701,37.4728],[127.2755,37.4728],[127.2783,37.4736],[127.2796,37.4742],[127.281,37.4764],[127.2845,37.4784],[127.2869,37.4772],[127.2942,37.4766],[127.2962,37.4777],[127.3022,37.4848],[127.3075,37.4827],[127.3084,37.4816],[127.3118,37.4796],[127.3186,37.4822],[127.3254,37.4836],[127.3278,37.483],[127.3314,37.4791],[127.3377,37.479],[127.3404,37.4795],[127.3437,37.4827],[127.3433,37.4888],[127.3459,37.4912],[127.3481,37.4904],[127.3514,37.4901],[127.3527,37.491],[127.3562,37.4915],[127.359,37.4897],[127.3667,37.4908],[127.3688,37.4906],[127.3722,37.4894],[127.3736,37.488],[127.378,37.4889],[127.3787,37.4899],[127.3805,37.4899]]]]}},{"type":"Feature","properties":{"c":"4161035000","n":"경기도 광주시 남종면","sg":"광주시","sd":"경기도","p":1342,"a":48.081,"d":28},"geometry":{"type":"MultiPolygon","coordinates":[[[[127.3836,37.5024],[127.3805,37.4899],[127.3787,37.4899],[127.378,37.4889],[127.3736,37.488],[127.3722,37.4894],[127.3688,37.4906],[127.3667,37.4908],[127.359,37.4897],[127.3562,37.4915],[127.3527,37.491],[127.3514,37.4901],[127.3481,37.4904],[127.3459,37.4912],[127.3433,37.4888],[127.3437,37.4827],[127.3404,37.4795],[127.3377,37.479],[127.3314,37.4791],[127.3278,37.483],[127.3254,37.4836],[127.3186,37.4822],[127.3118,37.4796],[127.3084,37.4816],[127.3075,37.4827],[127.3022,37.4848],[127.2962,37.4777],[127.2943,37.4766],[127.2869,37.4772],[127.2845,37.4784],[127.281,37.4764],[127.2796,37.4742],[127.2766,37.4729],[127.2701,37.4728],[127.2672,37.4715],[127.2649,37.4715],[127.2607,37.4745],[127.2588,37.4744],[127.2578,37.4753],[127.2557,37.4819],[127.2537,37.4848],[127.2537,37.4865],[127.2554,37.4879],[127.2577,37.4888],[127.2592,37.4909],[127.2579,37.4946],[127.2555,37.4962],[127.2533,37.5033],[127.2544,37.506],[127.2612,37.5072],[127.2684,37.5062],[127.2714,37.5076],[127.2762,37.5082],[127.2779,37.5096],[127.2782,37.5113],[127.2796,37.5126],[127.2832,37.5135],[127.2876,37.5135],[127.288,37.5091],[127.2893,37.507],[127.2924,37.5071],[127.2979,37.5089],[127.3013,37.5105],[127.3045,37.5133],[127.3174,37.5292],[127.3233,37.5333],[127.3276,37.5344],[127.3479,37.5357],[127.3555,37.5341],[127.3628,37.5308],[127.3655,37.5289],[127.3683,37.525],[127.3807,37.5043],[127.3836,37.5024]]]]}},{"type":"Feature","properties":{"c":"4161051000","n":"경기도 광주시 경안동","sg":"광주시","sd":"경기도","p":31864,"a":3.085,"d":10329},"geometry":{"type":"MultiPolygon","coordinates":[[[[127.2659,37.4139],[127.2642,37.4119],[127.2621,37.411],[127.2623,37.4083],[127.2636,37.4067],[127.2624,37.4025],[127.2608,37.4023],[127.2551,37.3987],[127.2532,37.396],[127.252,37.3923],[127.2492,37.3939],[127.2486,37.3955],[127.2413,37.4015],[127.2422,37.404],[127.2458,37.4044],[127.2442,37.4076],[127.2444,37.4098],[127.2462,37.4115],[127.2466,37.4148],[127.2509,37.415],[127.2499,37.4165],[127.2507,37.4171],[127.2569,37.4144],[127.257,37.4138],[127.263,37.4133],[127.2659,37.4139]]]]}},{"type":"Feature","properties":{"c":"4161055000","n":"경기도 광주시 탄벌동","sg":"광주시","sd":"경기도","p":42218,"a":16.766,"d":2518},"geometry":{"type":"MultiPolygon","coordinates":[[[[127.2535,37.4371],[127.2508,37.4347],[127.2509,37.431],[127.2484,37.4269],[127.2485,37.425],[127.2501,37.4219],[127.2521,37.4197],[127.2551,37.419],[127.2551,37.4179],[127.2547,37.4173],[127.253,37.4174],[127.2517,37.4165],[127.2507,37.4171],[127.2499,37.4165],[127.2509,37.415],[127.2466,37.4148],[127.2462,37.4115],[127.2444,37.4098],[127.2442,37.4076],[127.2387,37.4076],[127.2376,37.4089],[127.2339,37.4091],[127.2224,37.4117],[127.2181,37.4192],[127.2205,37.4201],[127.2209,37.4207],[127.2183,37.4221],[127.2086,37.4246],[127.2,37.4247],[127.1946,37.4254],[127.1934,37.4261],[127.1952,37.431],[127.1938,37.4335],[127.1937,37.4392],[127.1959,37.4436],[127.1957,37.4451],[127.202,37.4459],[127.2103,37.4458],[127.2189,37.4435],[127.2222,37.4437],[127.2231,37.4444],[127.2256,37.4447],[127.2287,37.4447],[127.2302,37.4442],[127.2336,37.4447],[127.2368,37.4463],[127.2381,37.4529],[127.2408,37.4561],[127.2455,37.4575],[127.2474,37.4573],[127.2456,37.4528],[127.2475,37.4503],[127.2481,37.4447],[127.2497,37.4436],[127.2512,37.4411],[127.2513,37.4393],[127.2535,37.4371]]]]}},{"type":"Feature","properties":{"c":"4161057000","n":"경기도 광주시 광남2동","sg":"광주시","sd":"경기도","p":32985,"a":2.241,"d":14719},"geometry":{"type":"MultiPolygon","coordinates":[[[[127.2193,37.3781],[127.2188,37.3797],[127.2223,37.3862],[127.2179,37.388],[127.2219,37.3917],[127.2237,37.3925],[127.2251,37.3923],[127.2312,37.3889],[127.236,37.3882],[127.2375,37.3881],[127.2396,37.3891],[127.2401,37.3885],[127.2393,37.3871],[127.2374,37.3857],[127.238,37.3815],[127.2327,37.3768],[127.2254,37.3773],[127.2227,37.3764],[127.2193,37.3781]]]]}},{"type":"Feature","properties":{"c":"4163025000","n":"경기도 양주시 백석읍","sg":"양주시","sd":"경기도","p":25520,"a":40.53,"d":630},"geometry":{"type":"MultiPolygon","coordinates":[[[[127.0218,37.8279],[127.025,37.821],[127.0266,37.8152],[127.0264,37.8137],[127.0226,37.8111],[127.0195,37.8068],[127.0187,37.8037],[127.0201,37.8025],[127.0153,37.7956],[127.0145,37.7951],[127.0119,37.7958],[127.0108,37.7946],[127.0104,37.7935],[127.0123,37.7912],[127.0126,37.7884],[127.0111,37.787],[127.0095,37.7819],[127.0057,37.7822],[127.0027,37.7812],[126.9964,37.7719],[126.9962,37.7688],[126.9992,37.7649],[127.0021,37.7635],[127.0013,37.759],[127.0033,37.7531],[127.0021,37.7514],[126.9998,37.7526],[126.998,37.7526],[126.9927,37.7501],[126.9914,37.7482],[126.99,37.7485],[126.9887,37.7525],[126.9771,37.7568],[126.9755,37.7611],[126.972,37.7649],[126.9698,37.7651],[126.9678,37.7663],[126.9661,37.7666],[126.9625,37.7645],[126.959,37.7643],[126.9558,37.7626],[126.953,37.764],[126.9517,37.7638],[126.9458,37.7592],[126.9404,37.7602],[126.9313,37.7557],[126.9297,37.7567],[126.9287,37.7576],[126.9309,37.7631],[126.9339,37.7676],[126.9328,37.7707],[126.9363,37.7742],[126.9334,37.7799],[126.9368,37.7843],[126.9382,37.7875],[126.9409,37.7881],[126.9452,37.7869],[126.9462,37.7874],[126.9488,37.791],[126.9464,37.8001],[126.9489,37.8083],[126.9488,37.8102],[126.9451,37.8151],[126.942,37.8216],[126.9415,37.8243],[126.944,37.8259],[126.9467,37.8249],[126.9515,37.8259],[126.9557,37.8248],[126.96,37.8206],[126.964,37.8135],[126.9671,37.8096],[126.9715,37.8092],[126.9737,37.8096],[126.9795,37.8134],[126.9831,37.8166],[126.9836,37.8179],[126.9857,37.8182],[126.9847,37.8152],[126.9844,37.8104],[126.9865,37.8072],[126.9893,37.8052],[126.9902,37.8051],[126.9935,37.8073],[126.9988,37.8128],[127.002,37.8171],[127.0048,37.8182],[127.0071,37.82],[127.0064,37.8221],[127.0101,37.8282],[127.0171,37.8295],[127.02,37.8277],[127.0218,37.8279]]]]}},{"type":"Feature","properties":{"c":"4163031000","n":"경기도 양주시 은현면","sg":"양주시","sd":"경기도","p":4936,"a":34.851,"d":142},"geometry":{"type":"MultiPolygon","coordinates":[[[[127.01,37.9276],[127.009,37.9251],[127.011,37.9212],[127.0126,37.9207],[127.0129,37.9198],[127.0128,37.9186],[127.0079,37.9161],[127.0106,37.9103],[127.0107,37.9045],[127.0125,37.9032],[127.0148,37.903],[127.0209,37.9006],[127.0244,37.8979],[127.0288,37.8989],[127.0362,37.8959],[127.0463,37.8938],[127.0469,37.8877],[127.0483,37.8829],[127.0501,37.8815],[127.0535,37.8766],[127.0577,37.8732],[127.0595,37.8702],[127.0583,37.8636],[127.0555,37.8599],[127.0549,37.8563],[127.0529,37.8558],[127.0512,37.8517],[127.0492,37.8423],[127.0465,37.8405],[127.0425,37.8395],[127.0409,37.8358],[127.0396,37.8352],[127.0358,37.835],[127.0287,37.8331],[127.0265,37.8339],[127.0233,37.8306],[127.0218,37.8279],[127.02,37.8277],[127.0171,37.8295],[127.0175,37.8304],[127.017,37.8323],[127.007,37.834],[126.9978,37.8399],[126.9922,37.8416],[126.9909,37.8455],[126.9911,37.8522],[126.9931,37.8562],[126.9996,37.8584],[127.0047,37.8585],[127.007,37.8566],[127.0081,37.8574],[127.0046,37.8647],[127.0074,37.8689],[127.0056,37.8728],[127.0089,37.8794],[127.0048,37.8824],[127.0028,37.8868],[127.0024,37.8892],[127.0055,37.8975],[127.0027,37.9062],[126.9991,37.9103],[126.9981,37.9181],[126.9992,37.9283],[127.0013,37.933],[127.0026,37.9332],[127.0097,37.9292],[127.01,37.9276]]]]}},{"type":"Feature","properties":{"c":"4163032000","n":"경기도 양주시 남면","sg":"양주시","sd":"경기도","p":5782,"a":36.653,"d":158},"geometry":{"type":"MultiPolygon","coordinates":[[[[126.9734,37.942],[126.9753,37.9403],[126.981,37.9375],[126.9855,37.9389],[126.9894,37.9363],[126.992,37.9376],[126.9931,37.9366],[126.9932,37.9345],[126.9996,37.9331],[126.9997,37.9356],[127.0012,37.9356],[127.0013,37.933],[126.9992,37.9283],[126.9982,37.9142],[126.9991,37.9103],[127.0027,37.9062],[127.0039,37.9036],[127.0055,37.8975],[127.0024,37.8892],[127.0028,37.8868],[127.0048,37.8824],[127.0089,37.8794],[127.0056,37.8728],[127.0074,37.8689],[127.0046,37.8647],[127.0081,37.8574],[127.007,37.8566],[127.0047,37.8585],[127.0014,37.8585],[126.9942,37.8567],[126.9931,37.8562],[126.9913,37.8525],[126.9915,37.8502],[126.9899,37.8507],[126.9827,37.8509],[126.9753,37.8526],[126.9735,37.8545],[126.9729,37.8565],[126.9768,37.8618],[126.9766,37.8651],[126.9651,37.8622],[126.9629,37.8622],[126.9614,37.8652],[126.962,37.8688],[126.9654,37.8751],[126.9649,37.8771],[126.9642,37.8778],[126.9631,37.8778],[126.9619,37.8792],[126.9585,37.8847],[126.954,37.8856],[126.9473,37.886],[126.946,37.8885],[126.9482,37.8938],[126.9485,37.8967],[126.9467,37.8996],[126.9476,37.9026],[126.9508,37.9072],[126.9532,37.9087],[126.9547,37.9125],[126.9506,37.9168],[126.9496,37.919],[126.9563,37.9223],[126.96,37.9202],[126.962,37.9229],[126.9618,37.9253],[126.963,37.9271],[126.9651,37.9282],[126.9641,37.9329],[126.9648,37.939],[126.9669,37.9393],[126.9703,37.942],[126.9734,37.942]]]]}},{"type":"Feature","properties":{"c":"4163033000","n":"경기도 양주시 광적면","sg":"양주시","sd":"경기도","p":10297,"a":48.21,"d":214},"geometry":{"type":"MultiPolygon","coordinates":[[[[126.9915,37.8502],[126.9909,37.8455],[126.9922,37.8416],[126.9978,37.8399],[127.007,37.834],[127.017,37.8323],[127.0175,37.8304],[127.0167,37.8293],[127.0129,37.829],[127.01,37.8281],[127.0064,37.8221],[127.0071,37.82],[127.0048,37.8182],[127.002,37.8171],[126.9988,37.8128],[126.9935,37.8073],[126.9896,37.8051],[126.985,37.8089],[126.9844,37.8136],[126.9857,37.8182],[126.9836,37.8179],[126.9831,37.8166],[126.9795,37.8134],[126.9737,37.8096],[126.9715,37.8092],[126.9671,37.8096],[126.964,37.8135],[126.96,37.8206],[126.9557,37.8248],[126.9515,37.8259],[126.9467,37.8249],[126.944,37.8259],[126.9415,37.8243],[126.942,37.8216],[126.9451,37.8151],[126.9488,37.8102],[126.9489,37.8083],[126.9464,37.8001],[126.9488,37.791],[126.9462,37.7874],[126.9452,37.7869],[126.9409,37.7881],[126.9394,37.788],[126.9381,37.7869],[126.9321,37.7888],[126.9272,37.7851],[126.9213,37.7882],[126.9195,37.7904],[126.9146,37.7917],[126.912,37.7921],[126.9039,37.7909],[126.9053,37.7966],[126.9055,37.8021],[126.9067,37.8036],[126.9099,37.8047],[126.9119,37.8061],[126.9116,37.8082],[126.9088,37.8105],[126.9102,37.8165],[126.9056,37.8201],[126.9029,37.8235],[126.9023,37.8247],[126.903,37.8264],[126.9092,37.8285],[126.9114,37.8286],[126.913,37.836],[126.9119,37.8385],[126.9124,37.8402],[126.9139,37.8411],[126.9253,37.8416],[126.9264,37.8386],[126.9273,37.8381],[126.933,37.8386],[126.9365,37.8408],[126.9345,37.8462],[126.9356,37.8494],[126.9389,37.8525],[126.9385,37.8541],[126.9398,37.857],[126.9428,37.8625],[126.9451,37.8647],[126.9463,37.867],[126.9443,37.8736],[126.9457,37.8755],[126.9471,37.8795],[126.9465,37.8805],[126.9481,37.8846],[126.9473,37.886],[126.954,37.8856],[126.9585,37.8847],[126.9619,37.8792],[126.9631,37.8778],[126.9642,37.8778],[126.9649,37.8771],[126.9654,37.8751],[126.962,37.8688],[126.9614,37.8652],[126.9629,37.8622],[126.9651,37.8622],[126.9766,37.8651],[126.9768,37.8618],[126.9729,37.8565],[126.9735,37.8545],[126.9753,37.8526],[126.9827,37.8509],[126.9899,37.8507],[126.9915,37.8502]]]]}},{"type":"Feature","properties":{"c":"4163034000","n":"경기도 양주시 장흥면","sg":"양주시","sd":"경기도","p":13543,"a":64.61,"d":210},"geometry":{"type":"MultiPolygon","coordinates":[[[[127.0021,37.7514],[127.003,37.7498],[127.0024,37.7446],[127.0046,37.7432],[127.0032,37.7425],[127.0022,37.7406],[127.0098,37.7301],[127.0087,37.7281],[127.0109,37.7263],[127.0126,37.7258],[127.0126,37.7237],[127.0115,37.7223],[127.0141,37.7192],[127.0128,37.7165],[127.0134,37.7142],[127.0195,37.708],[127.0155,37.7033],[127.0158,37.701],[127.0149,37.6985],[127.0119,37.6982],[127.0088,37.6946],[127.0081,37.6905],[127.009,37.6871],[127.0086,37.6849],[127.0039,37.6851],[126.998,37.6838],[126.9938,37.6802],[126.9912,37.6794],[126.9893,37.6815],[126.9809,37.6859],[126.973,37.6867],[126.9658,37.6924],[126.96,37.6915],[126.9544,37.6926],[126.951,37.6877],[126.9479,37.6869],[126.9448,37.6851],[126.9431,37.6794],[126.9446,37.6765],[126.9429,37.6731],[126.9398,37.6708],[126.932,37.6724],[126.9301,37.6723],[126.928,37.6707],[126.9208,37.6719],[126.9204,37.6696],[126.913,37.6687],[126.9113,37.6687],[126.9081,37.6703],[126.9061,37.6734],[126.9064,37.6749],[126.9069,37.6754],[126.9073,37.6743],[126.9103,37.6738],[126.9124,37.6756],[126.9145,37.679],[126.9141,37.6879],[126.9158,37.6911],[126.9187,37.6942],[126.9217,37.699],[126.9224,37.7031],[126.9247,37.7079],[126.9245,37.7117],[126.9205,37.7137],[126.9231,37.7162],[126.925,37.7199],[126.9231,37.725],[126.9234,37.7286],[126.922,37.7292],[126.9219,37.7302],[126.9226,37.7319],[126.9264,37.7351],[126.9286,37.736],[126.9301,37.7359],[126.931,37.7375],[126.9301,37.7428],[126.933,37.7454],[126.9297,37.7481],[126.932,37.7539],[126.9313,37.7557],[126.9404,37.7602],[126.9458,37.7592],[126.9517,37.7638],[126.953,37.764],[126.9558,37.7626],[126.959,37.7643],[126.9625,37.7645],[126.9661,37.7666],[126.9678,37.7663],[126.9698,37.7651],[126.972,37.7649],[126.9755,37.7611],[126.9771,37.7568],[126.9887,37.7525],[126.99,37.7485],[126.9914,37.7482],[126.9927,37.7501],[126.998,37.7526],[126.9998,37.7526],[127.0021,37.7514]]]]}},{"type":"Feature","properties":{"c":"4163051000","n":"경기도 양주시 양주1동","sg":"양주시","sd":"경기도","p":4435,"a":23.247,"d":191},"geometry":{"type":"MultiPolygon","coordinates":[[[[127.0575,37.8013],[127.054,37.7969],[127.052,37.7957],[127.0518,37.7937],[127.0545,37.7915],[127.0551,37.7893],[127.0602,37.7896],[127.068,37.786],[127.0679,37.7832],[127.0651,37.7797],[127.0628,37.7755],[127.0611,37.7691],[127.0617,37.7668],[127.0643,37.7636],[127.0602,37.7621],[127.0565,37.7617],[127.0542,37.7623],[127.0509,37.7609],[127.0412,37.7667],[127.0351,37.7677],[127.0255,37.7669],[127.0187,37.7686],[127.0173,37.7686],[127.0106,37.7662],[127.0047,37.7632],[127.0023,37.7628],[127.0021,37.7635],[126.9992,37.7649],[126.9962,37.7688],[126.9968,37.773],[127.0027,37.7812],[127.0057,37.7822],[127.0095,37.7819],[127.0111,37.787],[127.0126,37.7884],[127.0123,37.7912],[127.0104,37.7935],[127.0108,37.7946],[127.0119,37.7958],[127.0145,37.7951],[127.0176,37.7984],[127.0201,37.8025],[127.0187,37.8037],[127.0195,37.8068],[127.0226,37.8111],[127.0263,37.8136],[127.0266,37.8152],[127.0295,37.8156],[127.0321,37.8168],[127.0374,37.815],[127.0428,37.8095],[127.0475,37.8106],[127.0543,37.8096],[127.0579,37.8067],[127.0575,37.8013]]]]}},{"type":"Feature","properties":{"c":"4163052000","n":"경기도 양주시 양주2동","sg":"양주시","sd":"경기도","p":49037,"a":19.502,"d":2514},"geometry":{"type":"MultiPolygon","coordinates":[[[[127.1198,37.8097],[127.1188,37.809],[127.1171,37.8039],[127.1181,37.8],[127.1172,37.7959],[127.1129,37.7885],[127.1059,37.7832],[127.1059,37.7805],[127.1035,37.7787],[127.0947,37.7772],[127.0847,37.7736],[127.083,37.7727],[127.0815,37.7707],[127.0791,37.7695],[127.0741,37.7685],[127.0705,37.7658],[127.0654,37.7637],[127.0639,37.7639],[127.0616,37.7669],[127.0611,37.7691],[127.0628,37.7755],[127.0651,37.7797],[127.0679,37.7832],[127.0679,37.7862],[127.0602,37.7896],[127.0551,37.7893],[127.0545,37.7915],[127.0518,37.7937],[127.052,37.7957],[127.054,37.7969],[127.0575,37.8013],[127.0614,37.8022],[127.062,37.8017],[127.0642,37.8027],[127.0673,37.8111],[127.069,37.8105],[127.0702,37.8087],[127.0719,37.8087],[127.0762,37.8103],[127.0785,37.8132],[127.0799,37.812],[127.0793,37.8101],[127.0818,37.8078],[127.0865,37.8075],[127.0895,37.8084],[127.0912,37.8082],[127.0925,37.8091],[127.0943,37.8092],[127.0945,37.8101],[127.0973,37.8114],[127.1019,37.8112],[127.1029,37.8127],[127.1065,37.8146],[127.1063,37.8157],[127.107,37.8153],[127.1099,37.816],[127.1143,37.814],[127.1198,37.8097]]]]}},{"type":"Feature","properties":{"c":"4163053000","n":"경기도 양주시 회천1동","sg":"양주시","sd":"경기도","p":10582,"a":10.721,"d":987},"geometry":{"type":"MultiPolygon","coordinates":[[[[127.0879,37.8721],[127.0915,37.8712],[127.096,37.8674],[127.1029,37.8656],[127.1025,37.8645],[127.1002,37.8607],[127.097,37.8579],[127.0945,37.8539],[127.092,37.8529],[127.0921,37.8519],[127.09,37.8473],[127.0873,37.8482],[127.0852,37.8499],[127.0843,37.8491],[127.0841,37.8478],[127.0815,37.8474],[127.0803,37.8461],[127.0764,37.8484],[127.0761,37.8475],[127.0773,37.8459],[127.0741,37.8419],[127.0718,37.8418],[127.071,37.8404],[127.0692,37.8395],[127.0666,37.8414],[127.0641,37.8414],[127.0648,37.8403],[127.0666,37.8404],[127.0678,37.8385],[127.0678,37.8375],[127.0642,37.8373],[127.0634,37.836],[127.0659,37.8325],[127.066,37.8318],[127.0644,37.8319],[127.064,37.833],[127.0616,37.834],[127.0586,37.8379],[127.0565,37.8432],[127.0568,37.8483],[127.055,37.8575],[127.0559,37.8607],[127.0585,37.8643],[127.0595,37.8702],[127.0604,37.8693],[127.0622,37.8691],[127.0652,37.8714],[127.0662,37.8716],[127.0684,37.8706],[127.0727,37.8718],[127.0737,37.8728],[127.0775,37.871],[127.0879,37.8721]]]]}},{"type":"Feature","properties":{"c":"4163054000","n":"경기도 양주시 회천2동","sg":"양주시","sd":"경기도","p":46750,"a":11.233,"d":4162},"geometry":{"type":"MultiPolygon","coordinates":[[[[127.0644,37.8319],[127.0651,37.83],[127.0617,37.8267],[127.0635,37.8254],[127.0646,37.8236],[127.0634,37.8207],[127.0641,37.8163],[127.0658,37.8119],[127.0673,37.8111],[127.0638,37.8024],[127.062,37.8017],[127.0614,37.8022],[127.0574,37.8014],[127.0579,37.8067],[127.0535,37.8099],[127.0475,37.8106],[127.0428,37.8095],[127.0374,37.815],[127.0321,37.8168],[127.0295,37.8156],[127.0266,37.8152],[127.025,37.821],[127.0219,37.8275],[127.0225,37.8295],[127.0265,37.8339],[127.0287,37.8331],[127.0358,37.835],[127.0396,37.8352],[127.0409,37.8358],[127.0425,37.8395],[127.0465,37.8405],[127.0488,37.8419],[127.0527,37.8554],[127.0549,37.8563],[127.0568,37.8483],[127.0569,37.8417],[127.0586,37.8379],[127.0616,37.834],[127.064,37.833],[127.0644,37.8319]]]]}},{"type":"Feature","properties":{"c":"4163055000","n":"경기도 양주시 회천3동","sg":"양주시","sd":"경기도","p":24667,"a":3.532,"d":6984},"geometry":{"type":"MultiPolygon","coordinates":[[[[127.0736,37.8418],[127.0736,37.8409],[127.0777,37.8379],[127.0821,37.8388],[127.08,37.8361],[127.0814,37.8362],[127.0813,37.8358],[127.0777,37.8317],[127.0766,37.8318],[127.072,37.8233],[127.0717,37.8213],[127.0723,37.8205],[127.0751,37.8195],[127.0785,37.8132],[127.0762,37.8103],[127.0711,37.8085],[127.0702,37.8087],[127.069,37.8105],[127.0658,37.8119],[127.0641,37.8163],[127.0634,37.8207],[127.0646,37.8236],[127.0635,37.8254],[127.0617,37.8267],[127.0651,37.83],[127.0644,37.8319],[127.066,37.8318],[127.0634,37.836],[127.0642,37.8373],[127.0678,37.8375],[127.0666,37.8404],[127.0648,37.8403],[127.0641,37.8414],[127.0666,37.8414],[127.0692,37.8395],[127.071,37.8404],[127.0718,37.8418],[127.0736,37.8418]]]]}},{"type":"Feature","properties":{"c":"4163058000","n":"경기도 양주시 옥정2동","sg":"양주시","sd":"경기도","p":59173,"a":4.328,"d":13671},"geometry":{"type":"MultiPolygon","coordinates":[[[[127.0748,37.8279],[127.0811,37.8257],[127.0867,37.8267],[127.0954,37.827],[127.0982,37.8217],[127.1005,37.8202],[127.1027,37.8197],[127.1026,37.8173],[127.1033,37.8165],[127.1063,37.8157],[127.1065,37.8146],[127.1029,37.8127],[127.1019,37.8112],[127.0973,37.8114],[127.0945,37.8101],[127.0943,37.8092],[127.0925,37.8091],[127.0912,37.8082],[127.0895,37.8084],[127.0853,37.8075],[127.0839,37.808],[127.0818,37.8078],[127.0793,37.8101],[127.0799,37.812],[127.0785,37.8132],[127.0751,37.8195],[127.0723,37.8205],[127.0717,37.8213],[127.0727,37.825],[127.0748,37.8279]]]]}},{"type":"Feature","properties":{"c":"4165025000","n":"경기도 포천시 소흘읍","sg":"포천시","sd":"경기도","p":42821,"a":45.25,"d":946},"geometry":{"type":"MultiPolygon","coordinates":[[[[127.1556,37.8384],[127.1557,37.8356],[127.1573,37.8329],[127.1629,37.8297],[127.1659,37.817],[127.1677,37.8151],[127.1691,37.8149],[127.1735,37.8083],[127.175,37.8111],[127.1771,37.8105],[127.178,37.8074],[127.1797,37.8063],[127.1861,37.8055],[127.192,37.8001],[127.191,37.7983],[127.1858,37.7938],[127.185,37.7906],[127.181,37.7834],[127.1809,37.7817],[127.1827,37.7759],[127.1794,37.7727],[127.1808,37.7679],[127.1803,37.7647],[127.1809,37.7631],[127.177,37.7598],[127.1756,37.7566],[127.1733,37.7551],[127.1661,37.7529],[127.1598,37.7531],[127.1572,37.7547],[127.1538,37.7555],[127.1467,37.7548],[127.1397,37.7641],[127.1334,37.7623],[127.127,37.7636],[127.1254,37.7633],[127.1265,37.7656],[127.1273,37.7654],[127.1291,37.7669],[127.1281,37.7718],[127.1201,37.774],[127.1156,37.7738],[127.1154,37.7764],[127.1117,37.7789],[127.1107,37.7794],[127.1043,37.7797],[127.1059,37.7805],[127.1059,37.7832],[127.1129,37.7885],[127.1164,37.7944],[127.1181,37.8],[127.1171,37.8039],[127.1183,37.8077],[127.1188,37.809],[127.122,37.8121],[127.1219,37.8138],[127.1202,37.8174],[127.1208,37.8236],[127.1219,37.8251],[127.1219,37.8281],[127.1204,37.8309],[127.1182,37.8323],[127.1181,37.8333],[127.1196,37.8338],[127.1222,37.8332],[127.1265,37.8353],[127.1328,37.8394],[127.1347,37.8399],[127.1483,37.8407],[127.155,37.8396],[127.1556,37.8384]]]]}},{"type":"Feature","properties":{"c":"4165031000","n":"경기도 포천시 군내면","sg":"포천시","sd":"경기도","p":9778,"a":36.233,"d":270},"geometry":{"type":"MultiPolygon","coordinates":[[[[127.2592,37.8495],[127.2585,37.8482],[127.2551,37.8455],[127.2518,37.8438],[127.2426,37.8462],[127.2362,37.8495],[127.2361,37.8512],[127.2351,37.852],[127.231,37.8512],[127.2252,37.8518],[127.2211,37.8538],[127.2175,37.8533],[127.2139,37.8553],[127.2051,37.8538],[127.204,37.853],[127.2036,37.8516],[127.1965,37.8496],[127.1944,37.8504],[127.1933,37.8519],[127.1919,37.8569],[127.1928,37.8588],[127.1945,37.8595],[127.1968,37.8622],[127.1963,37.8652],[127.1927,37.869],[127.1842,37.8708],[127.1869,37.8735],[127.1895,37.8741],[127.1908,37.8767],[127.1939,37.88],[127.1976,37.8823],[127.1996,37.891],[127.2047,37.8963],[127.2099,37.9038],[127.2116,37.9052],[127.2138,37.9055],[127.2177,37.91],[127.2239,37.9149],[127.2255,37.9147],[127.2254,37.9127],[127.2269,37.9083],[127.234,37.9109],[127.2395,37.912],[127.2423,37.9133],[127.2432,37.9153],[127.2478,37.9175],[127.2484,37.9173],[127.2513,37.9063],[127.2531,37.9043],[127.2503,37.9018],[127.2499,37.8998],[127.2505,37.8945],[127.2522,37.8919],[127.253,37.8861],[127.2562,37.8851],[127.262,37.8842],[127.2634,37.8803],[127.264,37.8756],[127.2658,37.8726],[127.2671,37.8716],[127.2683,37.8685],[127.2668,37.8632],[127.2665,37.8574],[127.2588,37.8521],[127.2584,37.8508],[127.2586,37.8496],[127.2592,37.8495]]]]}},{"type":"Feature","properties":{"c":"4165032000","n":"경기도 포천시 내촌면","sg":"포천시","sd":"경기도","p":4043,"a":53.116,"d":76},"geometry":{"type":"MultiPolygon","coordinates":[[[[127.2804,37.8554],[127.2803,37.8539],[127.2863,37.8483],[127.279,37.8423],[127.2786,37.8394],[127.2763,37.8359],[127.2741,37.8306],[127.2741,37.8265],[127.2758,37.8247],[127.2792,37.8166],[127.2774,37.8088],[127.2779,37.8064],[127.2788,37.8055],[127.2708,37.7946],[127.2712,37.7915],[127.2722,37.7904],[127.271,37.7863],[127.2684,37.7852],[127.2663,37.779],[127.2634,37.7769],[127.2617,37.7744],[127.2609,37.7726],[127.2615,37.7711],[127.2604,37.7701],[127.2597,37.7684],[127.2588,37.7687],[127.2535,37.7677],[127.2516,37.7662],[127.2405,37.7627],[127.2365,37.7622],[127.2334,37.7585],[127.2307,37.7573],[127.2276,37.7543],[127.2251,37.7534],[127.2216,37.755],[127.222,37.7569],[127.2208,37.7579],[127.2134,37.761],[127.2127,37.7647],[127.211,37.7646],[127.2053,37.7612],[127.2047,37.7633],[127.2005,37.764],[127.1986,37.7633],[127.1909,37.7626],[127.1842,37.7647],[127.1814,37.7638],[127.1809,37.7631],[127.1803,37.7647],[127.1808,37.7679],[127.1794,37.7727],[127.1827,37.7759],[127.1809,37.7817],[127.1811,37.7837],[127.185,37.7906],[127.1858,37.7938],[127.191,37.7983],[127.1965,37.8061],[127.1994,37.8075],[127.2022,37.8148],[127.2042,37.8157],[127.2081,37.8152],[127.2099,37.8165],[127.209,37.8178],[127.2094,37.8202],[127.2131,37.82],[127.2156,37.819],[127.2167,37.8157],[127.2217,37.8141],[127.225,37.8106],[127.2319,37.81],[127.2445,37.819],[127.2454,37.829],[127.2446,37.833],[127.2473,37.8393],[127.2516,37.8421],[127.2518,37.8438],[127.2551,37.8455],[127.2585,37.8482],[127.2592,37.8495],[127.2643,37.8506],[127.2677,37.85],[127.2754,37.8519],[127.2782,37.8554],[127.2804,37.8554]]]]}},{"type":"Feature","properties":{"c":"4165033000","n":"경기도 포천시 가산면","sg":"포천시","sd":"경기도","p":7485,"a":35.926,"d":208},"geometry":{"type":"MultiPolygon","coordinates":[[[[127.2518,37.8438],[127.2516,37.8421],[127.2473,37.8393],[127.2446,37.833],[127.2454,37.829],[127.2445,37.819],[127.2383,37.815],[127.235,37.8118],[127.2314,37.8098],[127.225,37.8106],[127.2217,37.8141],[127.2167,37.8158],[127.2153,37.8192],[127.2131,37.82],[127.2095,37.8202],[127.209,37.8179],[127.2098,37.8164],[127.2077,37.815],[127.2042,37.8157],[127.2022,37.8148],[127.1994,37.8075],[127.1966,37.8062],[127.192,37.8001],[127.1861,37.8055],[127.1797,37.8063],[127.178,37.8074],[127.1771,37.8105],[127.175,37.8111],[127.1735,37.8083],[127.1691,37.8149],[127.1677,37.8151],[127.1659,37.817],[127.1629,37.8297],[127.1573,37.8329],[127.1555,37.8366],[127.1556,37.8384],[127.1583,37.8435],[127.1646,37.8455],[127.1641,37.8481],[127.1687,37.8499],[127.1726,37.8544],[127.1735,37.856],[127.1731,37.8589],[127.1737,37.8598],[127.1758,37.8616],[127.1805,37.8631],[127.1828,37.8653],[127.183,37.8692],[127.1842,37.8708],[127.1927,37.869],[127.1963,37.8652],[127.1968,37.8622],[127.1945,37.8595],[127.1928,37.8588],[127.1919,37.8569],[127.1933,37.8519],[127.1945,37.8504],[127.1965,37.8496],[127.2036,37.8516],[127.204,37.853],[127.2051,37.8538],[127.2139,37.8553],[127.2175,37.8533],[127.2211,37.8538],[127.2252,37.8518],[127.231,37.8512],[127.2351,37.852],[127.2361,37.8512],[127.2362,37.8495],[127.2426,37.8462],[127.2518,37.8438]]]]}},{"type":"Feature","properties":{"c":"4165034000","n":"경기도 포천시 신북면","sg":"포천시","sd":"경기도","p":10874,"a":96.415,"d":113},"geometry":{"type":"MultiPolygon","coordinates":[[[[127.1433,37.9913],[127.1443,37.9875],[127.144,37.9853],[127.149,37.9806],[127.1558,37.9777],[127.1603,37.9773],[127.1656,37.9813],[127.172,37.9788],[127.1743,37.9792],[127.1794,37.9787],[127.1807,37.9766],[127.18,37.9719],[127.1813,37.9685],[127.1828,37.9677],[127.1947,37.9672],[127.1956,37.9684],[127.1956,37.97],[127.1994,37.9748],[127.2034,37.9726],[127.2037,37.9707],[127.2051,37.9693],[127.2081,37.9683],[127.2099,37.9662],[127.2135,37.9637],[127.2155,37.9632],[127.2179,37.9641],[127.219,37.9621],[127.2172,37.9588],[127.2172,37.9575],[127.2182,37.9548],[127.2191,37.9541],[127.2197,37.9541],[127.2201,37.9566],[127.2216,37.9581],[127.2256,37.9607],[127.2306,37.9623],[127.2318,37.9671],[127.2371,37.9675],[127.243,37.9697],[127.2452,37.9692],[127.2502,37.9664],[127.2554,37.9654],[127.259,37.9654],[127.2607,37.9639],[127.2592,37.958],[127.2563,37.9547],[127.2557,37.9524],[127.2522,37.9524],[127.251,37.9449],[127.2455,37.9365],[127.2476,37.9333],[127.2494,37.9239],[127.2476,37.9201],[127.2478,37.9175],[127.2432,37.9153],[127.2423,37.9133],[127.2395,37.912],[127.234,37.9109],[127.2269,37.9083],[127.2254,37.9127],[127.2255,37.9147],[127.2236,37.9148],[127.2177,37.91],[127.2138,37.9055],[127.2116,37.9052],[127.2093,37.9028],[127.203,37.9047],[127.1967,37.9044],[127.1907,37.9057],[127.1888,37.9081],[127.1855,37.9096],[127.1827,37.9116],[127.1785,37.9114],[127.1762,37.9124],[127.173,37.9116],[127.1684,37.9082],[127.1675,37.9062],[127.1634,37.9043],[127.1611,37.9018],[127.1594,37.8986],[127.159,37.8965],[127.157,37.8956],[127.1535,37.896],[127.1497,37.8979],[127.1503,37.9006],[127.1478,37.9027],[127.1467,37.9028],[127.1479,37.9066],[127.146,37.9119],[127.1388,37.914],[127.1362,37.9131],[127.1351,37.9133],[127.1328,37.9159],[127.1291,37.9163],[127.1271,37.9157],[127.1209,37.917],[127.1152,37.9283],[127.1095,37.9355],[127.108,37.9391],[127.1023,37.9408],[127.096,37.9436],[127.0963,37.9468],[127.0956,37.949],[127.0991,37.9525],[127.0992,37.9546],[127.0988,37.9553],[127.0945,37.9572],[127.0922,37.9601],[127.0927,37.9638],[127.0941,37.968],[127.0917,37.9714],[127.0927,37.9749],[127.0904,37.9821],[127.0908,37.9876],[127.0948,37.9891],[127.1006,37.9897],[127.1079,37.9888],[127.1115,37.9893],[127.1141,37.9865],[127.1173,37.9857],[127.1202,37.9795],[127.1208,37.9794],[127.1234,37.9803],[127.1296,37.9839],[127.1326,37.9883],[127.1405,37.992],[127.1433,37.9913]]]]}},{"type":"Feature","properties":{"c":"4165035000","n":"경기도 포천시 창수면","sg":"포천시","sd":"경기도","p":1906,"a":71.903,"d":27},"geometry":{"type":"MultiPolygon","coordinates":[[[[127.1866,38.0644],[127.1881,38.0649],[127.1893,38.0646],[127.191,38.0636],[127.1924,38.0617],[127.1968,38.059],[127.1987,38.0588],[127.1996,38.0613],[127.1979,38.064],[127.1987,38.0659],[127.2007,38.0669],[127.2033,38.0668],[127.2044,38.0677],[127.2058,38.0667],[127.2084,38.0681],[127.2155,38.0693],[127.2188,38.0681],[127.2193,38.0674],[127.2175,38.065],[127.2176,38.062],[127.2163,38.0588],[127.2169,38.057],[127.2236,38.0539],[127.2361,38.0537],[127.2415,38.0508],[127.2392,38.0484],[127.2355,38.0486],[127.2248,38.0422],[127.2193,38.041],[127.2167,38.0416],[127.2143,38.0395],[127.2125,38.0369],[127.2105,38.0323],[127.2081,38.0328],[127.2074,38.0324],[127.2057,38.0272],[127.2084,38.024],[127.2039,38.0218],[127.2041,38.0189],[127.2007,38.0156],[127.196,38.0158],[127.1966,38.013],[127.2027,38.0092],[127.2069,38.0055],[127.2046,38.0018],[127.2006,37.9984],[127.2054,37.9969],[127.2068,37.994],[127.2115,37.9952],[127.2156,37.9938],[127.2168,37.9921],[127.2165,37.9888],[127.2193,37.9849],[127.2174,37.9827],[127.2192,37.9784],[127.222,37.9778],[127.2226,37.9772],[127.223,37.9744],[127.222,37.972],[127.2226,37.9707],[127.224,37.9698],[127.2313,37.9677],[127.2318,37.9671],[127.2306,37.9623],[127.2256,37.9607],[127.2216,37.9581],[127.2201,37.9566],[127.2195,37.954],[127.2182,37.9548],[127.2172,37.9575],[127.2172,37.9588],[127.219,37.9621],[127.2179,37.9641],[127.2155,37.9632],[127.2135,37.9637],[127.2099,37.9662],[127.2081,37.9683],[127.2051,37.9693],[127.2037,37.9707],[127.2034,37.9726],[127.1994,37.9748],[127.1956,37.97],[127.1956,37.9684],[127.1947,37.9672],[127.1828,37.9677],[127.1813,37.9685],[127.18,37.9719],[127.1807,37.9766],[127.1794,37.9787],[127.1743,37.9792],[127.172,37.9788],[127.1656,37.9813],[127.1603,37.9773],[127.1558,37.9777],[127.149,37.9806],[127.1439,37.9855],[127.1443,37.9875],[127.1433,37.9913],[127.1454,37.9928],[127.1469,37.9956],[127.1468,37.9977],[127.1456,38.0009],[127.1408,38.0055],[127.1402,38.0115],[127.1426,38.0144],[127.1452,38.015],[127.1453,38.0156],[127.1392,38.0214],[127.1387,38.0229],[127.1396,38.0261],[127.1355,38.0293],[127.1354,38.0314],[127.1372,38.0333],[127.138,38.0354],[127.1378,38.0374],[127.1348,38.0392],[127.1282,38.0367],[127.126,38.0365],[127.1244,38.0371],[127.1225,38.0391],[127.1183,38.0386],[127.1144,38.04],[127.1179,38.0427],[127.118,38.0439],[127.1146,38.0472],[127.1123,38.0514],[127.1148,38.0574],[127.1172,38.0607],[127.119,38.0614],[127.1226,38.0616],[127.1237,38.0614],[127.1257,38.0597],[127.1293,38.0609],[127.1349,38.0656],[127.1383,38.0665],[127.1385,38.0697],[127.1397,38.0714],[127.1422,38.0732],[127.1442,38.0735],[127.1477,38.0697],[127.1463,38.0627],[127.1469,38.0591],[127.1487,38.0577],[127.1523,38.0588],[127.157,38.0634],[127.1595,38.0634],[127.1647,38.0614],[127.1664,38.0613],[127.1675,38.0618],[127.1709,38.0655],[127.1738,38.0664],[127.1771,38.0661],[127.1836,38.0639],[127.1866,38.0644]]]]}},{"type":"Feature","properties":{"c":"4165036000","n":"경기도 포천시 영중면","sg":"포천시","sd":"경기도","p":4396,"a":60.099,"d":73},"geometry":{"type":"MultiPolygon","coordinates":[[[[127.2392,38.0484],[127.2408,38.0441],[127.2462,38.0407],[127.2475,38.0408],[127.2496,38.0421],[127.2512,38.0421],[127.2626,38.0393],[127.2712,38.0362],[127.279,38.0351],[127.2839,38.0362],[127.2852,38.0388],[127.2886,38.0385],[127.2907,38.0368],[127.2959,38.0366],[127.2946,38.0248],[127.2895,38.0219],[127.2886,38.02],[127.2793,38.0177],[127.2769,38.0158],[127.2771,38.0132],[127.2755,38.0082],[127.2817,38.0035],[127.2809,38.0005],[127.2839,37.9979],[127.2863,37.9925],[127.2884,37.9906],[127.2935,37.9887],[127.3002,37.9829],[127.3012,37.9799],[127.3006,37.9766],[127.3014,37.9723],[127.2993,37.9682],[127.2936,37.9645],[127.288,37.9621],[127.2851,37.9573],[127.2797,37.9555],[127.2734,37.9579],[127.2653,37.9557],[127.2634,37.9541],[127.2589,37.9539],[127.2563,37.9547],[127.2594,37.9586],[127.2607,37.9639],[127.259,37.9654],[127.2554,37.9654],[127.2502,37.9664],[127.2452,37.9692],[127.243,37.9697],[127.2371,37.9675],[127.2318,37.9671],[127.2313,37.9677],[127.226,37.9696],[127.224,37.9698],[127.2226,37.9707],[127.222,37.972],[127.223,37.9744],[127.2226,37.9772],[127.222,37.9778],[127.2192,37.9783],[127.2174,37.9827],[127.2193,37.9848],[127.2165,37.9888],[127.2166,37.9928],[127.2156,37.9938],[127.2115,37.9952],[127.2068,37.994],[127.2054,37.9969],[127.2006,37.9984],[127.2046,38.0018],[127.2069,38.0055],[127.2027,38.0092],[127.1966,38.013],[127.196,38.0158],[127.2007,38.0156],[127.2041,38.0189],[127.2039,38.0218],[127.2084,38.024],[127.2057,38.0272],[127.2074,38.0324],[127.2081,38.0328],[127.2105,38.0323],[127.2143,38.0395],[127.2169,38.0417],[127.2193,38.041],[127.2248,38.0422],[127.2355,38.0486],[127.2392,38.0484]]]]}},{"type":"Feature","properties":{"c":"4165037000","n":"경기도 포천시 일동면","sg":"포천시","sd":"경기도","p":8633,"a":84.385,"d":102},"geometry":{"type":"MultiPolygon","coordinates":[[[[127.3104,38.0291],[127.3109,38.0263],[127.3102,38.0233],[127.309,38.0223],[127.3089,38.0185],[127.3095,38.0163],[127.3141,38.0103],[127.3142,38.0089],[127.3104,38.003],[127.3082,38.0022],[127.3103,38.0002],[127.3129,38.0004],[127.3155,38.0031],[127.3226,38.0041],[127.3261,38.0023],[127.3274,38.0004],[127.3286,38.0002],[127.3323,38.0031],[127.3364,38.0047],[127.3394,38.005],[127.3418,38.0074],[127.3431,38.0076],[127.3448,38.0071],[127.3457,38.0058],[127.3495,38.0047],[127.3552,38.0045],[127.3573,38.0019],[127.3658,37.9955],[127.3684,37.9946],[127.3779,37.9889],[127.3784,37.9856],[127.385,37.9824],[127.3839,37.9811],[127.3839,37.9801],[127.3841,37.9779],[127.3854,37.9761],[127.3824,37.9742],[127.3818,37.9723],[127.3826,37.9697],[127.3801,37.9666],[127.3779,37.9653],[127.3761,37.9615],[127.3774,37.9594],[127.3792,37.9589],[127.3797,37.9578],[127.3795,37.9565],[127.3768,37.9529],[127.3787,37.9511],[127.3824,37.9504],[127.3831,37.9496],[127.3849,37.9471],[127.3843,37.9435],[127.3828,37.9428],[127.3798,37.9391],[127.3775,37.9388],[127.3745,37.9365],[127.3699,37.9306],[127.3661,37.9288],[127.3643,37.926],[127.3558,37.9216],[127.3503,37.9223],[127.3474,37.9261],[127.3452,37.9272],[127.34,37.9243],[127.3373,37.9238],[127.333,37.9265],[127.331,37.9259],[127.3304,37.9236],[127.329,37.922],[127.3123,37.9225],[127.311,37.9221],[127.31,37.9197],[127.3062,37.919],[127.302,37.9197],[127.2994,37.9209],[127.2967,37.9197],[127.2951,37.9154],[127.2872,37.9158],[127.2826,37.9171],[127.2786,37.9197],[127.2723,37.9225],[127.2715,37.9251],[127.2675,37.9285],[127.2633,37.9387],[127.2624,37.9433],[127.2612,37.946],[127.2588,37.9471],[127.2578,37.9509],[127.2557,37.9524],[127.2563,37.9547],[127.2589,37.9539],[127.2621,37.9538],[127.2634,37.9541],[127.2653,37.9557],[127.2722,37.9578],[127.2748,37.9576],[127.2795,37.9555],[127.2851,37.9573],[127.288,37.9621],[127.2936,37.9645],[127.3001,37.969],[127.3014,37.9723],[127.3006,37.9766],[127.3012,37.9799],[127.3002,37.9829],[127.2935,37.9887],[127.2884,37.9906],[127.2859,37.9929],[127.2839,37.9979],[127.2809,38.0005],[127.2817,38.0035],[127.2756,38.0081],[127.2754,38.0088],[127.2771,38.0132],[127.2769,38.0158],[127.2793,38.0177],[127.2886,38.02],[127.2895,38.0219],[127.2946,38.0248],[127.2959,38.0366],[127.3003,38.0373],[127.3062,38.0374],[127.3073,38.0357],[127.3083,38.0307],[127.3104,38.0291]]]]}},{"type":"Feature","properties":{"c":"4165038000","n":"경기도 포천시 이동면","sg":"포천시","sd":"경기도","p":5513,"a":113.975,"d":48},"geometry":{"type":"MultiPolygon","coordinates":[[[[127.4306,38.1153],[127.4326,38.1128],[127.4409,38.1084],[127.4444,38.0975],[127.4456,38.086],[127.4469,38.0795],[127.4461,38.0727],[127.447,38.0708],[127.446,38.0626],[127.4437,38.059],[127.4467,38.0543],[127.4457,38.051],[127.4444,38.05],[127.4418,38.0448],[127.4375,38.0403],[127.4312,38.0352],[127.4249,38.0334],[127.4243,38.0309],[127.4262,38.0296],[127.4272,38.0275],[127.4235,38.0201],[127.4215,38.019],[127.4183,38.0148],[127.4148,38.0069],[127.4148,38.0018],[127.413,37.9978],[127.4091,37.9963],[127.4053,37.9905],[127.3994,37.9894],[127.3898,37.9827],[127.3867,37.9832],[127.385,37.9824],[127.3784,37.9856],[127.3779,37.9889],[127.3684,37.9946],[127.3658,37.9955],[127.3573,38.0019],[127.3552,38.0045],[127.3495,38.0047],[127.3457,38.0058],[127.3448,38.0071],[127.3431,38.0076],[127.3418,38.0074],[127.3394,38.005],[127.3364,38.0047],[127.3323,38.0031],[127.3286,38.0002],[127.3274,38.0004],[127.3261,38.0023],[127.3226,38.0041],[127.3155,38.0031],[127.3129,38.0004],[127.3103,38.0002],[127.3082,38.0022],[127.3104,38.003],[127.3142,38.0089],[127.3141,38.0103],[127.3095,38.0163],[127.3089,38.0185],[127.309,38.0223],[127.3102,38.0233],[127.3109,38.0263],[127.3104,38.0291],[127.3128,38.0294],[127.3182,38.0356],[127.3194,38.0394],[127.3214,38.041],[127.3274,38.0415],[127.3347,38.0433],[127.3425,38.038],[127.3475,38.0402],[127.3509,38.0447],[127.3508,38.0459],[127.3464,38.0507],[127.3458,38.0562],[127.3461,38.0604],[127.3447,38.0646],[127.3452,38.0686],[127.3465,38.0708],[127.3483,38.0716],[127.3542,38.0716],[127.3549,38.0742],[127.3547,38.0779],[127.3524,38.0807],[127.3537,38.0852],[127.3522,38.0867],[127.3505,38.0871],[127.348,38.087],[127.3412,38.0851],[127.3373,38.0861],[127.3369,38.0886],[127.3382,38.1008],[127.346,38.1043],[127.3534,38.1043],[127.3561,38.1063],[127.3645,38.107],[127.3709,38.11],[127.3719,38.1111],[127.372,38.1137],[127.3781,38.1177],[127.3831,38.1166],[127.3836,38.1154],[127.3858,38.1143],[127.392,38.114],[127.394,38.1134],[127.4005,38.1137],[127.403,38.1132],[127.406,38.1061],[127.4084,38.1042],[127.4121,38.1027],[127.4152,38.1037],[127.4306,38.1153]]]]}},{"type":"Feature","properties":{"c":"4165039000","n":"경기도 포천시 영북면","sg":"포천시","sd":"경기도","p":7217,"a":82.216,"d":88},"geometry":{"type":"MultiPolygon","coordinates":[[[[127.3374,38.0898],[127.3368,38.0869],[127.3377,38.0858],[127.3412,38.0851],[127.348,38.087],[127.3505,38.0871],[127.3522,38.0867],[127.3537,38.0852],[127.3524,38.0807],[127.3547,38.0779],[127.3549,38.0742],[127.3542,38.0716],[127.3483,38.0716],[127.3465,38.0708],[127.3452,38.0686],[127.3447,38.0646],[127.3461,38.0604],[127.3458,38.0562],[127.3464,38.0507],[127.3508,38.0459],[127.3509,38.0447],[127.3475,38.0402],[127.3425,38.038],[127.3353,38.0433],[127.3274,38.0415],[127.3211,38.0409],[127.3191,38.039],[127.3181,38.0354],[127.3118,38.0289],[127.3102,38.0291],[127.3087,38.0301],[127.3073,38.0357],[127.3058,38.0375],[127.2946,38.0364],[127.2907,38.0368],[127.2886,38.0385],[127.2852,38.0388],[127.2839,38.0362],[127.279,38.0351],[127.2712,38.0362],[127.2626,38.0393],[127.2512,38.0421],[127.2496,38.0421],[127.2475,38.0408],[127.246,38.0407],[127.2413,38.0437],[127.2401,38.0455],[127.2391,38.0484],[127.2415,38.0508],[127.2361,38.0537],[127.2236,38.0539],[127.2169,38.057],[127.2164,38.0591],[127.2176,38.062],[127.2175,38.065],[127.2193,38.0674],[127.2188,38.0681],[127.2145,38.0694],[127.2084,38.0681],[127.2058,38.0667],[127.2044,38.0677],[127.2083,38.0701],[127.2078,38.0722],[127.2061,38.0739],[127.2064,38.0762],[127.21,38.0786],[127.2155,38.0805],[127.2174,38.0832],[127.2185,38.0872],[127.225,38.0919],[127.2284,38.0919],[127.2306,38.0908],[127.232,38.0915],[127.2323,38.0938],[127.2311,38.0965],[127.231,38.0985],[127.2321,38.0998],[127.2335,38.1002],[127.2406,38.0996],[127.2451,38.0982],[127.2501,38.0984],[127.2534,38.1008],[127.2548,38.1038],[127.2598,38.1061],[127.2608,38.1077],[127.2632,38.1084],[127.2651,38.1073],[127.2681,38.1087],[127.2681,38.11],[127.2669,38.1113],[127.2636,38.1124],[127.2623,38.1142],[127.2625,38.1153],[127.2639,38.1153],[127.2668,38.1174],[127.2664,38.1198],[127.2642,38.1208],[127.2642,38.1213],[127.2673,38.1247],[127.2687,38.1252],[127.2707,38.1251],[127.2735,38.1242],[127.2767,38.1254],[127.2804,38.1255],[127.2816,38.125],[127.2831,38.1234],[127.2833,38.1202],[127.2826,38.1189],[127.2832,38.1165],[127.286,38.1151],[127.2874,38.1165],[127.2886,38.1167],[127.2923,38.1141],[127.2959,38.1163],[127.2995,38.1155],[127.3027,38.1157],[127.3057,38.1172],[127.3072,38.1194],[127.3113,38.116],[127.3125,38.1074],[127.3167,38.1006],[127.3212,38.0952],[127.3241,38.0948],[127.3256,38.0951],[127.3299,38.0943],[127.3323,38.0919],[127.3374,38.0898]]]]}},{"type":"Feature","properties":{"c":"4165040000","n":"경기도 포천시 관인면","sg":"포천시","sd":"경기도","p":2412,"a":70.177,"d":34},"geometry":{"type":"MultiPolygon","coordinates":[[[[127.2866,38.1803],[127.2869,38.1789],[127.2893,38.1769],[127.2959,38.1764],[127.2973,38.1748],[127.2952,38.1727],[127.2912,38.1723],[127.288,38.17],[127.2872,38.1687],[127.288,38.1642],[127.2875,38.1609],[127.2846,38.1578],[127.2872,38.1514],[127.2833,38.1448],[127.2756,38.1368],[127.2756,38.1343],[127.2774,38.1325],[127.2775,38.1276],[127.2767,38.1254],[127.2735,38.1242],[127.2707,38.1251],[127.2676,38.1249],[127.2642,38.1213],[127.2642,38.1208],[127.2664,38.1198],[127.267,38.1179],[127.2656,38.1162],[127.2625,38.1153],[127.2625,38.1135],[127.2636,38.1124],[127.2669,38.1113],[127.2681,38.11],[127.2681,38.1087],[127.2651,38.1073],[127.2632,38.1084],[127.2608,38.1077],[127.2598,38.1061],[127.2548,38.1038],[127.2534,38.1008],[127.2501,38.0984],[127.2451,38.0982],[127.2406,38.0996],[127.2335,38.1002],[127.2313,38.0993],[127.2311,38.0965],[127.2323,38.0938],[127.232,38.0915],[127.2311,38.0908],[127.2284,38.0919],[127.225,38.0919],[127.2239,38.0914],[127.2185,38.0872],[127.2174,38.0832],[127.2155,38.0805],[127.21,38.0786],[127.2064,38.0762],[127.2061,38.0739],[127.2078,38.0722],[127.2083,38.0701],[127.2033,38.0668],[127.2007,38.0669],[127.1987,38.0659],[127.1979,38.064],[127.1995,38.0617],[127.1993,38.0594],[127.1983,38.0587],[127.1968,38.059],[127.192,38.0619],[127.1901,38.0642],[127.1883,38.0649],[127.1866,38.0644],[127.1857,38.0723],[127.1862,38.0743],[127.1907,38.0778],[127.1923,38.0825],[127.191,38.0854],[127.1882,38.0875],[127.1845,38.0922],[127.1822,38.1073],[127.1839,38.1103],[127.1843,38.1144],[127.1827,38.1166],[127.1766,38.1198],[127.1728,38.12],[127.1716,38.1216],[127.1742,38.1239],[127.1758,38.1288],[127.1754,38.135],[127.174,38.1402],[127.1729,38.1416],[127.1736,38.1432],[127.1767,38.1465],[127.1772,38.1515],[127.1761,38.1538],[127.1756,38.1589],[127.1739,38.1611],[127.1746,38.1679],[127.1736,38.1692],[127.1738,38.1711],[127.1743,38.1727],[127.1775,38.176],[127.1794,38.1847],[127.1817,38.1851],[127.1879,38.1883],[127.1904,38.1889],[127.1882,38.1845],[127.186,38.173],[127.1862,38.1708],[127.19,38.1607],[127.1955,38.1569],[127.1987,38.1559],[127.2029,38.1534],[127.2082,38.1471],[127.2118,38.1469],[127.2134,38.1434],[127.2219,38.1376],[127.2237,38.1414],[127.2233,38.1469],[127.2259,38.1482],[127.232,38.147],[127.2339,38.1473],[127.2351,38.148],[127.2396,38.1545],[127.2471,38.1594],[127.2559,38.164],[127.2585,38.1687],[127.2604,38.1704],[127.2635,38.1715],[127.265,38.1735],[127.266,38.1759],[127.2644,38.1783],[127.2661,38.1805],[127.2719,38.1815],[127.2753,38.1814],[127.277,38.1824],[127.2828,38.1829],[127.2866,38.1803]]]]}},{"type":"Feature","properties":{"c":"4165041000","n":"경기도 포천시 화현면","sg":"포천시","sd":"경기도","p":2344,"a":43.536,"d":54},"geometry":{"type":"MultiPolygon","coordinates":[[[[127.2557,37.9524],[127.2578,37.9509],[127.2588,37.9471],[127.2614,37.9456],[127.2633,37.9387],[127.2677,37.9282],[127.2715,37.9251],[127.2723,37.9225],[127.2786,37.9197],[127.2826,37.9171],[127.2872,37.9158],[127.2951,37.9154],[127.2967,37.9197],[127.2994,37.9209],[127.302,37.9197],[127.3062,37.919],[127.31,37.9197],[127.311,37.9221],[127.3123,37.9225],[127.329,37.922],[127.3309,37.9172],[127.3279,37.9124],[127.3304,37.91],[127.3306,37.9091],[127.3305,37.9078],[127.3291,37.9071],[127.3274,37.9028],[127.3291,37.8943],[127.3237,37.8879],[127.3231,37.8807],[127.3237,37.8737],[127.3224,37.8715],[127.3206,37.8714],[127.3176,37.8693],[127.3134,37.8678],[127.3117,37.8661],[127.3101,37.8665],[127.3087,37.868],[127.3055,37.8688],[127.3006,37.8681],[127.2962,37.8689],[127.2932,37.8734],[127.2915,37.8741],[127.2859,37.8656],[127.2849,37.8603],[127.2804,37.8554],[127.2782,37.8554],[127.2754,37.8519],[127.2677,37.85],[127.2643,37.8506],[127.2588,37.8495],[127.2583,37.8509],[127.2588,37.8521],[127.2665,37.8574],[127.2668,37.8632],[127.2683,37.8685],[127.2671,37.8716],[127.2658,37.8726],[127.264,37.8756],[127.2634,37.8803],[127.262,37.8842],[127.2562,37.8851],[127.2531,37.886],[127.2528,37.8866],[127.2522,37.8919],[127.2505,37.8945],[127.2499,37.8998],[127.2503,37.9018],[127.2531,37.9043],[127.2513,37.9063],[127.2484,37.9173],[127.2476,37.9177],[127.2476,37.9201],[127.2494,37.9239],[127.2476,37.9333],[127.2455,37.9365],[127.251,37.9449],[127.2522,37.9524],[127.2557,37.9524]]]]}},{"type":"Feature","properties":{"c":"4165051000","n":"경기도 포천시 포천동","sg":"포천시","sd":"경기도","p":19091,"a":11.629,"d":1642},"geometry":{"type":"MultiPolygon","coordinates":[[[[127.2093,37.9028],[127.2047,37.8963],[127.1996,37.891],[127.1976,37.8823],[127.1939,37.88],[127.1908,37.8767],[127.1895,37.8741],[127.1869,37.8735],[127.1842,37.8708],[127.1836,37.871],[127.1844,37.8768],[127.1764,37.8794],[127.1709,37.8822],[127.1621,37.8886],[127.1582,37.8901],[127.1534,37.8905],[127.1557,37.8957],[127.157,37.8956],[127.159,37.8965],[127.1594,37.8986],[127.1611,37.9018],[127.1634,37.9043],[127.1675,37.9062],[127.1684,37.9082],[127.173,37.9116],[127.1762,37.9124],[127.1785,37.9114],[127.1827,37.9116],[127.1855,37.9096],[127.1888,37.9081],[127.1907,37.9057],[127.1967,37.9044],[127.203,37.9047],[127.2093,37.9028]]]]}},{"type":"Feature","properties":{"c":"4165052000","n":"경기도 포천시 선단동","sg":"포천시","sd":"경기도","p":13941,"a":23.586,"d":591},"geometry":{"type":"MultiPolygon","coordinates":[[[[127.1842,37.8708],[127.183,37.8692],[127.1828,37.8653],[127.1805,37.8631],[127.1758,37.8616],[127.1737,37.8598],[127.1731,37.8589],[127.1735,37.856],[127.1726,37.8544],[127.1687,37.8499],[127.1641,37.8481],[127.1646,37.8455],[127.1583,37.8435],[127.1556,37.8384],[127.155,37.8396],[127.1483,37.8407],[127.1347,37.8399],[127.1328,37.8394],[127.1265,37.8353],[127.1222,37.8332],[127.1196,37.8338],[127.1181,37.8333],[127.1171,37.8345],[127.118,37.8364],[127.1157,37.8385],[127.1161,37.8439],[127.1148,37.8503],[127.1104,37.8556],[127.1089,37.8589],[127.1113,37.8621],[127.1119,37.8644],[127.1137,37.8655],[127.1175,37.8662],[127.1204,37.866],[127.1232,37.8672],[127.1236,37.8698],[127.1286,37.8739],[127.1317,37.8731],[127.1348,37.8737],[127.1398,37.8762],[127.1421,37.8757],[127.147,37.876],[127.1495,37.8844],[127.1534,37.8905],[127.1582,37.8901],[127.1621,37.8886],[127.1709,37.8822],[127.1764,37.8794],[127.1844,37.8768],[127.1836,37.871],[127.1842,37.8708]]]]}},{"type":"Feature","properties":{"c":"4167025000","n":"경기도 여주시 가남읍","sg":"여주시","sd":"경기도","p":13921,"a":75.987,"d":183},"geometry":{"type":"MultiPolygon","coordinates":[[[[127.599,37.2511],[127.6002,37.251],[127.6028,37.2496],[127.6042,37.2461],[127.6022,37.2433],[127.6055,37.2387],[127.6073,37.2371],[127.6103,37.2381],[127.6095,37.2334],[127.6153,37.2334],[127.6164,37.233],[127.6186,37.2274],[127.6193,37.2217],[127.6206,37.22],[127.627,37.2161],[127.631,37.2157],[127.6385,37.2124],[127.6412,37.2122],[127.6416,37.208],[127.6409,37.2046],[127.64,37.2026],[127.6382,37.2015],[127.638,37.1992],[127.6397,37.1958],[127.647,37.1914],[127.6489,37.1872],[127.6485,37.1841],[127.65,37.1812],[127.6481,37.1725],[127.6461,37.1708],[127.6428,37.1703],[127.641,37.168],[127.6372,37.1679],[127.6308,37.1657],[127.6296,37.1664],[127.6266,37.166],[127.624,37.1643],[127.6195,37.1624],[127.6182,37.1625],[127.6152,37.164],[127.614,37.1702],[127.6124,37.1734],[127.6048,37.1789],[127.6017,37.1834],[127.5993,37.1831],[127.5981,37.1879],[127.5953,37.1897],[127.593,37.1896],[127.5905,37.1879],[127.5838,37.187],[127.5805,37.1875],[127.5781,37.1895],[127.5764,37.1892],[127.5724,37.1846],[127.5744,37.1824],[127.5776,37.1772],[127.5776,37.1762],[127.5771,37.1751],[127.5753,37.1743],[127.5725,37.1713],[127.5705,37.1702],[127.5689,37.1736],[127.5662,37.1764],[127.5588,37.1809],[127.5567,37.177],[127.5528,37.1754],[127.5468,37.1742],[127.5299,37.1729],[127.5272,37.1732],[127.5266,37.176],[127.5229,37.1812],[127.5175,37.1821],[127.5174,37.1848],[127.516,37.1853],[127.5196,37.1876],[127.5259,37.1939],[127.5262,37.1952],[127.5279,37.197],[127.5311,37.1981],[127.5313,37.2],[127.5301,37.2028],[127.5308,37.205],[127.5315,37.2054],[127.5315,37.2082],[127.5299,37.2118],[127.5301,37.2178],[127.5276,37.2274],[127.5255,37.2276],[127.527,37.2295],[127.5252,37.2393],[127.5256,37.2405],[127.5297,37.2429],[127.5328,37.2435],[127.5433,37.2498],[127.5464,37.2531],[127.5483,37.2585],[127.5485,37.2625],[127.551,37.265],[127.5518,37.2649],[127.5512,37.2639],[127.5514,37.2601],[127.553,37.2535],[127.5578,37.2494],[127.558,37.2506],[127.5564,37.253],[127.5574,37.2545],[127.5645,37.2555],[127.5671,37.255],[127.5707,37.252],[127.5719,37.2521],[127.5734,37.2513],[127.5746,37.2495],[127.5797,37.2481],[127.5869,37.2496],[127.5891,37.2511],[127.591,37.2508],[127.5919,37.2498],[127.5937,37.2493],[127.5968,37.2495],[127.599,37.2511]]]]}},{"type":"Feature","properties":{"c":"4167031000","n":"경기도 여주시 점동면","sg":"여주시","sd":"경기도","p":4565,"a":71.804,"d":64},"geometry":{"type":"MultiPolygon","coordinates":[[[[127.7464,37.2296],[127.7494,37.2275],[127.7509,37.2245],[127.7507,37.2215],[127.7479,37.2167],[127.7466,37.2167],[127.7408,37.212],[127.7368,37.21],[127.7354,37.208],[127.7356,37.2055],[127.7331,37.2017],[127.7326,37.1996],[127.7328,37.1962],[127.7285,37.1916],[127.7281,37.1866],[127.7264,37.1826],[127.7229,37.1818],[127.7212,37.1834],[127.718,37.1838],[127.7146,37.1811],[127.7148,37.1802],[127.7123,37.1768],[127.711,37.1764],[127.7097,37.1721],[127.7086,37.1707],[127.7071,37.1707],[127.7046,37.1666],[127.7051,37.1631],[127.704,37.1565],[127.7008,37.1538],[127.6962,37.1523],[127.6949,37.1506],[127.694,37.1441],[127.6954,37.1404],[127.6921,37.1376],[127.6903,37.1372],[127.6878,37.1352],[127.6866,37.135],[127.6797,37.1365],[127.6683,37.1366],[127.6658,37.1392],[127.6622,37.1391],[127.6601,37.1398],[127.6575,37.142],[127.6549,37.1459],[127.6476,37.1508],[127.6418,37.1514],[127.6387,37.1531],[127.6338,37.1532],[127.6326,37.1525],[127.6288,37.1538],[127.6287,37.1562],[127.6302,37.1593],[127.6312,37.1639],[127.6308,37.1657],[127.6372,37.1679],[127.641,37.168],[127.6428,37.1703],[127.6467,37.1712],[127.6481,37.1726],[127.65,37.1812],[127.6486,37.1836],[127.649,37.187],[127.6471,37.1912],[127.6397,37.1958],[127.638,37.1992],[127.6382,37.2015],[127.64,37.2026],[127.6409,37.2046],[127.6416,37.208],[127.6412,37.2122],[127.6423,37.2129],[127.6423,37.2141],[127.6469,37.2147],[127.6491,37.2158],[127.6481,37.2218],[127.6498,37.2234],[127.6656,37.2314],[127.6674,37.2343],[127.6662,37.2373],[127.6697,37.2412],[127.6719,37.2425],[127.6752,37.242],[127.6853,37.2433],[127.689,37.2347],[127.6926,37.2306],[127.6948,37.2294],[127.7016,37.2281],[127.7119,37.2297],[127.7187,37.2296],[127.7263,37.2305],[127.7328,37.2283],[127.7413,37.2279],[127.7464,37.2296]]]]}},{"type":"Feature","properties":{"c":"4167034500","n":"경기도 여주시 세종대왕면","sg":"여주시","sd":"경기도","p":5561,"a":54.033,"d":103},"geometry":{"type":"MultiPolygon","coordinates":[[[[127.62,37.3198],[127.6178,37.3099],[127.6183,37.3059],[127.6179,37.3022],[127.6184,37.301],[127.6262,37.297],[127.6226,37.2938],[127.6218,37.2941],[127.6183,37.2923],[127.6172,37.2909],[127.6171,37.2894],[127.6143,37.2887],[127.6088,37.2883],[127.6056,37.2893],[127.5995,37.2894],[127.5971,37.2868],[127.5969,37.2853],[127.598,37.2846],[127.5996,37.2806],[127.5983,37.2795],[127.598,37.2729],[127.5991,37.2708],[127.6007,37.2694],[127.5998,37.2642],[127.6014,37.262],[127.6007,37.2578],[127.5992,37.2553],[127.5995,37.2524],[127.5982,37.2504],[127.5968,37.2495],[127.5936,37.2493],[127.5919,37.2498],[127.591,37.2508],[127.5892,37.2511],[127.5869,37.2496],[127.5796,37.2481],[127.5746,37.2495],[127.5734,37.2513],[127.5719,37.2521],[127.5707,37.252],[127.5671,37.255],[127.5645,37.2555],[127.5574,37.2545],[127.5564,37.253],[127.558,37.2506],[127.5578,37.2494],[127.553,37.2535],[127.5514,37.2601],[127.5512,37.2639],[127.5518,37.2649],[127.5512,37.2651],[127.5485,37.2625],[127.5483,37.2585],[127.5464,37.2531],[127.5433,37.2498],[127.5374,37.2466],[127.5371,37.2516],[127.5363,37.2533],[127.5329,37.2567],[127.5293,37.2717],[127.5307,37.2792],[127.5344,37.2893],[127.5368,37.2897],[127.5444,37.2965],[127.5588,37.2993],[127.5616,37.3002],[127.5658,37.3029],[127.567,37.3052],[127.5669,37.3072],[127.5681,37.3112],[127.5744,37.3229],[127.5748,37.3247],[127.5745,37.3316],[127.5721,37.3325],[127.5719,37.3332],[127.5726,37.3383],[127.5721,37.3435],[127.5673,37.3552],[127.564,37.3589],[127.5626,37.3615],[127.5738,37.3576],[127.5947,37.347],[127.5989,37.3459],[127.6011,37.3461],[127.6043,37.3449],[127.6076,37.3391],[127.6058,37.3334],[127.6059,37.3281],[127.609,37.3255],[127.62,37.3198]]]]}},{"type":"Feature","properties":{"c":"4167032000","n":"경기도 여주시 흥천면","sg":"여주시","sd":"경기도","p":4833,"a":43.965,"d":110},"geometry":{"type":"MultiPolygon","coordinates":[[[[127.5626,37.3615],[127.564,37.3589],[127.5673,37.3552],[127.5721,37.3435],[127.5726,37.3383],[127.5719,37.3332],[127.5721,37.3325],[127.5743,37.3318],[127.5747,37.331],[127.5744,37.3229],[127.5681,37.3112],[127.5669,37.3072],[127.567,37.3052],[127.5658,37.3029],[127.5616,37.3002],[127.5448,37.2966],[127.5427,37.2948],[127.5431,37.2964],[127.5464,37.3014],[127.5461,37.3109],[127.5447,37.3122],[127.5426,37.3131],[127.5356,37.3135],[127.5288,37.3162],[127.5297,37.3202],[127.529,37.3212],[127.5265,37.3225],[127.5293,37.3265],[127.5272,37.3293],[127.5209,37.33],[127.5169,37.3345],[127.5156,37.3376],[127.5136,37.3394],[127.5103,37.3396],[127.5082,37.3382],[127.5021,37.3379],[127.4998,37.3397],[127.4895,37.3424],[127.4872,37.349],[127.4839,37.3506],[127.4782,37.3559],[127.4749,37.3574],[127.4705,37.3615],[127.4724,37.3655],[127.4763,37.3686],[127.4774,37.3713],[127.4814,37.3675],[127.4858,37.3678],[127.4869,37.3687],[127.4886,37.369],[127.4917,37.3684],[127.4947,37.3668],[127.4984,37.3684],[127.503,37.367],[127.5076,37.3676],[127.511,37.3699],[127.5152,37.3787],[127.5169,37.3793],[127.5207,37.3791],[127.5254,37.3799],[127.5287,37.3833],[127.5301,37.3834],[127.5323,37.3821],[127.5344,37.3827],[127.5352,37.3839],[127.5342,37.3846],[127.5328,37.3886],[127.5331,37.3897],[127.5391,37.3914],[127.5435,37.3832],[127.5447,37.374],[127.5449,37.372],[127.542,37.3699],[127.5419,37.3683],[127.5559,37.3648],[127.5588,37.3627],[127.5626,37.3615]]]]}},{"type":"Feature","properties":{"c":"4167033000","n":"경기도 여주시 금사면","sg":"여주시","sd":"경기도","p":2790,"a":41.561,"d":67},"geometry":{"type":"MultiPolygon","coordinates":[[[[127.537,37.4113],[127.5357,37.4104],[127.536,37.409],[127.5394,37.4045],[127.5391,37.3914],[127.5331,37.3897],[127.5328,37.3886],[127.5342,37.3846],[127.5352,37.3837],[127.5344,37.3827],[127.5323,37.3821],[127.5301,37.3834],[127.5287,37.3833],[127.5254,37.3799],[127.5207,37.3791],[127.5169,37.3793],[127.5152,37.3787],[127.511,37.3699],[127.5083,37.3679],[127.503,37.367],[127.4984,37.3684],[127.4947,37.3668],[127.4917,37.3684],[127.4886,37.369],[127.4869,37.3687],[127.4858,37.3678],[127.4814,37.3675],[127.4774,37.3713],[127.4763,37.3686],[127.4724,37.3655],[127.4705,37.3615],[127.4647,37.3584],[127.4638,37.3581],[127.4625,37.3588],[127.4602,37.3582],[127.4561,37.3559],[127.4549,37.3542],[127.4508,37.3525],[127.4488,37.3522],[127.4439,37.3577],[127.4425,37.3584],[127.446,37.3608],[127.4459,37.3634],[127.4509,37.366],[127.4573,37.3706],[127.4582,37.3729],[127.4578,37.3743],[127.4609,37.3781],[127.46,37.3808],[127.4602,37.3825],[127.4616,37.3848],[127.4653,37.3872],[127.4643,37.3886],[127.4638,37.392],[127.4664,37.396],[127.4699,37.3985],[127.465,37.409],[127.4668,37.4104],[127.4712,37.4121],[127.4763,37.4125],[127.4776,37.4131],[127.4791,37.4142],[127.4806,37.417],[127.4836,37.4203],[127.4868,37.4232],[127.4969,37.4252],[127.4966,37.4274],[127.5,37.4324],[127.5055,37.4381],[127.508,37.4398],[127.5104,37.4387],[127.5164,37.4377],[127.5191,37.4366],[127.5229,37.4347],[127.525,37.4329],[127.5288,37.4286],[127.5344,37.4193],[127.537,37.4113]]]]}},{"type":"Feature","properties":{"c":"4167038000","n":"경기도 여주시 산북면","sg":"여주시","sd":"경기도","p":2356,"a":32.779,"d":72},"geometry":{"type":"MultiPolygon","coordinates":[[[[127.4265,37.4377],[127.4286,37.4367],[127.4305,37.4369],[127.4324,37.4363],[127.4342,37.4353],[127.4426,37.4341],[127.4499,37.4313],[127.4543,37.429],[127.4601,37.4273],[127.4637,37.4266],[127.4652,37.4269],[127.4709,37.4254],[127.473,37.423],[127.4723,37.4226],[127.4743,37.4223],[127.4796,37.4237],[127.4824,37.429],[127.4852,37.4322],[127.4892,37.4338],[127.4945,37.4327],[127.4981,37.4331],[127.5055,37.4381],[127.5002,37.4327],[127.4977,37.4292],[127.4966,37.4274],[127.4969,37.4252],[127.4868,37.4232],[127.4836,37.4203],[127.4806,37.417],[127.4791,37.4142],[127.4776,37.4131],[127.4763,37.4125],[127.4712,37.4121],[127.4668,37.4104],[127.465,37.409],[127.4699,37.3985],[127.4664,37.396],[127.4638,37.392],[127.4643,37.3886],[127.4653,37.3872],[127.4616,37.3848],[127.4602,37.3825],[127.46,37.3808],[127.4609,37.3781],[127.4578,37.3743],[127.4582,37.3729],[127.4573,37.3706],[127.4509,37.366],[127.4459,37.3634],[127.4438,37.3698],[127.4437,37.3761],[127.4453,37.3813],[127.4445,37.3854],[127.4436,37.3865],[127.4425,37.3874],[127.4354,37.3864],[127.4297,37.388],[127.4252,37.3858],[127.4216,37.3859],[127.4203,37.3866],[127.4174,37.3895],[127.4128,37.3982],[127.4123,37.4008],[127.4129,37.4029],[127.412,37.4052],[127.4096,37.4078],[127.4041,37.4101],[127.3983,37.4153],[127.401,37.4185],[127.4006,37.4214],[127.4016,37.4217],[127.4026,37.4245],[127.4074,37.4301],[127.4098,37.4313],[127.4146,37.4322],[127.4229,37.4395],[127.4265,37.4377]]]]}},{"type":"Feature","properties":{"c":"4167035000","n":"경기도 여주시 대신면","sg":"여주시","sd":"경기도","p":6401,"a":75.682,"d":85},"geometry":{"type":"MultiPolygon","coordinates":[[[[127.6462,37.4046],[127.6458,37.3953],[127.6482,37.3891],[127.6498,37.3884],[127.6518,37.3889],[127.6528,37.388],[127.6531,37.3859],[127.6541,37.3845],[127.6568,37.3832],[127.6569,37.3794],[127.6552,37.3767],[127.6526,37.37],[127.6537,37.3614],[127.6592,37.3552],[127.6635,37.3528],[127.6637,37.3501],[127.6614,37.3468],[127.6594,37.3466],[127.6553,37.3481],[127.6529,37.346],[127.6518,37.3431],[127.6487,37.3413],[127.6472,37.3411],[127.645,37.3371],[127.6427,37.3364],[127.6385,37.3374],[127.6333,37.3323],[127.6284,37.3239],[127.6275,37.3233],[127.6222,37.3228],[127.62,37.3198],[127.609,37.3255],[127.6059,37.3281],[127.6058,37.3334],[127.6076,37.3391],[127.6043,37.3449],[127.6011,37.3461],[127.5989,37.3459],[127.5947,37.347],[127.5738,37.3576],[127.5588,37.3627],[127.5559,37.3648],[127.5419,37.3683],[127.542,37.3699],[127.5449,37.372],[127.5447,37.374],[127.5435,37.3832],[127.5389,37.392],[127.5394,37.4045],[127.536,37.409],[127.5357,37.4104],[127.537,37.4113],[127.5402,37.4117],[127.544,37.41],[127.5492,37.4103],[127.5507,37.4114],[127.5512,37.4137],[127.5542,37.4173],[127.5561,37.4178],[127.56,37.4175],[127.5663,37.4138],[127.5712,37.4129],[127.5717,37.4116],[127.5819,37.4169],[127.5832,37.417],[127.5842,37.4142],[127.5856,37.4141],[127.5885,37.4173],[127.5875,37.4199],[127.5906,37.4228],[127.5935,37.4198],[127.5943,37.4207],[127.6001,37.4206],[127.609,37.4172],[127.6111,37.4155],[127.6145,37.4147],[127.6169,37.4149],[127.6203,37.409],[127.6223,37.4097],[127.6266,37.4133],[127.6354,37.4135],[127.6414,37.4086],[127.6429,37.406],[127.6462,37.4046]]]]}},{"type":"Feature","properties":{"c":"4167036000","n":"경기도 여주시 북내면","sg":"여주시","sd":"경기도","p":4506,"a":65.892,"d":68},"geometry":{"type":"MultiPolygon","coordinates":[[[[127.7078,37.4107],[127.7104,37.4066],[127.7136,37.4054],[127.7157,37.4016],[127.7144,37.3985],[127.7046,37.3926],[127.7034,37.3879],[127.7037,37.3859],[127.706,37.3832],[127.7029,37.3806],[127.7013,37.3739],[127.7074,37.3701],[127.711,37.3717],[127.7165,37.37],[127.7181,37.371],[127.7198,37.3711],[127.7239,37.3594],[127.7251,37.3577],[127.7287,37.3553],[127.7313,37.3469],[127.7347,37.344],[127.7359,37.3439],[127.7392,37.3416],[127.7397,37.3332],[127.7361,37.3286],[127.735,37.3219],[127.7357,37.3199],[127.7371,37.3196],[127.7376,37.318],[127.7354,37.316],[127.7321,37.3167],[127.7247,37.3145],[127.7126,37.3156],[127.7107,37.3171],[127.7093,37.3171],[127.7078,37.3162],[127.7055,37.3129],[127.7016,37.3122],[127.6994,37.3103],[127.6976,37.306],[127.6971,37.3025],[127.6953,37.3017],[127.6927,37.2982],[127.69,37.2966],[127.6866,37.2965],[127.6809,37.2951],[127.6796,37.2944],[127.6796,37.2937],[127.6768,37.2959],[127.6759,37.2979],[127.6758,37.2997],[127.677,37.3016],[127.6761,37.307],[127.6737,37.3119],[127.6699,37.3136],[127.6677,37.3166],[127.6625,37.3203],[127.6572,37.3262],[127.6572,37.3281],[127.6589,37.3301],[127.6593,37.3367],[127.6601,37.3386],[127.6619,37.3389],[127.665,37.3427],[127.6632,37.3435],[127.6617,37.3453],[127.6614,37.3468],[127.6637,37.3501],[127.6638,37.3523],[127.6592,37.3552],[127.6537,37.3614],[127.6526,37.37],[127.6552,37.3767],[127.6569,37.3794],[127.6568,37.3832],[127.6541,37.3845],[127.6531,37.3859],[127.6528,37.388],[127.6518,37.3889],[127.6498,37.3884],[127.6482,37.3891],[127.6458,37.3953],[127.6462,37.4046],[127.6521,37.4076],[127.6541,37.4127],[127.6585,37.4175],[127.6602,37.4157],[127.6652,37.4143],[127.6684,37.4119],[127.6763,37.4128],[127.6848,37.4126],[127.6868,37.4119],[127.6875,37.4112],[127.6864,37.3994],[127.6949,37.4034],[127.6987,37.4074],[127.7023,37.4081],[127.7078,37.4107]]]]}},{"type":"Feature","properties":{"c":"4167037000","n":"경기도 여주시 강천면","sg":"여주시","sd":"경기도","p":4250,"a":74.088,"d":57},"geometry":{"type":"MultiPolygon","coordinates":[[[[127.7595,37.367],[127.7612,37.3638],[127.7593,37.3599],[127.7598,37.3545],[127.7583,37.3504],[127.7578,37.3457],[127.759,37.3415],[127.7607,37.3407],[127.7616,37.3337],[127.7604,37.3291],[127.7629,37.323],[127.7622,37.3208],[127.7655,37.3133],[127.7677,37.3105],[127.7686,37.3083],[127.7672,37.3057],[127.7681,37.3025],[127.7657,37.3014],[127.7619,37.3021],[127.7576,37.3001],[127.7548,37.2977],[127.7565,37.2947],[127.7538,37.289],[127.7558,37.2828],[127.7547,37.2785],[127.7553,37.2721],[127.7577,37.2638],[127.7583,37.258],[127.7537,37.2512],[127.7489,37.2475],[127.7471,37.2397],[127.7464,37.2296],[127.7431,37.2281],[127.7394,37.2279],[127.7328,37.2283],[127.7263,37.2305],[127.7187,37.2296],[127.7119,37.2297],[127.7028,37.2281],[127.6948,37.2294],[127.6926,37.2306],[127.689,37.2347],[127.683,37.2477],[127.6817,37.2612],[127.6823,37.266],[127.6843,37.2704],[127.6855,37.275],[127.6812,37.2864],[127.6775,37.2929],[127.6796,37.2937],[127.6796,37.2944],[127.6809,37.2951],[127.6866,37.2965],[127.69,37.2966],[127.6927,37.2982],[127.6953,37.3017],[127.6971,37.3025],[127.6976,37.306],[127.6994,37.3103],[127.7016,37.3122],[127.7055,37.3129],[127.7078,37.3162],[127.7093,37.3171],[127.7107,37.3171],[127.7126,37.3156],[127.7247,37.3145],[127.7321,37.3167],[127.7354,37.316],[127.7375,37.3178],[127.7371,37.3196],[127.7357,37.3199],[127.735,37.3219],[127.7361,37.3286],[127.7397,37.3332],[127.7395,37.3406],[127.7382,37.3424],[127.7347,37.344],[127.7313,37.3469],[127.7287,37.3553],[127.7251,37.3577],[127.7239,37.3594],[127.7198,37.3711],[127.7245,37.3713],[127.7275,37.3734],[127.7283,37.3748],[127.732,37.3757],[127.7387,37.3714],[127.7458,37.3689],[127.7524,37.3692],[127.7545,37.3681],[127.7595,37.367]]]]}},{"type":"Feature","properties":{"c":"4167051000","n":"경기도 여주시 여흥동","sg":"여주시","sd":"경기도","p":20564,"a":40.502,"d":508},"geometry":{"type":"MultiPolygon","coordinates":[[[[127.6775,37.2929],[127.6812,37.2864],[127.6855,37.275],[127.6843,37.2704],[127.6823,37.266],[127.6817,37.2612],[127.6826,37.2494],[127.6853,37.2433],[127.6752,37.242],[127.6719,37.2425],[127.6697,37.2412],[127.6662,37.2373],[127.6674,37.2343],[127.6656,37.2314],[127.6498,37.2234],[127.6481,37.2218],[127.6491,37.2158],[127.6469,37.2147],[127.6423,37.2141],[127.6423,37.2129],[127.6417,37.2122],[127.6385,37.2124],[127.631,37.2157],[127.6262,37.2164],[127.6206,37.22],[127.6193,37.2217],[127.6186,37.2274],[127.6164,37.233],[127.6153,37.2334],[127.6095,37.2334],[127.6103,37.2381],[127.6073,37.2371],[127.6041,37.2403],[127.6026,37.2428],[127.6085,37.2459],[127.6119,37.2485],[127.613,37.2498],[127.6131,37.2521],[127.6141,37.2531],[127.6244,37.2578],[127.6232,37.2606],[127.623,37.2635],[127.6263,37.2632],[127.6302,37.2668],[127.6356,37.2681],[127.638,37.2674],[127.6441,37.2698],[127.645,37.2715],[127.6455,37.2774],[127.645,37.2787],[127.6374,37.2783],[127.6351,37.284],[127.6316,37.2861],[127.6357,37.2944],[127.6359,37.2965],[127.6375,37.3004],[127.6538,37.2946],[127.6592,37.2951],[127.6646,37.2972],[127.6729,37.2974],[127.6749,37.2963],[127.6775,37.2929]]]]}},{"type":"Feature","properties":{"c":"4167052000","n":"경기도 여주시 중앙동","sg":"여주시","sd":"경기도","p":25346,"a":16.334,"d":1552},"geometry":{"type":"MultiPolygon","coordinates":[[[[127.6375,37.3004],[127.6359,37.2965],[127.6357,37.2944],[127.6316,37.2861],[127.6351,37.284],[127.6374,37.2783],[127.645,37.2787],[127.6455,37.2774],[127.645,37.2715],[127.6441,37.2698],[127.638,37.2674],[127.6356,37.2681],[127.6302,37.2668],[127.6263,37.2632],[127.623,37.2635],[127.6232,37.2606],[127.6244,37.2578],[127.6141,37.2531],[127.6131,37.2521],[127.613,37.2498],[127.6119,37.2485],[127.6085,37.2459],[127.6026,37.2428],[127.6023,37.244],[127.6037,37.2449],[127.6041,37.2466],[127.6028,37.2496],[127.6002,37.251],[127.599,37.2511],[127.5995,37.2528],[127.5992,37.2553],[127.6007,37.2578],[127.6014,37.2623],[127.5998,37.2642],[127.6007,37.2694],[127.5991,37.2708],[127.598,37.2729],[127.5983,37.2795],[127.5996,37.2806],[127.598,37.2846],[127.5969,37.2853],[127.5971,37.2868],[127.5995,37.2894],[127.6056,37.2893],[127.6088,37.2883],[127.6143,37.2887],[127.6171,37.2894],[127.6172,37.2909],[127.6183,37.2923],[127.6218,37.2941],[127.6226,37.2938],[127.6262,37.297],[127.6184,37.301],[127.6179,37.3022],[127.6183,37.3059],[127.6178,37.3099],[127.62,37.3198],[127.6217,37.3195],[127.6258,37.3165],[127.6294,37.307],[127.6361,37.301],[127.6375,37.3004]]]]}},{"type":"Feature","properties":{"c":"4167053000","n":"경기도 여주시 오학동","sg":"여주시","sd":"경기도","p":18290,"a":16.031,"d":1141},"geometry":{"type":"MultiPolygon","coordinates":[[[[127.6614,37.3468],[127.6617,37.3453],[127.6632,37.3435],[127.665,37.3427],[127.6619,37.3389],[127.6601,37.3386],[127.6593,37.3367],[127.6589,37.3301],[127.6572,37.3281],[127.6572,37.3262],[127.6625,37.3203],[127.6677,37.3166],[127.6699,37.3136],[127.6737,37.3119],[127.6761,37.307],[127.677,37.3016],[127.6758,37.2997],[127.6759,37.2979],[127.6768,37.2959],[127.6796,37.2937],[127.6775,37.2929],[127.6749,37.2963],[127.6729,37.2974],[127.6646,37.2972],[127.6592,37.2951],[127.6538,37.2946],[127.6361,37.301],[127.6294,37.307],[127.6258,37.3165],[127.6217,37.3195],[127.62,37.3198],[127.6222,37.3228],[127.6275,37.3233],[127.6284,37.3239],[127.6333,37.3323],[127.6385,37.3374],[127.6427,37.3364],[127.645,37.3371],[127.6472,37.3411],[127.6487,37.3413],[127.6518,37.3431],[127.6529,37.346],[127.6553,37.3481],[127.6594,37.3466],[127.6614,37.3468]]]]}},{"type":"Feature","properties":{"c":"4180025000","n":"경기도 연천군 연천읍","sg":"연천군","sd":"경기도","p":8246,"a":87.65,"d":94},"geometry":{"type":"MultiPolygon","coordinates":[[[[127.1716,38.1216],[127.1728,38.12],[127.1766,38.1198],[127.1827,38.1166],[127.1843,38.1144],[127.1839,38.1103],[127.1822,38.1073],[127.1845,38.0922],[127.1882,38.0875],[127.191,38.0854],[127.1923,38.0825],[127.1907,38.0778],[127.1862,38.0743],[127.1857,38.0723],[127.1866,38.0644],[127.1836,38.0639],[127.1771,38.0661],[127.1738,38.0664],[127.1709,38.0655],[127.1675,38.0618],[127.1664,38.0613],[127.1647,38.0614],[127.1595,38.0634],[127.157,38.0634],[127.1523,38.0588],[127.1487,38.0577],[127.1469,38.0591],[127.1463,38.0627],[127.1477,38.0697],[127.1437,38.0736],[127.1411,38.0727],[127.1397,38.0714],[127.1383,38.0691],[127.1383,38.0665],[127.1349,38.0656],[127.1301,38.0614],[127.1257,38.0597],[127.1237,38.0614],[127.119,38.0614],[127.1172,38.0607],[127.1142,38.0561],[127.1119,38.0576],[127.1031,38.059],[127.1002,38.0616],[127.0943,38.0635],[127.0919,38.0621],[127.0856,38.062],[127.0821,38.0621],[127.0797,38.0639],[127.0716,38.0614],[127.0656,38.0607],[127.0626,38.0596],[127.0589,38.0615],[127.0642,38.0611],[127.0653,38.0615],[127.0653,38.0625],[127.0635,38.0636],[127.0639,38.0649],[127.0662,38.069],[127.0687,38.0708],[127.0692,38.0743],[127.0683,38.0771],[127.0672,38.0776],[127.0639,38.0763],[127.0621,38.0739],[127.0568,38.0732],[127.056,38.0746],[127.0573,38.085],[127.0543,38.0925],[127.0571,38.0981],[127.0559,38.1034],[127.0588,38.1062],[127.0643,38.1093],[127.0647,38.1111],[127.0636,38.1117],[127.0625,38.1159],[127.0677,38.1226],[127.0705,38.1245],[127.0682,38.1261],[127.0672,38.128],[127.0626,38.1285],[127.0561,38.1339],[127.0511,38.1367],[127.054,38.1386],[127.0546,38.1419],[127.0569,38.1442],[127.0605,38.1452],[127.0661,38.1489],[127.0685,38.1549],[127.0678,38.1563],[127.069,38.1618],[127.0723,38.1638],[127.0749,38.1645],[127.0769,38.1697],[127.0825,38.1707],[127.085,38.17],[127.0851,38.1685],[127.0828,38.1661],[127.083,38.1621],[127.0846,38.1597],[127.0881,38.1564],[127.0901,38.1558],[127.0921,38.1522],[127.0963,38.1473],[127.0966,38.1456],[127.0957,38.1383],[127.097,38.137],[127.1084,38.1364],[127.111,38.1354],[127.1158,38.1357],[127.116,38.1336],[127.1173,38.1324],[127.119,38.1334],[127.1253,38.1323],[127.128,38.131],[127.1331,38.1277],[127.1362,38.1225],[127.1413,38.1183],[127.1427,38.115],[127.144,38.1134],[127.1456,38.1128],[127.1527,38.1138],[127.1561,38.117],[127.1598,38.1153],[127.1619,38.115],[127.1716,38.1216]]]]}},{"type":"Feature","properties":{"c":"4180025300","n":"경기도 연천군 전곡읍","sg":"연천군","sd":"경기도","p":19578,"a":55.763,"d":351},"geometry":{"type":"MultiPolygon","coordinates":[[[[127.1142,38.0561],[127.1123,38.051],[127.1146,38.0472],[127.118,38.0439],[127.1179,38.0427],[127.1148,38.0401],[127.1117,38.0395],[127.1096,38.0378],[127.1044,38.0363],[127.1027,38.0373],[127.1019,38.0395],[127.1063,38.0413],[127.1063,38.0431],[127.1031,38.0449],[127.0986,38.045],[127.0965,38.0496],[127.098,38.0524],[127.0996,38.0538],[127.0999,38.0563],[127.0994,38.0575],[127.0975,38.0577],[127.0942,38.0562],[127.0928,38.0561],[127.0904,38.057],[127.0877,38.06],[127.0863,38.0602],[127.0834,38.0592],[127.0806,38.0568],[127.0797,38.0541],[127.0807,38.0512],[127.0798,38.0471],[127.0822,38.0421],[127.0821,38.0406],[127.0784,38.0359],[127.0746,38.0283],[127.0798,38.0165],[127.0792,38.015],[127.0716,38.0079],[127.0695,38.0046],[127.0646,38.005],[127.0612,37.9998],[127.057,37.9887],[127.0547,37.9879],[127.0537,37.9869],[127.0545,37.9837],[127.0533,37.9813],[127.0488,37.9789],[127.0489,37.9758],[127.0458,37.9741],[127.0444,37.9723],[127.0449,37.97],[127.0418,37.96],[127.0392,37.9578],[127.0293,37.9557],[127.0287,37.9552],[127.0279,37.9535],[127.0287,37.9521],[127.0276,37.9432],[127.025,37.9404],[127.021,37.9403],[127.0168,37.9366],[127.014,37.93],[127.0126,37.9282],[127.0113,37.9273],[127.01,37.9276],[127.0097,37.9292],[127.0026,37.9332],[127.0013,37.933],[127.0012,37.9356],[126.9997,37.9356],[126.9996,37.9331],[126.9932,37.9345],[126.9931,37.9366],[126.992,37.9376],[126.9894,37.9363],[126.9855,37.9389],[126.981,37.9375],[126.9753,37.9403],[126.9734,37.942],[126.9772,37.9455],[126.9782,37.9516],[126.9801,37.9552],[126.9818,37.9566],[126.9885,37.9601],[126.9912,37.9669],[126.9964,37.9732],[127.0008,37.9739],[127.0064,37.9732],[127.0085,37.9738],[127.0105,37.9754],[127.0113,37.9761],[127.0126,37.9846],[127.0159,37.9858],[127.017,37.9869],[127.0149,37.9926],[127.0131,37.9935],[127.0103,37.9932],[127.001,37.9963],[126.9961,38.0014],[126.9896,38.004],[126.9883,38.0095],[126.9971,38.0122],[127.0024,38.0105],[127.0046,38.0072],[127.0064,38.0062],[127.013,38.0036],[127.0148,38.0035],[127.0214,38.0077],[127.0241,38.0164],[127.0254,38.0175],[127.0368,38.0201],[127.0472,38.0208],[127.0537,38.0232],[127.0541,38.0249],[127.0506,38.027],[127.0495,38.0293],[127.0526,38.0349],[127.0572,38.0382],[127.0592,38.0414],[127.0572,38.0559],[127.0593,38.059],[127.0589,38.0615],[127.0626,38.0596],[127.0656,38.0607],[127.0716,38.0614],[127.0797,38.0639],[127.0821,38.0621],[127.0856,38.062],[127.0919,38.0621],[127.0943,38.0635],[127.1002,38.0616],[127.1031,38.059],[127.1119,38.0576],[127.1142,38.0561]]]]}},{"type":"Feature","properties":{"c":"4180031000","n":"경기도 연천군 군남면","sg":"연천군","sd":"경기도","p":2952,"a":45.097,"d":65},"geometry":{"type":"MultiPolygon","coordinates":[[[[127.0589,38.0615],[127.0593,38.059],[127.0572,38.0559],[127.0592,38.0414],[127.0572,38.0382],[127.0526,38.0349],[127.0495,38.0293],[127.0506,38.027],[127.0541,38.0249],[127.0537,38.0232],[127.0472,38.0208],[127.0368,38.0201],[127.0254,38.0175],[127.0241,38.0164],[127.0209,38.0071],[127.0148,38.0035],[127.0118,38.0041],[127.0099,38.0052],[127.012,38.0058],[127.0135,38.0077],[127.0136,38.0147],[127.0193,38.0226],[127.0199,38.0305],[127.026,38.0377],[127.0244,38.0432],[127.0249,38.0503],[127.0179,38.0553],[127.015,38.0599],[127.0089,38.0737],[127.0075,38.0822],[127.006,38.0848],[127.0063,38.0864],[127.0097,38.0931],[127.0153,38.0989],[127.0248,38.1126],[127.0261,38.1165],[127.0264,38.1209],[127.0308,38.1222],[127.0358,38.1225],[127.0406,38.1253],[127.0445,38.1313],[127.0511,38.1367],[127.0561,38.1339],[127.0626,38.1285],[127.0672,38.128],[127.0682,38.1261],[127.0705,38.1245],[127.0677,38.1226],[127.0625,38.1159],[127.0636,38.1117],[127.0647,38.1111],[127.0643,38.1093],[127.0588,38.1062],[127.0559,38.1034],[127.0571,38.0981],[127.0543,38.0925],[127.0573,38.085],[127.056,38.0746],[127.0568,38.0732],[127.0621,38.0739],[127.0639,38.0763],[127.0672,38.0776],[127.0683,38.0771],[127.0692,38.0743],[127.0687,38.0708],[127.0662,38.069],[127.0639,38.0649],[127.0635,38.0636],[127.0653,38.0625],[127.0653,38.0615],[127.0642,38.0611],[127.0589,38.0615]]]]}},{"type":"Feature","properties":{"c":"4180032000","n":"경기도 연천군 청산면","sg":"연천군","sd":"경기도","p":3910,"a":42.876,"d":91},"geometry":{"type":"MultiPolygon","coordinates":[[[[127.1144,38.04],[127.1183,38.0386],[127.1225,38.0391],[127.1244,38.0371],[127.126,38.0365],[127.1282,38.0367],[127.1348,38.0392],[127.1378,38.0374],[127.138,38.0354],[127.1372,38.0333],[127.1354,38.0314],[127.1355,38.0293],[127.1396,38.0261],[127.1387,38.0229],[127.1392,38.0214],[127.1453,38.0156],[127.1452,38.015],[127.1426,38.0144],[127.1402,38.0115],[127.1408,38.0055],[127.1456,38.0009],[127.1468,37.9977],[127.1469,37.9956],[127.1448,37.9919],[127.1432,37.9913],[127.1405,37.992],[127.1352,37.9897],[127.132,37.9878],[127.1296,37.9839],[127.1234,37.9803],[127.1208,37.9794],[127.1202,37.9795],[127.1173,37.9857],[127.1141,37.9865],[127.1115,37.9893],[127.1079,37.9888],[127.1006,37.9897],[127.0948,37.9891],[127.0914,37.9881],[127.0908,37.9876],[127.0904,37.9821],[127.0927,37.9749],[127.0917,37.9714],[127.0863,37.974],[127.0846,37.9756],[127.0802,37.9767],[127.0738,37.9765],[127.0661,37.9753],[127.0634,37.976],[127.0644,37.9796],[127.0571,37.9803],[127.0533,37.9813],[127.0545,37.9837],[127.0537,37.9869],[127.0547,37.9879],[127.057,37.9887],[127.0612,37.9998],[127.0646,38.005],[127.0695,38.0046],[127.0716,38.0079],[127.0797,38.0159],[127.0746,38.0283],[127.0784,38.0359],[127.0821,38.0406],[127.0822,38.0421],[127.0798,38.0471],[127.0807,38.0512],[127.0797,38.0541],[127.0806,38.0568],[127.0834,38.0592],[127.0863,38.0602],[127.0877,38.06],[127.0904,38.057],[127.0928,38.0561],[127.0942,38.0562],[127.0975,38.0577],[127.0994,38.0575],[127.0999,38.0563],[127.0996,38.0538],[127.0965,38.05],[127.0982,38.0458],[127.0992,38.0447],[127.1025,38.045],[127.1038,38.0446],[127.1059,38.0435],[127.1065,38.0422],[127.1063,38.0413],[127.1019,38.0395],[127.1027,38.0373],[127.1044,38.0363],[127.1053,38.0363],[127.1096,38.0378],[127.1117,38.0395],[127.1144,38.04]]]]}},{"type":"Feature","properties":{"c":"4180034000","n":"경기도 연천군 미산면","sg":"연천군","sd":"경기도","p":1702,"a":42.174,"d":40},"geometry":{"type":"MultiPolygon","coordinates":[[[[127.0159,38.0584],[127.0179,38.0553],[127.0249,38.0503],[127.0244,38.0432],[127.026,38.0377],[127.0199,38.0305],[127.0193,38.0226],[127.0139,38.0153],[127.0132,38.0109],[127.0135,38.0077],[127.0108,38.0053],[127.005,38.0069],[127.0024,38.0105],[126.9971,38.0122],[126.9883,38.0095],[126.9894,38.0043],[126.9921,38.0034],[126.9858,38.0031],[126.9821,38.0047],[126.9787,38.0037],[126.9696,38.0033],[126.9699,38.0062],[126.9671,38.0126],[126.9673,38.0177],[126.9662,38.0184],[126.9653,38.018],[126.9639,38.0152],[126.9567,38.0137],[126.9551,38.0137],[126.9506,38.0162],[126.9474,38.0161],[126.9419,38.017],[126.9408,38.0176],[126.9375,38.022],[126.9337,38.0229],[126.9308,38.0287],[126.9284,38.0281],[126.9266,38.0283],[126.9256,38.0291],[126.9264,38.0341],[126.929,38.0395],[126.9329,38.0434],[126.9349,38.0517],[126.9347,38.0549],[126.9428,38.0578],[126.9448,38.0607],[126.9481,38.0624],[126.9497,38.0623],[126.9504,38.0604],[126.952,38.06],[126.9553,38.0611],[126.9609,38.0606],[126.9631,38.0627],[126.9637,38.0645],[126.9655,38.0648],[126.9671,38.0643],[126.9694,38.0648],[126.9834,38.0622],[126.9887,38.0601],[126.9946,38.0613],[126.9966,38.0592],[126.9972,38.0557],[126.9995,38.0532],[127.0006,38.0499],[127.0022,38.0495],[127.0027,38.0499],[127.0016,38.0528],[127.0016,38.0557],[127.0023,38.0561],[127.0079,38.055],[127.0098,38.0573],[127.0141,38.0577],[127.0159,38.0584]]]]}},{"type":"Feature","properties":{"c":"4180035000","n":"경기도 연천군 왕징면","sg":"연천군","sd":"경기도","p":975,"a":85.436,"d":11},"geometry":{"type":"MultiPolygon","coordinates":[[[[126.8561,38.0997],[126.8672,38.1112],[126.8837,38.1163],[126.8892,38.1288],[126.9005,38.1334],[126.9047,38.1379],[126.9171,38.1367],[126.927,38.1285],[126.9305,38.1274],[126.9323,38.1317],[126.9441,38.1346],[126.956,38.1346],[126.9609,38.1361],[126.9609,38.1397],[126.9627,38.1396],[126.9651,38.138],[126.9648,38.1358],[126.9586,38.1323],[126.9543,38.1276],[126.9563,38.119],[126.9612,38.11],[126.9636,38.1076],[126.9697,38.1061],[126.9747,38.1058],[126.9823,38.1066],[126.9859,38.1074],[126.9881,38.1086],[126.9904,38.1122],[126.9916,38.1278],[126.9934,38.13],[126.9971,38.1315],[127.0009,38.1323],[127.0088,38.1309],[127.0132,38.1271],[127.0168,38.1266],[127.0252,38.1233],[127.0264,38.1209],[127.0261,38.1165],[127.0248,38.1126],[127.0153,38.0989],[127.0097,38.0931],[127.0072,38.0888],[127.006,38.0851],[127.0075,38.0822],[127.0089,38.0737],[127.0159,38.0584],[127.0141,38.0577],[127.0098,38.0573],[127.0079,38.055],[127.0023,38.0561],[127.0016,38.0557],[127.0016,38.0528],[127.0026,38.0496],[127.0006,38.0499],[126.9995,38.0532],[126.9972,38.0557],[126.9966,38.0592],[126.9946,38.0613],[126.9887,38.0601],[126.9834,38.0622],[126.9788,38.0631],[126.97,38.0647],[126.9671,38.0643],[126.9655,38.0648],[126.9634,38.0642],[126.9631,38.0627],[126.9615,38.0607],[126.9553,38.0611],[126.952,38.06],[126.9504,38.0604],[126.9497,38.0623],[126.9487,38.0625],[126.9468,38.0619],[126.9476,38.0627],[126.9434,38.065],[126.9399,38.0663],[126.9378,38.0662],[126.9365,38.0736],[126.9368,38.0752],[126.9387,38.077],[126.9392,38.081],[126.9374,38.0823],[126.931,38.0817],[126.9268,38.0826],[126.9243,38.0825],[126.9189,38.0795],[126.918,38.0736],[126.9196,38.07],[126.918,38.066],[126.9189,38.0627],[126.9208,38.0605],[126.9201,38.0593],[126.9179,38.059],[126.9133,38.0599],[126.9054,38.0602],[126.9027,38.0622],[126.9022,38.0639],[126.8931,38.0698],[126.8941,38.0731],[126.8933,38.0744],[126.88,38.0775],[126.8736,38.0795],[126.8669,38.0803],[126.8662,38.0809],[126.8646,38.0833],[126.8606,38.0859],[126.8588,38.0894],[126.8561,38.0997]]]]}},{"type":"Feature","properties":{"c":"4180036000","n":"경기도 연천군 신서면","sg":"연천군","sd":"경기도","p":2380,"a":152.05,"d":16},"geometry":{"type":"MultiPolygon","coordinates":[[[[127.1794,38.1847],[127.1775,38.176],[127.1743,38.1727],[127.1736,38.1692],[127.1746,38.1679],[127.1739,38.1611],[127.1756,38.1589],[127.1761,38.1538],[127.1772,38.1515],[127.1767,38.1465],[127.1736,38.1432],[127.1729,38.1416],[127.174,38.1402],[127.1754,38.135],[127.1758,38.1288],[127.1745,38.1245],[127.1709,38.121],[127.1619,38.115],[127.1598,38.1153],[127.1561,38.117],[127.1527,38.1138],[127.1456,38.1128],[127.144,38.1134],[127.1427,38.115],[127.1413,38.1183],[127.1362,38.1225],[127.1331,38.1277],[127.128,38.131],[127.1253,38.1323],[127.119,38.1334],[127.1173,38.1324],[127.116,38.1336],[127.1158,38.1357],[127.111,38.1354],[127.1084,38.1364],[127.097,38.137],[127.0957,38.1383],[127.0966,38.1456],[127.0963,38.1473],[127.0921,38.1522],[127.0901,38.1558],[127.0881,38.1564],[127.0846,38.1597],[127.083,38.1621],[127.0828,38.1661],[127.0851,38.1685],[127.0847,38.1703],[127.0825,38.1707],[127.0769,38.1697],[127.0749,38.1645],[127.0695,38.1623],[127.068,38.1576],[127.066,38.1576],[127.0658,38.1607],[127.0621,38.1668],[127.0611,38.171],[127.0603,38.1717],[127.0559,38.1716],[127.0535,38.1725],[127.0528,38.1751],[127.0495,38.1807],[127.0476,38.1855],[127.0504,38.1922],[127.0467,38.1971],[127.0488,38.2005],[127.0415,38.206],[127.0325,38.2061],[127.0271,38.2083],[127.0266,38.2119],[127.0302,38.2154],[127.0297,38.2193],[127.0289,38.2199],[127.0271,38.2207],[127.0245,38.2198],[127.0178,38.2205],[127.0167,38.2213],[127.0159,38.2238],[127.008,38.2261],[127.0142,38.2371],[127.0222,38.2404],[127.0209,38.2459],[127.0329,38.2484],[127.0419,38.259],[127.0551,38.259],[127.0669,38.2657],[127.0726,38.2717],[127.076,38.2781],[127.0859,38.2793],[127.0933,38.2821],[127.104,38.2884],[127.1047,38.2906],[127.1093,38.292],[127.114,38.2653],[127.1105,38.2517],[127.1111,38.2483],[127.1099,38.2446],[127.1101,38.2422],[127.1127,38.238],[127.1146,38.2363],[127.1177,38.2363],[127.1229,38.2325],[127.1263,38.2338],[127.1296,38.2332],[127.1305,38.2326],[127.1347,38.2338],[127.1359,38.2361],[127.1398,38.2374],[127.1415,38.2373],[127.147,38.2397],[127.1489,38.2427],[127.1527,38.2417],[127.1584,38.2389],[127.1608,38.2358],[127.1625,38.2322],[127.1596,38.226],[127.1615,38.223],[127.1594,38.2191],[127.1621,38.2168],[127.1696,38.2138],[127.1713,38.2125],[127.1722,38.2104],[127.1722,38.206],[127.1661,38.1985],[127.1739,38.1917],[127.1755,38.1883],[127.1774,38.1857],[127.1794,38.1847]]]]}},{"type":"Feature","properties":{"c":"4180037000","n":"경기도 연천군 중면","sg":"연천군","sd":"경기도","p":163,"a":84.52,"d":2},"geometry":{"type":"MultiPolygon","coordinates":[[[[126.982,38.2275],[126.9844,38.2269],[126.9866,38.2272],[126.9882,38.2258],[126.9903,38.2269],[126.9899,38.2287],[126.9916,38.2295],[127.0015,38.223],[127.0052,38.2229],[127.0056,38.225],[127.0064,38.2258],[127.008,38.2261],[127.0159,38.2238],[127.0167,38.2213],[127.0178,38.2205],[127.0245,38.2198],[127.0271,38.2207],[127.0297,38.2193],[127.0302,38.2154],[127.0268,38.2124],[127.0269,38.2087],[127.029,38.2071],[127.0321,38.2061],[127.0415,38.206],[127.0488,38.2005],[127.0467,38.1971],[127.0504,38.1922],[127.0476,38.1855],[127.0495,38.1807],[127.0528,38.1751],[127.0535,38.1725],[127.0559,38.1716],[127.0603,38.1717],[127.0611,38.171],[127.0621,38.1668],[127.0658,38.1607],[127.066,38.1576],[127.068,38.1576],[127.0678,38.1563],[127.0685,38.1549],[127.0661,38.1489],[127.0605,38.1452],[127.0569,38.1442],[127.0546,38.1419],[127.054,38.1386],[127.0451,38.132],[127.041,38.1256],[127.0358,38.1225],[127.0308,38.1222],[127.0264,38.1209],[127.0252,38.1233],[127.0168,38.1266],[127.0132,38.1271],[127.0088,38.1309],[127.0009,38.1323],[126.9971,38.1315],[126.9934,38.13],[126.9916,38.1278],[126.9904,38.1122],[126.9893,38.1099],[126.9859,38.1074],[126.9747,38.1058],[126.9663,38.1067],[126.9636,38.1076],[126.9612,38.1099],[126.9563,38.119],[126.9543,38.1276],[126.9586,38.1323],[126.9648,38.1358],[126.9699,38.1435],[126.9694,38.1456],[126.9683,38.1472],[126.9611,38.1512],[126.9569,38.1552],[126.95,38.1591],[126.9517,38.1649],[126.9545,38.1633],[126.9657,38.1714],[126.9692,38.1819],[126.9683,38.1861],[126.9629,38.1905],[126.9667,38.1944],[126.9668,38.1991],[126.9688,38.1997],[126.9751,38.1993],[126.9759,38.2049],[126.9793,38.2052],[126.9803,38.2075],[126.984,38.2109],[126.9838,38.2125],[126.9822,38.2141],[126.9819,38.2164],[126.9801,38.2177],[126.9811,38.2198],[126.98,38.2213],[126.9782,38.2221],[126.9813,38.2254],[126.982,38.2275]]]]}},{"type":"Feature","properties":{"c":"4180038000","n":"경기도 연천군 장남면","sg":"연천군","sd":"경기도","p":730,"a":37.233,"d":20},"geometry":{"type":"MultiPolygon","coordinates":[[[[126.8725,38.0186],[126.873,38.0154],[126.878,38.0127],[126.8735,38.0107],[126.8729,38.008],[126.8753,38.0034],[126.8807,38.0023],[126.8838,38.0023],[126.8873,38.003],[126.8898,38.0049],[126.8933,38.0055],[126.8961,38.005],[126.8984,38.0038],[126.8994,38.0013],[126.899,38.0004],[126.894,37.999],[126.8943,37.9976],[126.8917,37.9924],[126.8913,37.9901],[126.8916,37.9825],[126.8927,37.9783],[126.8954,37.9722],[126.8944,37.9688],[126.8915,37.9671],[126.8878,37.9661],[126.8835,37.9664],[126.8787,37.9677],[126.8718,37.9711],[126.866,37.9774],[126.8549,37.9872],[126.8503,37.9874],[126.8474,37.9868],[126.844,37.985],[126.8402,37.9809],[126.8378,37.9733],[126.8368,37.9647],[126.8359,37.964],[126.8327,37.964],[126.8311,37.9632],[126.8283,37.9598],[126.8207,37.9575],[126.8189,37.9585],[126.8175,37.9613],[126.8185,37.9641],[126.8147,37.9682],[126.8125,37.9693],[126.8113,37.9689],[126.8104,37.9677],[126.8045,37.9707],[126.802,37.9796],[126.7985,37.9877],[126.8009,37.992],[126.8074,37.9938],[126.8142,37.9931],[126.8186,37.9939],[126.8225,37.9924],[126.8296,37.9931],[126.8302,37.9937],[126.8305,37.9987],[126.8302,37.9991],[126.8269,37.9993],[126.8253,38.0002],[126.8249,38.0049],[126.8231,38.0113],[126.8252,38.0163],[126.8287,38.0202],[126.8351,38.0182],[126.8332,38.0219],[126.8353,38.0233],[126.8357,38.0245],[126.8328,38.026],[126.8305,38.0254],[126.831,38.0322],[126.8318,38.0337],[126.8388,38.0339],[126.8454,38.0318],[126.8484,38.0331],[126.8532,38.0317],[126.859,38.0259],[126.8617,38.025],[126.8653,38.0223],[126.8683,38.0217],[126.8725,38.0186]]]]}},{"type":"Feature","properties":{"c":"4182025000","n":"경기도 가평군 가평읍","sg":"가평군","sd":"경기도","p":21106,"a":144.679,"d":146},"geometry":{"type":"MultiPolygon","coordinates":[[[[127.6076,37.8899],[127.6088,37.883],[127.6061,37.877],[127.6038,37.875],[127.6019,37.8745],[127.595,37.8759],[127.5853,37.8759],[127.5781,37.8737],[127.575,37.8718],[127.5691,37.8663],[127.5664,37.8616],[127.5659,37.8587],[127.5624,37.8555],[127.5552,37.8544],[127.5533,37.8537],[127.5509,37.8521],[127.5494,37.8469],[127.5423,37.8465],[127.5381,37.8451],[127.532,37.8415],[127.5281,37.8373],[127.5251,37.8305],[127.5246,37.8247],[127.5271,37.8223],[127.5352,37.8178],[127.5367,37.8153],[127.5371,37.812],[127.5359,37.8092],[127.5297,37.8045],[127.5229,37.7958],[127.5217,37.7936],[127.5216,37.7913],[127.5235,37.788],[127.536,37.7762],[127.5407,37.7705],[127.5438,37.7648],[127.5444,37.7595],[127.5423,37.7555],[127.5376,37.7513],[127.5291,37.7462],[127.5158,37.7393],[127.5106,37.7356],[127.5085,37.7328],[127.5073,37.7295],[127.5068,37.7243],[127.5073,37.7197],[127.5013,37.7183],[127.4993,37.7191],[127.4948,37.723],[127.4937,37.7246],[127.4912,37.7331],[127.4904,37.7336],[127.488,37.7335],[127.4835,37.735],[127.4816,37.7391],[127.4788,37.7416],[127.4763,37.7455],[127.4765,37.7486],[127.4772,37.7494],[127.4831,37.7513],[127.4862,37.7515],[127.4867,37.7526],[127.4884,37.7591],[127.4871,37.7618],[127.4881,37.7675],[127.4946,37.7758],[127.4914,37.7838],[127.4887,37.7857],[127.4844,37.7874],[127.4775,37.7876],[127.4704,37.7866],[127.4687,37.7876],[127.4686,37.7893],[127.4673,37.7915],[127.4614,37.7952],[127.4602,37.7996],[127.456,37.8027],[127.4532,37.8034],[127.4517,37.8015],[127.4494,37.801],[127.4458,37.8023],[127.4437,37.8043],[127.4396,37.8052],[127.4348,37.8033],[127.4209,37.8021],[127.415,37.8109],[127.4183,37.8167],[127.421,37.8187],[127.4159,37.8253],[127.4157,37.8281],[127.4141,37.8307],[127.4115,37.8333],[127.4148,37.839],[127.4192,37.8415],[127.4165,37.8466],[127.4165,37.8566],[127.4141,37.8576],[127.4114,37.8628],[127.4111,37.8661],[127.4098,37.8699],[127.4112,37.8717],[127.4112,37.8731],[127.4063,37.8738],[127.4033,37.8732],[127.4,37.8774],[127.4004,37.8812],[127.4013,37.8821],[127.4005,37.8859],[127.3987,37.8885],[127.3994,37.89],[127.4007,37.8916],[127.4132,37.8967],[127.4144,37.8989],[127.4159,37.8958],[127.4189,37.8952],[127.4218,37.8934],[127.4257,37.8883],[127.4283,37.8866],[127.4335,37.8874],[127.4386,37.8865],[127.4443,37.8875],[127.4463,37.8887],[127.4542,37.8879],[127.4608,37.8896],[127.462,37.8895],[127.4639,37.8871],[127.4765,37.883],[127.4803,37.8822],[127.4957,37.884],[127.5052,37.8777],[127.5079,37.8736],[127.5119,37.8749],[127.5182,37.8711],[127.5191,37.8693],[127.521,37.8688],[127.5222,37.8714],[127.5247,37.8739],[127.5291,37.8754],[127.5393,37.8748],[127.5435,37.8724],[127.5529,37.8744],[127.5531,37.8757],[127.5577,37.8788],[127.5655,37.8823],[127.566,37.8833],[127.5698,37.8862],[127.5783,37.8854],[127.5858,37.8877],[127.5885,37.8901],[127.5926,37.8916],[127.596,37.8904],[127.6011,37.8905],[127.6076,37.8899]]]]}},{"type":"Feature","properties":{"c":"4182031000","n":"경기도 가평군 설악면","sg":"가평군","sd":"경기도","p":10056,"a":139.666,"d":72},"geometry":{"type":"MultiPolygon","coordinates":[[[[127.5599,37.7285],[127.5597,37.7231],[127.5622,37.7223],[127.5624,37.721],[127.5581,37.7143],[127.5584,37.706],[127.557,37.7049],[127.5501,37.6855],[127.5499,37.6806],[127.551,37.6782],[127.5498,37.6755],[127.5492,37.6676],[127.5516,37.665],[127.5528,37.6615],[127.5465,37.6574],[127.5449,37.6554],[127.5439,37.6516],[127.5357,37.6504],[127.5352,37.6464],[127.537,37.643],[127.54,37.6407],[127.5438,37.6382],[127.5468,37.6376],[127.5483,37.6332],[127.559,37.6284],[127.5599,37.6274],[127.5598,37.6234],[127.5629,37.6209],[127.5652,37.6201],[127.5665,37.6188],[127.5676,37.6157],[127.5708,37.6137],[127.5696,37.6083],[127.5662,37.608],[127.5623,37.6044],[127.5624,37.6],[127.5591,37.5942],[127.559,37.5923],[127.5606,37.5905],[127.5615,37.5871],[127.5602,37.5831],[127.5586,37.5838],[127.5547,37.5842],[127.5525,37.5861],[127.5379,37.5846],[127.5361,37.5858],[127.5218,37.5864],[127.5201,37.5857],[127.513,37.5781],[127.51,37.5765],[127.5044,37.5749],[127.4983,37.5718],[127.4911,37.5738],[127.4901,37.575],[127.4841,37.5753],[127.4784,37.5769],[127.4747,37.5772],[127.4716,37.5799],[127.4694,37.5911],[127.471,37.5938],[127.4709,37.5949],[127.4726,37.5964],[127.4731,37.6002],[127.4735,37.6079],[127.4722,37.6093],[127.4712,37.6211],[127.4699,37.6236],[127.4683,37.6247],[127.4626,37.6249],[127.4583,37.63],[127.4564,37.6339],[127.4566,37.6356],[127.4541,37.6385],[127.4523,37.6389],[127.4515,37.6397],[127.4486,37.6445],[127.4439,37.6481],[127.4419,37.6468],[127.4381,37.6479],[127.4372,37.6514],[127.4348,37.6536],[127.4378,37.6572],[127.4414,37.6598],[127.4399,37.6618],[127.4298,37.6694],[127.4267,37.6734],[127.4287,37.6748],[127.43,37.678],[127.4321,37.679],[127.4327,37.6821],[127.4312,37.6828],[127.4213,37.6945],[127.4211,37.6988],[127.4219,37.7015],[127.4255,37.7049],[127.4254,37.706],[127.4237,37.7112],[127.4203,37.7145],[127.4177,37.7196],[127.4152,37.723],[127.4229,37.7249],[127.4263,37.7243],[127.4407,37.7167],[127.4509,37.7093],[127.4531,37.7086],[127.4729,37.7061],[127.4854,37.7065],[127.4946,37.7058],[127.4979,37.7047],[127.5005,37.7028],[127.5108,37.6975],[127.516,37.6967],[127.5178,37.6971],[127.5193,37.6982],[127.5206,37.6997],[127.5213,37.7026],[127.5187,37.7085],[127.5136,37.7152],[127.5109,37.7177],[127.5196,37.7225],[127.5254,37.7269],[127.5287,37.7263],[127.5309,37.7251],[127.5335,37.7222],[127.5408,37.7191],[127.5425,37.7195],[127.5482,37.7234],[127.5521,37.7283],[127.5573,37.729],[127.5599,37.7285]]]]}},{"type":"Feature","properties":{"c":"4182032500","n":"경기도 가평군 청평면","sg":"가평군","sd":"경기도","p":13108,"a":113.183,"d":116},"geometry":{"type":"MultiPolygon","coordinates":[[[[127.5073,37.7197],[127.5109,37.7177],[127.5136,37.7152],[127.5198,37.7063],[127.5213,37.7026],[127.5212,37.7013],[127.5206,37.6997],[127.5178,37.6971],[127.5144,37.6968],[127.5108,37.6975],[127.5005,37.7028],[127.4979,37.7047],[127.4946,37.7058],[127.4854,37.7065],[127.4729,37.7061],[127.4531,37.7086],[127.4509,37.7093],[127.4407,37.7167],[127.4263,37.7243],[127.4229,37.7249],[127.4152,37.723],[127.4177,37.7196],[127.4203,37.7145],[127.4237,37.7112],[127.4254,37.706],[127.4255,37.7049],[127.4219,37.7015],[127.4211,37.6988],[127.4213,37.6945],[127.4312,37.6828],[127.4327,37.6821],[127.4321,37.679],[127.43,37.678],[127.4287,37.6748],[127.4267,37.6734],[127.4281,37.6715],[127.4271,37.6682],[127.4251,37.6656],[127.4222,37.6639],[127.4164,37.6634],[127.4121,37.6602],[127.4081,37.6599],[127.4012,37.6545],[127.3994,37.6509],[127.3801,37.6514],[127.3784,37.651],[127.3733,37.6477],[127.3711,37.6482],[127.3744,37.6543],[127.3764,37.6601],[127.3775,37.6699],[127.3792,37.6746],[127.3751,37.6773],[127.3742,37.6822],[127.3686,37.6858],[127.3669,37.6882],[127.3671,37.6901],[127.3708,37.6905],[127.3721,37.692],[127.3702,37.693],[127.3613,37.6938],[127.3585,37.6992],[127.3534,37.7038],[127.3551,37.7072],[127.3552,37.7086],[127.3534,37.7109],[127.3547,37.7166],[127.354,37.7183],[127.3545,37.7215],[127.3555,37.7237],[127.3591,37.7255],[127.3625,37.7263],[127.3672,37.73],[127.371,37.734],[127.3724,37.7378],[127.3776,37.7408],[127.383,37.7429],[127.386,37.7417],[127.3948,37.7449],[127.3987,37.7453],[127.407,37.7476],[127.4079,37.7488],[127.413,37.7509],[127.4147,37.7508],[127.4176,37.7479],[127.4219,37.7516],[127.4222,37.7548],[127.4211,37.7571],[127.4162,37.7605],[127.4127,37.7662],[127.4123,37.7685],[127.4125,37.7712],[127.4179,37.7752],[127.4146,37.7776],[127.414,37.7808],[127.4155,37.7822],[127.4164,37.7857],[127.4155,37.7958],[127.4165,37.7971],[127.4168,37.8004],[127.4209,37.8021],[127.4348,37.8033],[127.4396,37.8052],[127.4437,37.8043],[127.4458,37.8023],[127.4494,37.801],[127.4517,37.8015],[127.4532,37.8034],[127.456,37.8027],[127.4602,37.7996],[127.4614,37.7952],[127.4673,37.7915],[127.4686,37.7893],[127.4687,37.7876],[127.4704,37.7866],[127.4775,37.7876],[127.4844,37.7874],[127.4887,37.7857],[127.4914,37.7838],[127.4946,37.7758],[127.4881,37.7675],[127.4871,37.7618],[127.4884,37.7591],[127.4867,37.7526],[127.4862,37.7515],[127.4831,37.7513],[127.4772,37.7494],[127.4765,37.7486],[127.4763,37.7455],[127.4788,37.7416],[127.4816,37.7391],[127.4835,37.735],[127.488,37.7335],[127.4904,37.7336],[127.4912,37.7331],[127.4937,37.7246],[127.4993,37.7191],[127.5013,37.7183],[127.5073,37.7197]]]]}},{"type":"Feature","properties":{"c":"4182033000","n":"경기도 가평군 상면","sg":"가평군","sd":"경기도","p":5365,"a":100.287,"d":53},"geometry":{"type":"MultiPolygon","coordinates":[[[[127.3121,37.8661],[127.3126,37.8609],[127.3149,37.8575],[127.3152,37.8554],[127.3196,37.8507],[127.3195,37.849],[127.3181,37.8475],[127.3182,37.8455],[127.3192,37.8453],[127.3205,37.8431],[127.3199,37.8397],[127.3209,37.8358],[127.3266,37.8295],[127.3361,37.8281],[127.3364,37.8266],[127.3337,37.8225],[127.3358,37.822],[127.3381,37.8194],[127.3376,37.8155],[127.3409,37.8084],[127.3437,37.8057],[127.3474,37.8045],[127.3516,37.8041],[127.3541,37.8049],[127.3557,37.8065],[127.3592,37.8075],[127.3633,37.8062],[127.3654,37.8021],[127.3657,37.8003],[127.3685,37.7961],[127.3723,37.7958],[127.3732,37.7964],[127.3734,37.8004],[127.3748,37.8006],[127.3769,37.7994],[127.3778,37.796],[127.3802,37.7948],[127.3846,37.7971],[127.3918,37.7981],[127.3942,37.799],[127.3961,37.798],[127.3967,37.7941],[127.4164,37.7987],[127.4165,37.7971],[127.4155,37.7958],[127.4164,37.7857],[127.4155,37.7822],[127.414,37.7808],[127.4146,37.7776],[127.4179,37.7752],[127.4125,37.7712],[127.4123,37.7685],[127.4127,37.7662],[127.4162,37.7605],[127.4211,37.7571],[127.4222,37.7548],[127.4219,37.7516],[127.4176,37.7479],[127.4147,37.7508],[127.413,37.7509],[127.4079,37.7488],[127.407,37.7476],[127.3987,37.7453],[127.3948,37.7449],[127.386,37.7417],[127.383,37.7429],[127.3776,37.7408],[127.3724,37.7378],[127.371,37.734],[127.3672,37.73],[127.3625,37.7263],[127.3591,37.7255],[127.3555,37.7237],[127.345,37.7277],[127.3429,37.7294],[127.3434,37.733],[127.3424,37.7378],[127.3353,37.7438],[127.3311,37.7495],[127.3319,37.7511],[127.334,37.7528],[127.3301,37.7558],[127.3264,37.7603],[127.3237,37.7618],[127.3186,37.7672],[127.3153,37.769],[127.3099,37.7683],[127.3021,37.7734],[127.2931,37.7762],[127.2916,37.776],[127.29,37.775],[127.2819,37.7749],[127.274,37.7741],[127.2729,37.7761],[127.2697,37.7788],[127.2665,37.7805],[127.2684,37.7852],[127.2709,37.7862],[127.2719,37.7887],[127.2722,37.7904],[127.2712,37.7915],[127.2708,37.7946],[127.2788,37.8055],[127.2779,37.8064],[127.2774,37.8088],[127.2792,37.8166],[127.2758,37.8247],[127.2741,37.8265],[127.2741,37.8306],[127.2763,37.8359],[127.2786,37.8394],[127.279,37.8423],[127.2863,37.8483],[127.2803,37.8539],[127.2804,37.8554],[127.2849,37.8603],[127.2859,37.8656],[127.2915,37.8741],[127.2932,37.8734],[127.2962,37.8689],[127.3006,37.8681],[127.3055,37.8688],[127.3087,37.868],[127.3101,37.8665],[127.3121,37.8661]]]]}},{"type":"Feature","properties":{"c":"4182034500","n":"경기도 가평군 조종면","sg":"가평군","sd":"경기도","p":8948,"a":113.304,"d":79},"geometry":{"type":"MultiPolygon","coordinates":[[[[127.4144,37.8989],[127.4132,37.8967],[127.4117,37.8958],[127.4007,37.8916],[127.3987,37.8885],[127.4005,37.8859],[127.4013,37.8821],[127.4004,37.8812],[127.4,37.8774],[127.4033,37.8732],[127.4063,37.8738],[127.4112,37.8731],[127.4112,37.8717],[127.4098,37.8699],[127.4111,37.8661],[127.4114,37.8628],[127.4141,37.8576],[127.4165,37.8566],[127.4165,37.8466],[127.4192,37.8415],[127.4148,37.839],[127.4115,37.8333],[127.4141,37.8307],[127.4157,37.8281],[127.4159,37.8253],[127.421,37.8187],[127.4183,37.8167],[127.415,37.8109],[127.4209,37.8021],[127.4168,37.8004],[127.4164,37.7987],[127.3967,37.7941],[127.3961,37.798],[127.3942,37.799],[127.3918,37.7981],[127.3846,37.7971],[127.3798,37.7949],[127.3778,37.796],[127.3769,37.7994],[127.3748,37.8006],[127.3734,37.8004],[127.3732,37.7964],[127.3723,37.7958],[127.3685,37.7961],[127.3657,37.8003],[127.3654,37.8021],[127.3633,37.8062],[127.3587,37.8075],[127.3557,37.8065],[127.3541,37.8049],[127.3513,37.8041],[127.3447,37.8051],[127.3414,37.8076],[127.3376,37.8155],[127.3381,37.8194],[127.3358,37.822],[127.3337,37.8225],[127.3364,37.8266],[127.3361,37.8281],[127.3266,37.8295],[127.3215,37.8346],[127.3199,37.8397],[127.3205,37.8431],[127.3192,37.8453],[127.3182,37.8455],[127.3181,37.8475],[127.3195,37.849],[127.3196,37.8507],[127.3164,37.8536],[127.3152,37.8554],[127.3149,37.8575],[127.3126,37.8609],[127.3121,37.8661],[127.3126,37.867],[127.3206,37.8714],[127.3223,37.8714],[127.3237,37.8736],[127.3231,37.8807],[127.3237,37.8879],[127.3291,37.8943],[127.3274,37.9028],[127.3291,37.9071],[127.3305,37.9078],[127.3306,37.9091],[127.3304,37.91],[127.3279,37.9124],[127.3309,37.9172],[127.329,37.922],[127.3304,37.9236],[127.3315,37.9262],[127.333,37.9265],[127.3364,37.9242],[127.3384,37.9238],[127.3452,37.9272],[127.3474,37.9261],[127.3503,37.9223],[127.3558,37.9216],[127.3643,37.926],[127.3661,37.9288],[127.3699,37.9306],[127.3745,37.9365],[127.3775,37.9388],[127.3804,37.9396],[127.3835,37.9432],[127.3911,37.9434],[127.3961,37.9449],[127.3986,37.9427],[127.4007,37.9422],[127.415,37.9332],[127.419,37.9326],[127.4224,37.9295],[127.4194,37.9218],[127.4171,37.9193],[127.4171,37.9131],[127.4187,37.909],[127.4162,37.9057],[127.4163,37.9021],[127.4144,37.8989]]]]}},{"type":"Feature","properties":{"c":"4182035000","n":"경기도 가평군 북면","sg":"가평군","sd":"경기도","p":3465,"a":231.235,"d":15},"geometry":{"type":"MultiPolygon","coordinates":[[[[127.5397,38.0012],[127.5427,37.9956],[127.5435,37.9888],[127.5461,37.9852],[127.5461,37.9821],[127.5471,37.9798],[127.5447,37.9748],[127.5443,37.9681],[127.5483,37.9661],[127.5516,37.9662],[127.5613,37.9628],[127.5732,37.9641],[127.5879,37.9613],[127.5941,37.9569],[127.6014,37.9561],[127.603,37.9551],[127.6033,37.9542],[127.6027,37.9477],[127.6048,37.9442],[127.609,37.9436],[127.6138,37.9394],[127.6166,37.9295],[127.6155,37.9275],[127.6125,37.9252],[127.6121,37.9208],[127.6135,37.9197],[127.6162,37.915],[127.6172,37.9124],[127.6177,37.9065],[127.6082,37.8902],[127.596,37.8904],[127.5926,37.8916],[127.5885,37.8901],[127.5858,37.8877],[127.5783,37.8854],[127.5698,37.8862],[127.566,37.8833],[127.5655,37.8823],[127.5577,37.8788],[127.5531,37.8757],[127.5529,37.8744],[127.5435,37.8724],[127.5393,37.8748],[127.5291,37.8754],[127.5247,37.8739],[127.5222,37.8714],[127.521,37.8688],[127.5191,37.8693],[127.5182,37.8711],[127.5119,37.8749],[127.5079,37.8736],[127.5052,37.8777],[127.4957,37.884],[127.4803,37.8822],[127.4765,37.883],[127.4639,37.8871],[127.462,37.8895],[127.4608,37.8896],[127.4542,37.8879],[127.4463,37.8887],[127.4443,37.8875],[127.4386,37.8865],[127.4335,37.8874],[127.4283,37.8866],[127.4257,37.8883],[127.4218,37.8934],[127.4189,37.8952],[127.4159,37.8958],[127.4144,37.8989],[127.4163,37.9021],[127.4162,37.9057],[127.4187,37.909],[127.4171,37.9131],[127.4171,37.9193],[127.4194,37.9218],[127.4224,37.9295],[127.419,37.9326],[127.415,37.9332],[127.4007,37.9422],[127.3986,37.9427],[127.3961,37.9449],[127.3911,37.9434],[127.3852,37.9432],[127.3843,37.9435],[127.3849,37.9471],[127.3831,37.9496],[127.3824,37.9504],[127.3787,37.9511],[127.3768,37.9529],[127.3795,37.9565],[127.3797,37.9578],[127.3792,37.9589],[127.3774,37.9594],[127.3761,37.9615],[127.3779,37.9653],[127.3801,37.9666],[127.3826,37.9697],[127.3818,37.9723],[127.3824,37.9742],[127.3854,37.9761],[127.3841,37.9779],[127.3839,37.9801],[127.3839,37.9811],[127.385,37.9824],[127.3867,37.9832],[127.3898,37.9827],[127.3994,37.9894],[127.4053,37.9905],[127.4091,37.9963],[127.413,37.9978],[127.4148,38.0018],[127.4148,38.0069],[127.4183,38.0148],[127.4215,38.019],[127.4235,38.0201],[127.4272,38.0275],[127.4262,38.0296],[127.4243,38.0309],[127.4249,38.0334],[127.4302,38.0347],[127.435,38.038],[127.4418,38.0448],[127.4444,38.05],[127.4457,38.051],[127.4491,38.0498],[127.4525,38.0468],[127.4524,38.0434],[127.4507,38.039],[127.4535,38.0309],[127.4552,38.0295],[127.4563,38.0273],[127.4555,38.025],[127.458,38.0162],[127.4614,38.0129],[127.4692,38.0086],[127.4722,38.0061],[127.479,38.0062],[127.4855,38.0044],[127.4902,38.0052],[127.4973,38.0036],[127.4984,38.0011],[127.5014,37.9996],[127.5058,38.0005],[127.5235,38.0019],[127.5257,38.0017],[127.5275,38.0007],[127.5381,38.0007],[127.5397,38.0012]]]]}},{"type":"Feature","properties":{"c":"4183025000","n":"경기도 양평군 양평읍","sg":"양평군","sd":"경기도","p":38356,"a":42.478,"d":903},"geometry":{"type":"MultiPolygon","coordinates":[[[[127.5575,37.463],[127.5515,37.4619],[127.5428,37.4672],[127.5372,37.4698],[127.5323,37.4712],[127.5283,37.4668],[127.5244,37.4641],[127.5212,37.4627],[127.5179,37.4624],[127.5114,37.458],[127.5102,37.4557],[127.5055,37.4528],[127.5012,37.4491],[127.5006,37.4478],[127.5018,37.4454],[127.4993,37.4463],[127.4962,37.4527],[127.4949,37.4738],[127.4942,37.4798],[127.4929,37.482],[127.4902,37.4854],[127.4816,37.4923],[127.4732,37.4974],[127.456,37.5032],[127.4571,37.5056],[127.4569,37.5093],[127.4648,37.5122],[127.47,37.5116],[127.4718,37.512],[127.4761,37.5146],[127.4822,37.5171],[127.4819,37.5195],[127.4838,37.5214],[127.4897,37.5217],[127.4946,37.5189],[127.5006,37.5222],[127.5023,37.5236],[127.5021,37.5252],[127.5085,37.53],[127.5156,37.5312],[127.5193,37.5325],[127.5278,37.5335],[127.528,37.5307],[127.5267,37.5259],[127.5284,37.5179],[127.5313,37.5174],[127.5337,37.5162],[127.5359,37.5122],[127.5356,37.511],[127.5368,37.507],[127.5458,37.5047],[127.5489,37.5055],[127.5556,37.4988],[127.5527,37.4954],[127.5544,37.4902],[127.5533,37.4814],[127.5545,37.4802],[127.5554,37.4804],[127.5599,37.4791],[127.5606,37.4775],[127.5604,37.4763],[127.5585,37.4737],[127.5578,37.4704],[127.5575,37.463]]]]}},{"type":"Feature","properties":{"c":"4183031000","n":"경기도 양평군 강상면","sg":"양평군","sd":"경기도","p":10071,"a":37.634,"d":268},"geometry":{"type":"MultiPolygon","coordinates":[[[[127.456,37.5032],[127.4732,37.4974],[127.4816,37.4923],[127.4902,37.4854],[127.4942,37.4798],[127.4962,37.4527],[127.4984,37.4472],[127.5018,37.4454],[127.508,37.4398],[127.4981,37.4331],[127.4945,37.4327],[127.4892,37.4338],[127.4852,37.4322],[127.4824,37.429],[127.4796,37.4237],[127.4743,37.4223],[127.4723,37.4226],[127.473,37.423],[127.4709,37.4254],[127.4652,37.4269],[127.4637,37.4266],[127.4601,37.4273],[127.4543,37.429],[127.4499,37.4313],[127.4426,37.4341],[127.4342,37.4353],[127.4324,37.4363],[127.4305,37.4369],[127.4286,37.4367],[127.4265,37.4377],[127.4313,37.4406],[127.4338,37.4456],[127.4339,37.4477],[127.4374,37.4526],[127.4398,37.4544],[127.444,37.4558],[127.4465,37.4586],[127.4476,37.4666],[127.4458,37.4695],[127.4426,37.4717],[127.4444,37.4774],[127.4429,37.4804],[127.4392,37.4829],[127.4387,37.4861],[127.4435,37.4922],[127.4453,37.498],[127.4459,37.5027],[127.4496,37.5063],[127.456,37.5032]]]]}},{"type":"Feature","properties":{"c":"4183032000","n":"경기도 양평군 강하면","sg":"양평군","sd":"경기도","p":4752,"a":41.805,"d":114},"geometry":{"type":"MultiPolygon","coordinates":[[[[127.4496,37.5063],[127.4459,37.5027],[127.4453,37.498],[127.4435,37.4922],[127.4387,37.4861],[127.4392,37.4829],[127.4429,37.4804],[127.4444,37.4774],[127.4426,37.4717],[127.4458,37.4695],[127.4476,37.4666],[127.4465,37.4586],[127.4446,37.4562],[127.4397,37.4544],[127.4368,37.452],[127.4339,37.4477],[127.4338,37.4456],[127.4313,37.4406],[127.4265,37.4377],[127.4229,37.4395],[127.4146,37.4322],[127.4086,37.4308],[127.4056,37.4282],[127.4026,37.4245],[127.4016,37.4217],[127.4006,37.4214],[127.3949,37.4261],[127.3893,37.4288],[127.3845,37.4345],[127.384,37.4353],[127.3844,37.4375],[127.3823,37.4431],[127.3725,37.4448],[127.3721,37.452],[127.3677,37.4563],[127.368,37.4569],[127.3745,37.4584],[127.378,37.4588],[127.3821,37.4584],[127.3853,37.46],[127.387,37.4674],[127.3865,37.4699],[127.3888,37.4756],[127.3805,37.49],[127.3836,37.5024],[127.3946,37.4999],[127.408,37.4998],[127.4142,37.5019],[127.4181,37.5047],[127.4302,37.5071],[127.4379,37.5081],[127.4496,37.5063]]]]}},{"type":"Feature","properties":{"c":"4183033000","n":"경기도 양평군 양서면","sg":"양평군","sd":"경기도","p":13978,"a":60.832,"d":230},"geometry":{"type":"MultiPolygon","coordinates":[[[[127.4353,37.5571],[127.4351,37.5541],[127.4394,37.553],[127.4433,37.5495],[127.4439,37.5429],[127.4437,37.5416],[127.438,37.54],[127.4332,37.534],[127.4323,37.5267],[127.4329,37.5236],[127.4337,37.5227],[127.4298,37.5166],[127.4309,37.5145],[127.4279,37.5127],[127.4268,37.5112],[127.4268,37.5065],[127.4181,37.5047],[127.4142,37.5019],[127.408,37.4998],[127.3946,37.4999],[127.3836,37.5024],[127.3807,37.5043],[127.3716,37.5201],[127.3655,37.5289],[127.3586,37.5329],[127.3506,37.5354],[127.3479,37.5357],[127.3293,37.5346],[127.3233,37.5333],[127.3174,37.5292],[127.3071,37.5164],[127.3048,37.5254],[127.3089,37.5406],[127.3117,37.5455],[127.3213,37.5584],[127.3358,37.5807],[127.3399,37.5797],[127.3456,37.5799],[127.3542,37.5789],[127.3604,37.571],[127.3674,37.5691],[127.3725,37.5723],[127.374,37.5724],[127.3788,37.5706],[127.3903,37.5704],[127.3983,37.5686],[127.4031,37.5662],[127.4039,37.5625],[127.4034,37.5536],[127.4058,37.553],[127.4088,37.5529],[127.4104,37.5536],[127.411,37.555],[127.414,37.5573],[127.4204,37.5597],[127.4238,37.5599],[127.4334,37.5567],[127.4353,37.5571]]]]}},{"type":"Feature","properties":{"c":"4183034000","n":"경기도 양평군 옥천면","sg":"양평군","sd":"경기도","p":7945,"a":66.235,"d":120},"geometry":{"type":"MultiPolygon","coordinates":[[[[127.4709,37.5949],[127.471,37.5938],[127.4694,37.5911],[127.4716,37.5799],[127.4747,37.5772],[127.4784,37.5769],[127.4841,37.5753],[127.4901,37.575],[127.4911,37.5738],[127.4966,37.572],[127.4983,37.5718],[127.5044,37.5749],[127.51,37.5765],[127.5146,37.5796],[127.5201,37.5857],[127.5241,37.5866],[127.5361,37.5858],[127.5379,37.5846],[127.5525,37.5861],[127.5547,37.5842],[127.5586,37.5838],[127.5618,37.5825],[127.5645,37.5798],[127.5651,37.5772],[127.564,37.5739],[127.5631,37.5722],[127.559,37.5686],[127.5587,37.5672],[127.5508,37.564],[127.5431,37.5592],[127.5417,37.5576],[127.5406,37.5544],[127.535,37.5506],[127.5333,37.5469],[127.5296,37.5433],[127.5279,37.5408],[127.5278,37.5335],[127.5193,37.5325],[127.5156,37.5312],[127.5085,37.53],[127.5021,37.5252],[127.5023,37.5236],[127.5006,37.5222],[127.4946,37.5189],[127.4897,37.5217],[127.4838,37.5214],[127.4819,37.5195],[127.4822,37.5171],[127.4761,37.5146],[127.4718,37.512],[127.47,37.5116],[127.4648,37.5122],[127.4569,37.5093],[127.4571,37.5056],[127.456,37.5032],[127.448,37.5069],[127.4404,37.508],[127.4366,37.5081],[127.4268,37.5065],[127.4268,37.5112],[127.4279,37.5127],[127.4309,37.5145],[127.4298,37.5166],[127.4337,37.5227],[127.4329,37.5236],[127.4323,37.5267],[127.4332,37.534],[127.438,37.54],[127.4437,37.5416],[127.4433,37.5495],[127.4394,37.553],[127.4351,37.5541],[127.4353,37.5571],[127.4398,37.5629],[127.4421,37.5641],[127.4451,37.5676],[127.4448,37.5692],[127.4432,37.5706],[127.4429,37.5744],[127.4467,37.5769],[127.4503,37.5846],[127.4495,37.5873],[127.448,37.5884],[127.4469,37.5912],[127.4513,37.5919],[127.4553,37.5934],[127.4558,37.5959],[127.4554,37.6],[127.4589,37.5995],[127.4709,37.5949]]]]}},{"type":"Feature","properties":{"c":"4183035000","n":"경기도 양평군 서종면","sg":"양평군","sd":"경기도","p":9795,"a":93.814,"d":104},"geometry":{"type":"MultiPolygon","coordinates":[[[[127.4709,37.5949],[127.4589,37.5995],[127.4554,37.6],[127.4558,37.5959],[127.4553,37.5934],[127.4513,37.5919],[127.4469,37.5912],[127.448,37.5884],[127.4495,37.5873],[127.4503,37.5846],[127.4467,37.5769],[127.4429,37.5744],[127.4432,37.5706],[127.4448,37.5692],[127.4451,37.5676],[127.4421,37.5641],[127.4398,37.5629],[127.4369,37.5588],[127.4353,37.5571],[127.4334,37.5567],[127.4238,37.5599],[127.4204,37.5597],[127.414,37.5573],[127.411,37.555],[127.4104,37.5536],[127.4088,37.5529],[127.4034,37.5536],[127.4037,37.5647],[127.4031,37.5662],[127.3983,37.5686],[127.3903,37.5704],[127.3788,37.5706],[127.374,37.5724],[127.3725,37.5723],[127.3674,37.5691],[127.3604,37.571],[127.3542,37.5789],[127.3456,37.5799],[127.3399,37.5797],[127.3358,37.5807],[127.3411,37.5905],[127.3462,37.6148],[127.3522,37.6278],[127.366,37.6401],[127.3711,37.6482],[127.3733,37.6477],[127.3784,37.651],[127.3801,37.6514],[127.3994,37.6509],[127.4012,37.6545],[127.4081,37.6599],[127.4121,37.6602],[127.4164,37.6634],[127.4222,37.6639],[127.4251,37.6656],[127.4271,37.6682],[127.4281,37.6715],[127.4298,37.6694],[127.4351,37.665],[127.4399,37.6618],[127.4414,37.6598],[127.4378,37.6572],[127.4348,37.6536],[127.4372,37.6514],[127.4381,37.6479],[127.4419,37.6468],[127.4439,37.6481],[127.4449,37.6478],[127.4486,37.6445],[127.4523,37.6389],[127.4541,37.6385],[127.4556,37.6369],[127.4566,37.6356],[127.4564,37.6339],[127.4583,37.63],[127.4626,37.6249],[127.4683,37.6247],[127.4699,37.6236],[127.4718,37.6183],[127.4722,37.6093],[127.4735,37.6079],[127.4726,37.5964],[127.4709,37.5949]]]]}},{"type":"Feature","properties":{"c":"4183036000","n":"경기도 양평군 단월면","sg":"양평군","sd":"경기도","p":3813,"a":108.047,"d":35},"geometry":{"type":"MultiPolygon","coordinates":[[[[127.6962,37.6005],[127.7002,37.5967],[127.7004,37.5957],[127.6984,37.594],[127.6979,37.5916],[127.6949,37.5905],[127.6934,37.589],[127.6936,37.5841],[127.6917,37.5792],[127.6885,37.5772],[127.6888,37.5715],[127.6917,37.5682],[127.6929,37.563],[127.6943,37.5605],[127.693,37.5542],[127.6905,37.5544],[127.689,37.5534],[127.6882,37.5479],[127.6861,37.5447],[127.6868,37.5429],[127.6861,37.5416],[127.6826,37.5423],[127.6802,37.5435],[127.6791,37.543],[127.6792,37.5414],[127.6815,37.5379],[127.6819,37.5357],[127.6789,37.5331],[127.6783,37.5309],[127.6789,37.5288],[127.6804,37.5275],[127.6814,37.5201],[127.6848,37.5194],[127.6917,37.5161],[127.6901,37.5071],[127.6841,37.5028],[127.6839,37.4979],[127.6846,37.4964],[127.6805,37.4895],[127.673,37.494],[127.6718,37.4959],[127.6696,37.4973],[127.6522,37.5004],[127.6485,37.5028],[127.6455,37.5029],[127.6448,37.5097],[127.6377,37.5154],[127.6353,37.5152],[127.6344,37.5162],[127.6337,37.5207],[127.6309,37.5231],[127.6351,37.5254],[127.641,37.5302],[127.6448,37.5314],[127.6479,37.5344],[127.6531,37.5377],[127.6522,37.539],[127.6467,37.542],[127.6431,37.5428],[127.6412,37.544],[127.6416,37.5452],[127.6406,37.5484],[127.6386,37.5513],[127.6354,37.5538],[127.6341,37.5595],[127.6349,37.5614],[127.6339,37.5631],[127.6318,37.5647],[127.6314,37.5679],[127.629,37.5715],[127.6208,37.5741],[127.6185,37.5736],[127.6163,37.5739],[127.614,37.5755],[127.6131,37.5775],[127.6098,37.5806],[127.6034,37.581],[127.6022,37.5806],[127.5962,37.5759],[127.5925,37.5749],[127.5878,37.5755],[127.5803,37.575],[127.5723,37.5761],[127.5647,37.5761],[127.5645,37.5798],[127.5618,37.5825],[127.5602,37.5831],[127.5615,37.5871],[127.5606,37.5905],[127.559,37.5923],[127.5591,37.5942],[127.5624,37.6],[127.5623,37.6044],[127.5662,37.608],[127.5696,37.6083],[127.5708,37.6137],[127.5676,37.6157],[127.5665,37.6188],[127.5652,37.6201],[127.5629,37.6209],[127.5598,37.6234],[127.5599,37.6274],[127.559,37.6284],[127.5646,37.6331],[127.5719,37.6322],[127.5751,37.6335],[127.5795,37.6331],[127.582,37.6341],[127.5837,37.636],[127.5832,37.639],[127.5857,37.6421],[127.5907,37.6432],[127.5986,37.6467],[127.601,37.6488],[127.6023,37.6513],[127.6072,37.651],[127.6086,37.6501],[127.6094,37.6481],[127.6108,37.6469],[127.6129,37.646],[127.6154,37.6473],[127.6161,37.6472],[127.6201,37.6431],[127.6234,37.6414],[127.6252,37.6427],[127.6276,37.6426],[127.6338,37.638],[127.6394,37.6329],[127.6469,37.6329],[127.6471,37.6302],[127.6494,37.6247],[127.6524,37.6227],[127.656,37.6224],[127.662,37.6244],[127.6637,37.624],[127.6676,37.6173],[127.6808,37.609],[127.6859,37.6067],[127.6872,37.6043],[127.6919,37.6017],[127.6962,37.6005]]]]}},{"type":"Feature","properties":{"c":"4183037000","n":"경기도 양평군 청운면","sg":"양평군","sd":"경기도","p":3648,"a":97.238,"d":38},"geometry":{"type":"MultiPolygon","coordinates":[[[[127.8494,37.5532],[127.8491,37.5496],[127.8464,37.5478],[127.8467,37.544],[127.8424,37.539],[127.8324,37.5383],[127.8286,37.5364],[127.8249,37.5378],[127.8219,37.538],[127.8151,37.5365],[127.8128,37.5372],[127.8095,37.5367],[127.8064,37.535],[127.8065,37.5313],[127.8051,37.5302],[127.7965,37.5285],[127.7967,37.5236],[127.7901,37.5191],[127.7868,37.5146],[127.784,37.5122],[127.7811,37.513],[127.7786,37.5096],[127.7739,37.5061],[127.7649,37.5027],[127.7594,37.5037],[127.7513,37.5035],[127.7429,37.5067],[127.7388,37.5049],[127.7339,37.5037],[127.7275,37.5033],[127.7277,37.506],[127.7199,37.5132],[127.718,37.5125],[127.7099,37.5146],[127.7084,37.5174],[127.7023,37.5149],[127.6999,37.5128],[127.6927,37.5154],[127.6848,37.5194],[127.6814,37.5201],[127.6804,37.5275],[127.6789,37.5288],[127.6783,37.5309],[127.6789,37.5331],[127.6819,37.5357],[127.6815,37.5379],[127.6792,37.5414],[127.6791,37.543],[127.6802,37.5435],[127.6826,37.5423],[127.6861,37.5416],[127.6868,37.5429],[127.6861,37.5447],[127.6882,37.5479],[127.689,37.5534],[127.6905,37.5544],[127.693,37.5542],[127.6943,37.5605],[127.6929,37.563],[127.6917,37.5682],[127.6888,37.5715],[127.6885,37.5772],[127.6917,37.5792],[127.6936,37.5841],[127.6934,37.589],[127.6941,37.59],[127.6974,37.5916],[127.7008,37.5897],[127.7062,37.5886],[127.7081,37.5864],[127.7137,37.5888],[127.716,37.5881],[127.721,37.5907],[127.7395,37.5872],[127.7457,37.5886],[127.7478,37.5904],[127.7535,37.5919],[127.7646,37.5858],[127.7662,37.583],[127.767,37.5826],[127.7756,37.58],[127.7829,37.5787],[127.786,37.5786],[127.7884,37.5795],[127.7928,37.5853],[127.7934,37.5854],[127.7964,37.5844],[127.8004,37.5821],[127.8043,37.5789],[127.8049,37.5752],[127.8103,37.5728],[127.8105,37.5687],[127.8129,37.5646],[127.8269,37.5608],[127.8287,37.5612],[127.8371,37.5605],[127.84,37.5595],[127.8461,37.5542],[127.8494,37.5532]]]]}},{"type":"Feature","properties":{"c":"4183038000","n":"경기도 양평군 양동면","sg":"양평군","sd":"경기도","p":4434,"a":120.329,"d":37},"geometry":{"type":"MultiPolygon","coordinates":[[[[127.7594,37.5037],[127.76,37.5027],[127.7601,37.4997],[127.7592,37.4966],[127.7603,37.4923],[127.7643,37.4925],[127.7654,37.4931],[127.7745,37.4916],[127.7763,37.4884],[127.778,37.4879],[127.7806,37.4882],[127.782,37.4816],[127.7879,37.476],[127.7949,37.4727],[127.7997,37.4722],[127.8007,37.47],[127.8006,37.4682],[127.7991,37.4656],[127.7977,37.465],[127.7963,37.4636],[127.7966,37.4598],[127.7996,37.4517],[127.7996,37.4462],[127.7986,37.4424],[127.8018,37.4353],[127.803,37.4343],[127.804,37.429],[127.802,37.4272],[127.7975,37.4266],[127.7946,37.4242],[127.7894,37.4069],[127.7879,37.4054],[127.7879,37.4013],[127.7837,37.3986],[127.7844,37.3958],[127.7824,37.3921],[127.7831,37.3903],[127.7809,37.3868],[127.7804,37.3868],[127.7766,37.3832],[127.7758,37.3784],[127.7772,37.3767],[127.7778,37.3712],[127.7699,37.3695],[127.7632,37.3699],[127.7595,37.367],[127.7545,37.3681],[127.7524,37.3692],[127.7458,37.3689],[127.7387,37.3714],[127.732,37.3757],[127.7283,37.3748],[127.7275,37.3734],[127.7239,37.3712],[127.7229,37.3716],[127.7183,37.3711],[127.7165,37.37],[127.711,37.3717],[127.7074,37.3701],[127.7013,37.3739],[127.7029,37.3806],[127.706,37.3832],[127.7037,37.3859],[127.7034,37.388],[127.704,37.3908],[127.7046,37.3926],[127.7144,37.3985],[127.7157,37.4016],[127.7136,37.4054],[127.7104,37.4066],[127.7078,37.4107],[127.7114,37.4166],[127.7122,37.4204],[127.7121,37.4236],[127.7054,37.4296],[127.702,37.4311],[127.6985,37.4361],[127.7047,37.4445],[127.7064,37.4487],[127.7042,37.4556],[127.7019,37.4601],[127.702,37.4637],[127.7004,37.4659],[127.6957,37.4681],[127.692,37.4678],[127.6902,37.4668],[127.686,37.4669],[127.6826,37.4677],[127.6803,37.47],[127.6793,37.4735],[127.6722,37.4786],[127.6722,37.4822],[127.6739,37.4842],[127.676,37.4847],[127.6782,37.4862],[127.6846,37.4964],[127.6839,37.4979],[127.6841,37.5028],[127.6901,37.5071],[127.6917,37.5161],[127.6999,37.5128],[127.7023,37.5149],[127.7084,37.5174],[127.7099,37.5146],[127.718,37.5125],[127.7199,37.5132],[127.7277,37.506],[127.7275,37.5033],[127.7339,37.5037],[127.7388,37.5049],[127.7429,37.5067],[127.7513,37.5035],[127.7594,37.5037]]]]}},{"type":"Feature","properties":{"c":"4183039500","n":"경기도 양평군 지평면","sg":"양평군","sd":"경기도","p":6535,"a":77.748,"d":84},"geometry":{"type":"MultiPolygon","coordinates":[[[[127.6455,37.5029],[127.6485,37.5028],[127.6522,37.5004],[127.6705,37.4969],[127.6729,37.4941],[127.6805,37.4895],[127.6779,37.4859],[127.6728,37.4833],[127.6719,37.4803],[127.6723,37.4785],[127.6793,37.4735],[127.6811,37.4691],[127.6827,37.4677],[127.686,37.4669],[127.6903,37.4668],[127.692,37.4678],[127.6957,37.4681],[127.7004,37.4659],[127.702,37.4637],[127.7019,37.4601],[127.7042,37.4556],[127.7064,37.4487],[127.7047,37.4445],[127.6985,37.4361],[127.702,37.4311],[127.7054,37.4296],[127.712,37.4238],[127.7121,37.4198],[127.7114,37.4166],[127.7078,37.4107],[127.7023,37.4081],[127.6987,37.4074],[127.6949,37.4034],[127.6868,37.3995],[127.6862,37.3995],[127.6862,37.4017],[127.6875,37.4112],[127.6851,37.4126],[127.6763,37.4128],[127.6684,37.4119],[127.6652,37.4143],[127.6602,37.4157],[127.6585,37.4175],[127.6541,37.4127],[127.6521,37.4076],[127.646,37.4046],[127.6429,37.406],[127.6414,37.4086],[127.6353,37.4135],[127.6266,37.4133],[127.6223,37.4097],[127.6203,37.409],[127.6169,37.4149],[127.6145,37.4147],[127.6111,37.4155],[127.609,37.4172],[127.6001,37.4206],[127.5943,37.4207],[127.5935,37.4198],[127.589,37.425],[127.5873,37.426],[127.5855,37.4288],[127.5845,37.4345],[127.5865,37.4376],[127.5887,37.4439],[127.5883,37.4472],[127.589,37.4484],[127.5947,37.4513],[127.601,37.4521],[127.6061,37.4514],[127.6149,37.4568],[127.6186,37.456],[127.6222,37.4568],[127.6224,37.4608],[127.6202,37.4679],[127.6199,37.4767],[127.6172,37.4815],[127.6148,37.4832],[127.6134,37.486],[127.614,37.4894],[127.6158,37.4903],[127.6208,37.4913],[127.6248,37.4953],[127.6257,37.4998],[127.625,37.5016],[127.6305,37.5057],[127.6333,37.5065],[127.6401,37.5021],[127.6455,37.5029]]]]}},{"type":"Feature","properties":{"c":"4183040000","n":"경기도 양평군 용문면","sg":"양평군","sd":"경기도","p":18670,"a":102.688,"d":182},"geometry":{"type":"MultiPolygon","coordinates":[[[[127.6455,37.5029],[127.6401,37.5021],[127.6333,37.5065],[127.6305,37.5057],[127.625,37.5016],[127.6257,37.4998],[127.6248,37.4953],[127.6208,37.4913],[127.6158,37.4903],[127.614,37.4894],[127.6134,37.486],[127.6148,37.4832],[127.6172,37.4815],[127.6199,37.4767],[127.6202,37.4679],[127.6224,37.4608],[127.6222,37.4568],[127.6186,37.456],[127.6147,37.4567],[127.6061,37.4514],[127.601,37.4521],[127.5947,37.4513],[127.5893,37.4486],[127.5883,37.4472],[127.5847,37.4506],[127.581,37.453],[127.5731,37.4559],[127.5715,37.4557],[127.5652,37.4573],[127.5577,37.4624],[127.5578,37.4704],[127.5585,37.4737],[127.5604,37.4763],[127.5606,37.4775],[127.5599,37.4791],[127.5554,37.4804],[127.5545,37.4802],[127.5533,37.4814],[127.5544,37.4902],[127.5527,37.4954],[127.5556,37.4988],[127.5489,37.5055],[127.5458,37.5047],[127.5368,37.507],[127.5356,37.511],[127.5359,37.5122],[127.5337,37.5162],[127.5313,37.5174],[127.5284,37.5179],[127.5267,37.5259],[127.528,37.5307],[127.5279,37.5408],[127.5296,37.5433],[127.5333,37.5469],[127.535,37.5506],[127.5406,37.5544],[127.5417,37.5576],[127.5431,37.5592],[127.5508,37.564],[127.5587,37.5672],[127.559,37.5686],[127.5631,37.5722],[127.5647,37.5761],[127.5723,37.5761],[127.5803,37.575],[127.5878,37.5755],[127.5925,37.5749],[127.5962,37.5759],[127.6022,37.5806],[127.6034,37.581],[127.6098,37.5806],[127.6131,37.5775],[127.614,37.5755],[127.6163,37.5739],[127.6185,37.5736],[127.6208,37.5741],[127.629,37.5715],[127.6314,37.5679],[127.6318,37.5647],[127.6339,37.5631],[127.6349,37.5614],[127.6341,37.5595],[127.6354,37.5538],[127.6386,37.5513],[127.6406,37.5484],[127.6416,37.5452],[127.6412,37.544],[127.6431,37.5428],[127.6467,37.542],[127.653,37.5383],[127.6531,37.5377],[127.6479,37.5344],[127.6448,37.5314],[127.641,37.5302],[127.6351,37.5254],[127.6307,37.5228],[127.6333,37.5213],[127.6339,37.5177],[127.6353,37.5152],[127.6377,37.5154],[127.6448,37.5097],[127.6455,37.5029]]]]}},{"type":"Feature","properties":{"c":"4183041000","n":"경기도 양평군 개군면","sg":"양평군","sd":"경기도","p":4998,"a":32.296,"d":155},"geometry":{"type":"MultiPolygon","coordinates":[[[[127.5575,37.463],[127.5648,37.4575],[127.5706,37.4559],[127.5731,37.4559],[127.581,37.453],[127.5847,37.4506],[127.5883,37.4472],[127.5887,37.4439],[127.5865,37.4376],[127.5845,37.4345],[127.5855,37.4288],[127.5906,37.4228],[127.5875,37.4199],[127.5884,37.417],[127.5856,37.4141],[127.5842,37.4142],[127.5832,37.417],[127.5819,37.4169],[127.5717,37.4116],[127.5712,37.4129],[127.5663,37.4138],[127.56,37.4175],[127.5561,37.4178],[127.5542,37.4173],[127.5512,37.4137],[127.5507,37.4114],[127.5492,37.4103],[127.544,37.41],[127.5402,37.4117],[127.537,37.4113],[127.5344,37.4193],[127.5267,37.4312],[127.521,37.4358],[127.5164,37.4377],[127.5104,37.4387],[127.508,37.4398],[127.5018,37.4454],[127.5006,37.4478],[127.5012,37.4491],[127.5034,37.4511],[127.5102,37.4557],[127.5128,37.4591],[127.5179,37.4624],[127.5212,37.4627],[127.5244,37.4641],[127.5283,37.4668],[127.5323,37.4712],[127.5372,37.4698],[127.5428,37.4672],[127.5515,37.4619],[127.5575,37.463]]]]}},{"type":"Feature","properties":{"c":"4145056000","n":"경기도 하남시 덕풍3동","sg":"하남시","sd":"경기도","p":27474,"a":2.146,"d":12805},"geometry":{"type":"MultiPolygon","coordinates":[[[[127.2132,37.5537],[127.2104,37.5524],[127.2128,37.5512],[127.2127,37.549],[127.2069,37.5427],[127.2064,37.5407],[127.2044,37.5396],[127.204,37.5382],[127.2026,37.5388],[127.2015,37.54],[127.2039,37.5431],[127.2005,37.5462],[127.1985,37.5471],[127.1986,37.549],[127.1977,37.549],[127.1992,37.5528],[127.1983,37.5532],[127.1969,37.5515],[127.1936,37.5523],[127.1929,37.5535],[127.1977,37.5556],[127.2057,37.5619],[127.2132,37.5537]]]]}},{"type":"Feature","properties":{"c":"4145058500","n":"경기도 하남시 위례동","sg":"하남시","sd":"경기도","p":35230,"a":4.409,"d":7991},"geometry":{"type":"MultiPolygon","coordinates":[[[[127.1758,37.4853],[127.1758,37.4768],[127.1778,37.4749],[127.1809,37.4738],[127.1811,37.4733],[127.18,37.4738],[127.1777,37.4734],[127.1707,37.4699],[127.1646,37.4691],[127.1622,37.4704],[127.1628,37.4713],[127.1544,37.4717],[127.1545,37.4737],[127.1434,37.4741],[127.1442,37.4773],[127.1474,37.4772],[127.1477,37.4818],[127.1498,37.4853],[127.1576,37.4891],[127.1577,37.4902],[127.1612,37.488],[127.166,37.4865],[127.1653,37.4859],[127.1758,37.4853]]]]}},{"type":"Feature","properties":{"c":"4113162500","n":"경기도 성남시수정구 위례동","sg":"성남시수정구","sd":"경기도","p":45105,"a":3.1,"d":14549},"geometry":{"type":"MultiPolygon","coordinates":[[[[127.1646,37.4691],[127.1597,37.4655],[127.1608,37.4643],[127.153,37.4634],[127.1511,37.462],[127.1505,37.4568],[127.1495,37.4568],[127.1472,37.4595],[127.1383,37.4644],[127.1306,37.4676],[127.1327,37.4682],[127.1319,37.4697],[127.1326,37.4748],[127.1545,37.4737],[127.1544,37.4717],[127.1628,37.4713],[127.1622,37.4704],[127.1646,37.4691]]]]}},{"type":"Feature","properties":{"c":"4111367000","n":"경기도 수원시권선구 권선1동","sg":"수원시권선구","sd":"경기도","p":23869,"a":1.243,"d":19207},"geometry":{"type":"MultiPolygon","coordinates":[[[[127.0207,37.2645],[127.0313,37.2615],[127.0305,37.2582],[127.0367,37.2565],[127.0395,37.2542],[127.037,37.2524],[127.017,37.2574],[127.0207,37.2645]]]]}},{"type":"Feature","properties":{"c":"2827553900","n":"인천광역시 서해구 청라3동","sg":"서해구","sd":"인천광역시","p":37051,"a":12.204,"d":3036},"geometry":{"type":"MultiPolygon","coordinates":[[[[126.6322,37.5504],[126.6319,37.5298],[126.6343,37.5221],[126.6362,37.52],[126.6344,37.52],[126.6328,37.5192],[126.6332,37.5174],[126.6327,37.516],[126.6277,37.5135],[126.6257,37.5131],[126.6236,37.5136],[126.6183,37.5112],[126.6141,37.512],[126.6135,37.5128],[126.6109,37.5129],[126.6041,37.5101],[126.6045,37.512],[126.6033,37.5132],[126.6028,37.5161],[126.602,37.5161],[126.6019,37.5169],[126.6026,37.5171],[126.6027,37.527],[126.6109,37.5273],[126.611,37.5278],[126.6027,37.5278],[126.6025,37.5333],[126.5994,37.5334],[126.5991,37.5392],[126.6051,37.5393],[126.6054,37.5493],[126.6059,37.5504],[126.6048,37.5528],[126.6066,37.5537],[126.6098,37.5511],[126.6105,37.5523],[126.6293,37.557],[126.6354,37.5585],[126.6376,37.5581],[126.6322,37.5504]]]]}},{"type":"Feature","properties":{"c":"4161037000","n":"경기도 광주시 남한산성면","sg":"광주시","sd":"경기도","p":2179,"a":33.191,"d":66},"geometry":{"type":"MultiPolygon","coordinates":[[[[127.1787,37.4852],[127.1832,37.4836],[127.1855,37.481],[127.1884,37.4803],[127.1924,37.4807],[127.198,37.4796],[127.2013,37.4804],[127.2026,37.4817],[127.2041,37.4806],[127.2068,37.4803],[127.2157,37.4823],[127.2262,37.4797],[127.2383,37.4749],[127.2404,37.4756],[127.2417,37.4769],[127.2462,37.4778],[127.247,37.4806],[127.2483,37.4819],[127.2538,37.4846],[127.2557,37.4819],[127.2572,37.4782],[127.2573,37.476],[127.2588,37.4744],[127.2607,37.4702],[127.2614,37.4665],[127.2606,37.4654],[127.2601,37.4614],[127.2616,37.4594],[127.2637,37.4592],[127.2691,37.4559],[127.27,37.4559],[127.2736,37.4602],[127.2778,37.4599],[127.2814,37.4582],[127.2831,37.456],[127.2831,37.4519],[127.2867,37.4471],[127.2913,37.4452],[127.2919,37.4438],[127.3028,37.4438],[127.2993,37.4423],[127.2981,37.4406],[127.2979,37.4377],[127.2941,37.4344],[127.2868,37.4334],[127.2847,37.4321],[127.2812,37.431],[127.2795,37.4315],[127.2765,37.4311],[127.2728,37.4286],[127.27,37.432],[127.2695,37.4347],[127.2626,37.4375],[127.2541,37.437],[127.2522,37.4381],[127.2513,37.4393],[127.2512,37.4411],[127.2497,37.4436],[127.2481,37.4447],[127.2475,37.4503],[127.2456,37.4528],[127.2474,37.4573],[127.2455,37.4575],[127.2408,37.4561],[127.2381,37.4529],[127.2368,37.4463],[127.2336,37.4447],[127.2302,37.4442],[127.2287,37.4447],[127.2256,37.4447],[127.2231,37.4444],[127.2222,37.4437],[127.2189,37.4435],[127.2103,37.4458],[127.202,37.4459],[127.1957,37.4451],[127.1936,37.4526],[127.191,37.4574],[127.1896,37.4582],[127.1834,37.4591],[127.1816,37.4605],[127.182,37.4679],[127.1811,37.4733],[127.1809,37.4738],[127.1778,37.4749],[127.1758,37.4768],[127.1756,37.4781],[127.1758,37.4853],[127.1787,37.4852]]]]}},{"type":"Feature","properties":{"c":"4111758500","n":"경기도 수원시영통구 영통3동","sg":"수원시영통구","sd":"경기도","p":31341,"a":1.702,"d":18412},"geometry":{"type":"MultiPolygon","coordinates":[[[[127.07,37.2572],[127.0727,37.2576],[127.0801,37.2532],[127.0808,37.2546],[127.0824,37.2545],[127.0818,37.2527],[127.0826,37.2516],[127.0819,37.2509],[127.0825,37.2501],[127.08,37.2475],[127.0755,37.2474],[127.071,37.2466],[127.0669,37.2442],[127.0644,37.2438],[127.068,37.248],[127.0609,37.2522],[127.0647,37.2562],[127.063,37.2573],[127.0652,37.2583],[127.0658,37.2571],[127.07,37.2572]]]]}},{"type":"Feature","properties":{"c":"4159151000","n":"경기도 화성시만세구 새솔동","sg":"화성시만세구","sd":"경기도","p":27047,"a":3.271,"d":8269},"geometry":{"type":"MultiPolygon","coordinates":[[[[126.8046,37.2932],[126.8117,37.2934],[126.8146,37.2928],[126.8193,37.2905],[126.8235,37.2864],[126.8256,37.2811],[126.8281,37.2771],[126.8356,37.2766],[126.8373,37.2749],[126.8375,37.2722],[126.8395,37.2696],[126.8414,37.2677],[126.8452,37.2659],[126.8466,37.2641],[126.8452,37.2609],[126.8458,37.2598],[126.8449,37.2598],[126.8446,37.2609],[126.8442,37.2629],[126.845,37.2635],[126.8412,37.2663],[126.8374,37.2707],[126.8355,37.271],[126.8312,37.2737],[126.8289,37.2707],[126.8271,37.2707],[126.82,37.2759],[126.816,37.2779],[126.8148,37.2778],[126.8118,37.279],[126.8098,37.2806],[126.811,37.2833],[126.812,37.2832],[126.812,37.284],[126.8137,37.2846],[126.8127,37.2861],[126.8106,37.2868],[126.8069,37.2848],[126.8049,37.2845],[126.8045,37.2837],[126.8046,37.2932]]]]}},{"type":"Feature","properties":{"c":"4159755000","n":"경기도 화성시동탄구 동탄5동","sg":"화성시동탄구","sd":"경기도","p":47904,"a":11.351,"d":4220},"geometry":{"type":"MultiPolygon","coordinates":[[[[127.089,37.2164],[127.0956,37.2183],[127.1046,37.2199],[127.1152,37.2191],[127.1174,37.22],[127.1362,37.2156],[127.14,37.2175],[127.1443,37.2186],[127.1496,37.219],[127.1516,37.2185],[127.1517,37.2141],[127.1578,37.2072],[127.1559,37.206],[127.1554,37.2035],[127.1543,37.2021],[127.1534,37.2019],[127.1523,37.2],[127.1523,37.1983],[127.1504,37.1982],[127.1488,37.1971],[127.1447,37.1969],[127.1441,37.1963],[127.139,37.1962],[127.1379,37.1954],[127.1359,37.1954],[127.1339,37.1965],[127.1315,37.1957],[127.1315,37.198],[127.1304,37.2013],[127.1209,37.2019],[127.1212,37.2027],[127.1162,37.2037],[127.1098,37.2033],[127.0989,37.2047],[127.0863,37.2047],[127.0865,37.2067],[127.0846,37.2097],[127.0876,37.2135],[127.089,37.2164]]]]}},{"type":"Feature","properties":{"c":"4159754000","n":"경기도 화성시동탄구 동탄4동","sg":"화성시동탄구","sd":"경기도","p":52625,"a":4.239,"d":12414},"geometry":{"type":"MultiPolygon","coordinates":[[[[127.0989,37.2047],[127.1098,37.2033],[127.1162,37.2037],[127.1212,37.2027],[127.1209,37.2019],[127.1304,37.2013],[127.1315,37.198],[127.1315,37.1957],[127.1251,37.196],[127.1246,37.1951],[127.1228,37.1951],[127.1196,37.1935],[127.1214,37.1912],[127.1193,37.1897],[127.1166,37.1891],[127.116,37.1894],[127.1155,37.1888],[127.1158,37.1864],[127.114,37.1856],[127.1132,37.184],[127.1084,37.1843],[127.1048,37.1853],[127.1027,37.1866],[127.1042,37.1894],[127.104,37.1902],[127.1032,37.1896],[127.1001,37.1896],[127.0988,37.1909],[127.0989,37.2047]]]]}},{"type":"Feature","properties":{"c":"4139059700","n":"경기도 시흥시 배곧2동","sg":"시흥시","sd":"경기도","p":35402,"a":2.455,"d":14422},"geometry":{"type":"MultiPolygon","coordinates":[[[[126.7165,37.3719],[126.7232,37.368],[126.727,37.3722],[126.7342,37.3681],[126.7143,37.3571],[126.7118,37.3588],[126.7082,37.3563],[126.7064,37.353],[126.7032,37.3513],[126.7002,37.354],[126.7005,37.3547],[126.7165,37.3719]]]]}},{"type":"Feature","properties":{"c":"2820065000","n":"인천광역시 남동구 장수서창동","sg":"남동구","sd":"인천광역시","p":18083,"a":11.584,"d":1561},"geometry":{"type":"MultiPolygon","coordinates":[[[[126.761,37.4263],[126.7621,37.4271],[126.7601,37.4287],[126.7592,37.4322],[126.7418,37.4328],[126.7432,37.4341],[126.7436,37.4354],[126.7435,37.4383],[126.7428,37.4388],[126.7467,37.4414],[126.7493,37.4419],[126.7504,37.4447],[126.75,37.4452],[126.7464,37.4456],[126.7447,37.4476],[126.7402,37.448],[126.7427,37.4507],[126.743,37.4569],[126.7423,37.4594],[126.7436,37.4603],[126.7424,37.4627],[126.7441,37.4652],[126.7451,37.4654],[126.746,37.4648],[126.7487,37.4659],[126.7517,37.4652],[126.7545,37.4657],[126.7569,37.4692],[126.7626,37.4702],[126.7664,37.4699],[126.7677,37.4718],[126.773,37.4723],[126.7746,37.4714],[126.7771,37.4722],[126.7782,37.4718],[126.778,37.47],[126.7794,37.4684],[126.7798,37.4658],[126.7774,37.4575],[126.7783,37.4551],[126.7798,37.4544],[126.7792,37.4527],[126.7783,37.4508],[126.7717,37.4503],[126.7707,37.4485],[126.7688,37.4429],[126.7713,37.4352],[126.7713,37.4314],[126.7704,37.429],[126.769,37.4273],[126.7674,37.4266],[126.7638,37.4258],[126.761,37.4263]]]]}},{"type":"Feature","properties":{"c":"2818583000","n":"인천광역시 연수구 송도2동","sg":"연수구","sd":"인천광역시","p":37380,"a":3.74,"d":9994},"geometry":{"type":"MultiPolygon","coordinates":[[[[126.6396,37.3859],[126.6248,37.4091],[126.6299,37.4101],[126.6318,37.4115],[126.6331,37.4164],[126.6342,37.4178],[126.6333,37.4121],[126.6346,37.4095],[126.6386,37.4077],[126.6424,37.4078],[126.6438,37.4064],[126.6463,37.4084],[126.6551,37.4006],[126.6396,37.3859]]]]}},{"type":"Feature","properties":{"c":"4111759600","n":"경기도 수원시영통구 망포2동","sg":"수원시영통구","sd":"경기도","p":38210,"a":1.519,"d":25154},"geometry":{"type":"MultiPolygon","coordinates":[[[[127.053,37.2455],[127.0569,37.2457],[127.0553,37.2426],[127.056,37.2392],[127.0519,37.2391],[127.0519,37.2345],[127.0459,37.2328],[127.045,37.2332],[127.0445,37.2343],[127.0416,37.2352],[127.0391,37.2372],[127.042,37.2451],[127.053,37.2455]]]]}},{"type":"Feature","properties":{"c":"4159757000","n":"경기도 화성시동탄구 동탄7동","sg":"화성시동탄구","sd":"경기도","p":57461,"a":4.753,"d":12089},"geometry":{"type":"MultiPolygon","coordinates":[[[[127.1115,37.18],[127.1137,37.1794],[127.1165,37.1798],[127.122,37.1792],[127.1243,37.1797],[127.1261,37.1794],[127.1242,37.1733],[127.1238,37.1688],[127.1244,37.1681],[127.1265,37.1699],[127.1265,37.1709],[127.1276,37.1708],[127.1278,37.169],[127.1326,37.1682],[127.1338,37.1649],[127.1291,37.162],[127.1242,37.163],[127.1219,37.1626],[127.1154,37.1641],[127.1145,37.166],[127.1035,37.1657],[127.1,37.1648],[127.091,37.1648],[127.0957,37.1749],[127.0981,37.1774],[127.1035,37.1778],[127.1115,37.18]]]]}},{"type":"Feature","properties":{"c":"4157057500","n":"경기도 김포시 마산동","sg":"김포시","sd":"경기도","p":35475,"a":3.17,"d":11189},"geometry":{"type":"MultiPolygon","coordinates":[[[[126.6397,37.6496],[126.6411,37.6498],[126.6425,37.6474],[126.6441,37.6461],[126.6479,37.6448],[126.6505,37.6451],[126.6525,37.6411],[126.655,37.6396],[126.6565,37.6394],[126.6563,37.6383],[126.6553,37.6378],[126.6534,37.6383],[126.6525,37.6396],[126.6516,37.6388],[126.6517,37.6352],[126.6476,37.6287],[126.6449,37.6286],[126.6416,37.6317],[126.6366,37.6338],[126.6277,37.6354],[126.6272,37.6368],[126.6313,37.6376],[126.6296,37.6435],[126.6339,37.6447],[126.6336,37.6477],[126.6397,37.6496]]]]}},{"type":"Feature","properties":{"c":"4122063500","n":"경기도 평택시 용이동","sg":"평택시","sd":"경기도","p":25428,"a":2.678,"d":9493},"geometry":{"type":"MultiPolygon","coordinates":[[[[127.1362,36.9934],[127.1346,36.9929],[127.1306,36.9933],[127.127,37.0013],[127.1316,37.0036],[127.1338,37.0038],[127.1363,37.0065],[127.1408,37.0087],[127.145,37.0093],[127.1462,37.0105],[127.1489,37.0082],[127.1511,37.0025],[127.1523,37.0026],[127.1539,36.9978],[127.1491,36.9978],[127.1448,36.9972],[127.1417,36.9951],[127.1362,36.9934]]]]}},{"type":"Feature","properties":{"c":"4159758000","n":"경기도 화성시동탄구 동탄8동","sg":"화성시동탄구","sd":"경기도","p":40539,"a":6.578,"d":6163},"geometry":{"type":"MultiPolygon","coordinates":[[[[127.089,37.1605],[127.091,37.1648],[127.1,37.1648],[127.1035,37.1657],[127.1145,37.166],[127.1154,37.1641],[127.1219,37.1626],[127.1242,37.163],[127.1291,37.162],[127.1279,37.1599],[127.1288,37.1585],[127.1306,37.1519],[127.1295,37.1488],[127.1271,37.1456],[127.119,37.1438],[127.1141,37.1446],[127.1109,37.1438],[127.1092,37.1427],[127.104,37.142],[127.1036,37.1436],[127.1009,37.1461],[127.0992,37.1512],[127.0978,37.1517],[127.0987,37.1531],[127.098,37.1559],[127.0939,37.1595],[127.0916,37.1595],[127.089,37.1605]]]]}},{"type":"Feature","properties":{"c":"1153078000","n":"서울특별시 구로구 오류2동","sg":"구로구","sd":"서울특별시","p":35381,"a":3.084,"d":11471},"geometry":{"type":"MultiPolygon","coordinates":[[[[126.8318,37.4776],[126.8326,37.479],[126.8321,37.4808],[126.8308,37.4812],[126.8321,37.4839],[126.8304,37.4844],[126.8299,37.4855],[126.8289,37.4858],[126.8278,37.4882],[126.8241,37.4888],[126.827,37.4912],[126.8268,37.4932],[126.8381,37.4932],[126.8441,37.4938],[126.8486,37.4952],[126.8481,37.4905],[126.8464,37.4891],[126.8447,37.4865],[126.8458,37.4855],[126.8499,37.4839],[126.8483,37.4824],[126.8465,37.4817],[126.8453,37.4738],[126.8428,37.4749],[126.841,37.4746],[126.8388,37.4755],[126.8358,37.4753],[126.8318,37.4776]]]]}},{"type":"Feature","properties":{"c":"4115057800","n":"경기도 의정부시 송산3동","sg":"의정부시","sd":"경기도","p":44519,"a":8.966,"d":4966},"geometry":{"type":"MultiPolygon","coordinates":[[[[127.1053,37.7408],[127.1016,37.7431],[127.1004,37.7418],[127.0918,37.7461],[127.0863,37.7454],[127.0846,37.7458],[127.0831,37.7504],[127.085,37.751],[127.0853,37.7522],[127.0875,37.7542],[127.0899,37.7531],[127.0952,37.7539],[127.1034,37.7572],[127.105,37.7587],[127.1045,37.7623],[127.1085,37.7654],[127.1105,37.768],[127.1126,37.7691],[127.1138,37.7684],[127.1151,37.7653],[127.1222,37.7654],[127.1254,37.7633],[127.127,37.7636],[127.1334,37.7623],[127.1397,37.7641],[127.1467,37.7548],[127.142,37.7499],[127.1425,37.7478],[127.1383,37.7473],[127.1362,37.7493],[127.1347,37.7493],[127.1285,37.7478],[127.1282,37.7471],[127.1153,37.746],[127.1053,37.7408]]]]}},{"type":"Feature","properties":{"c":"4146351600","n":"경기도 용인시기흥구 영덕1동","sg":"용인시기흥구","sd":"경기도","p":34367,"a":4.01,"d":8571},"geometry":{"type":"MultiPolygon","coordinates":[[[[127.0998,37.2701],[127.0993,37.2697],[127.0899,37.2714],[127.0872,37.2712],[127.0775,37.267],[127.0776,37.2657],[127.076,37.2657],[127.0776,37.2635],[127.0769,37.2614],[127.0759,37.2615],[127.0752,37.2624],[127.0749,37.2645],[127.0736,37.2661],[127.0699,37.2667],[127.0685,37.2687],[127.065,37.2702],[127.0647,37.2711],[127.0679,37.2745],[127.0695,37.2787],[127.0754,37.2822],[127.0817,37.2846],[127.0841,37.2863],[127.0865,37.2861],[127.0886,37.2869],[127.0935,37.2864],[127.096,37.284],[127.096,37.2833],[127.095,37.2828],[127.0935,37.2841],[127.0914,37.2844],[127.0878,37.283],[127.0908,37.2783],[127.0938,37.277],[127.0957,37.2741],[127.0991,37.2725],[127.0998,37.2701]]]]}},{"type":"Feature","properties":{"c":"4146353000","n":"경기도 용인시기흥구 상갈동","sg":"용인시기흥구","sd":"경기도","p":12478,"a":1.965,"d":6349},"geometry":{"type":"MultiPolygon","coordinates":[[[[127.1268,37.266],[127.1235,37.2637],[127.1191,37.2643],[127.1178,37.2635],[127.1178,37.2626],[127.1151,37.2608],[127.1142,37.2613],[127.1132,37.2606],[127.1121,37.2611],[127.1068,37.261],[127.1044,37.26],[127.1042,37.2612],[127.1033,37.2613],[127.102,37.261],[127.0998,37.2589],[127.0982,37.26],[127.1015,37.2684],[127.1038,37.2695],[127.113,37.2719],[127.1166,37.2716],[127.1172,37.2712],[127.1174,37.2695],[127.1268,37.266]]]]}},{"type":"Feature","properties":{"c":"4146357500","n":"경기도 용인시기흥구 동백2동","sg":"용인시기흥구","sd":"경기도","p":25953,"a":4.864,"d":5335},"geometry":{"type":"MultiPolygon","coordinates":[[[[127.1519,37.2791],[127.1547,37.2776],[127.1575,37.2804],[127.1595,37.2792],[127.1601,37.2794],[127.1612,37.278],[127.1649,37.2757],[127.1692,37.2753],[127.1717,37.2756],[127.1737,37.2741],[127.1721,37.2697],[127.1741,37.2601],[127.1751,37.2583],[127.1701,37.255],[127.1661,37.2542],[127.1627,37.2546],[127.1595,37.2541],[127.1591,37.2534],[127.1571,37.2537],[127.1564,37.257],[127.1487,37.2647],[127.1521,37.2681],[127.1498,37.2716],[127.1481,37.276],[127.1519,37.2791]]]]}},{"type":"Feature","properties":{"c":"4146357200","n":"경기도 용인시기흥구 동백1동","sg":"용인시기흥구","sd":"경기도","p":30783,"a":4.149,"d":7420},"geometry":{"type":"MultiPolygon","coordinates":[[[[127.1737,37.2741],[127.1717,37.2756],[127.1692,37.2753],[127.1649,37.2757],[127.1612,37.278],[127.1601,37.2794],[127.1595,37.2792],[127.1575,37.2804],[127.1547,37.2776],[127.1519,37.2791],[127.1521,37.2808],[127.1496,37.2903],[127.1547,37.2911],[127.1566,37.292],[127.161,37.2924],[127.1634,37.295],[127.1672,37.3017],[127.1701,37.2997],[127.1716,37.2964],[127.1718,37.294],[127.1705,37.2919],[127.1744,37.2896],[127.1771,37.285],[127.1769,37.282],[127.1737,37.2741]]]]}},{"type":"Feature","properties":{"c":"4145058200","n":"경기도 하남시 감일동","sg":"하남시","sd":"경기도","p":39567,"a":6.17,"d":6413},"geometry":{"type":"MultiPolygon","coordinates":[[[[127.1411,37.5156],[127.1486,37.515],[127.1519,37.5154],[127.1524,37.513],[127.1652,37.5147],[127.1682,37.5126],[127.1774,37.5039],[127.1769,37.5019],[127.1752,37.4998],[127.1763,37.4968],[127.1764,37.4901],[127.1791,37.4865],[127.1787,37.4852],[127.1653,37.4859],[127.166,37.4865],[127.1612,37.488],[127.1577,37.4902],[127.16,37.4942],[127.1601,37.4972],[127.1614,37.5003],[127.1576,37.5031],[127.1565,37.5019],[127.1519,37.5031],[127.1501,37.5045],[127.1477,37.5033],[127.1456,37.5034],[127.1411,37.5055],[127.1413,37.5069],[127.14,37.5086],[127.1402,37.5098],[127.1411,37.5123],[127.1435,37.5127],[127.1433,37.514],[127.1411,37.5156]]]]}},{"type":"Feature","properties":{"c":"2818586000","n":"인천광역시 연수구 송도5동","sg":"연수구","sd":"인천광역시","p":46745,"a":8.629,"d":5417},"geometry":{"type":"MultiPolygon","coordinates":[[[[126.6346,37.4095],[126.6333,37.4121],[126.6342,37.4178],[126.6331,37.4164],[126.6325,37.4126],[126.6299,37.4101],[126.6098,37.4066],[126.6097,37.4161],[126.5968,37.416],[126.5903,37.4191],[126.5898,37.4331],[126.6079,37.4271],[126.6109,37.427],[126.6109,37.4299],[126.635,37.43],[126.639,37.416],[126.6411,37.413],[126.6463,37.4084],[126.6438,37.4064],[126.6424,37.4078],[126.6386,37.4077],[126.6346,37.4095]]]]}},{"type":"Feature","properties":{"c":"4161054000","n":"경기도 광주시 쌍령동","sg":"광주시","sd":"경기도","p":16993,"a":3.364,"d":5052},"geometry":{"type":"MultiPolygon","coordinates":[[[[127.2624,37.4025],[127.2636,37.4067],[127.2623,37.4083],[127.2621,37.411],[127.2642,37.4119],[127.2659,37.4139],[127.275,37.4164],[127.274,37.4112],[127.2745,37.4098],[127.2796,37.4052],[127.2802,37.403],[127.2844,37.3986],[127.2785,37.3964],[127.2761,37.3937],[127.2705,37.3918],[127.2689,37.3899],[127.2669,37.3889],[127.2641,37.3908],[127.2639,37.4022],[127.2624,37.4025]]]]}},{"type":"Feature","properties":{"c":"4161052000","n":"경기도 광주시 송정동","sg":"광주시","sd":"경기도","p":24001,"a":5.094,"d":4711},"geometry":{"type":"MultiPolygon","coordinates":[[[[127.2517,37.4165],[127.253,37.4174],[127.2547,37.4173],[127.2551,37.419],[127.2521,37.4197],[127.2501,37.4219],[127.2485,37.425],[127.2484,37.4269],[127.2509,37.431],[127.2508,37.4347],[127.2535,37.4371],[127.2626,37.4375],[127.2695,37.4347],[127.27,37.432],[127.2728,37.4286],[127.2715,37.426],[127.279,37.4231],[127.2815,37.4205],[127.2816,37.4199],[127.2776,37.4186],[127.275,37.4164],[127.263,37.4133],[127.257,37.4138],[127.2569,37.4144],[127.2517,37.4165]]]]}},{"type":"Feature","properties":{"c":"4161056000","n":"경기도 광주시 광남1동","sg":"광주시","sd":"경기도","p":31023,"a":26.265,"d":1181},"geometry":{"type":"MultiPolygon","coordinates":[[[[127.238,37.3815],[127.2374,37.3857],[127.2393,37.3871],[127.2401,37.3885],[127.2396,37.3891],[127.2375,37.3881],[127.2312,37.3889],[127.2262,37.3919],[127.2237,37.3925],[127.2201,37.3906],[127.2179,37.388],[127.2223,37.3862],[127.2188,37.3797],[127.2193,37.3781],[127.2161,37.3788],[127.2122,37.3778],[127.2083,37.378],[127.2053,37.3754],[127.2013,37.3733],[127.1977,37.3732],[127.1926,37.3708],[127.1879,37.3699],[127.1853,37.3716],[127.1849,37.374],[127.1826,37.3769],[127.1784,37.3781],[127.1788,37.3818],[127.1767,37.3851],[127.1768,37.3872],[127.1683,37.3927],[127.1684,37.3949],[127.1708,37.3979],[127.1719,37.4015],[127.1772,37.409],[127.1779,37.4127],[127.177,37.4146],[127.179,37.4158],[127.1803,37.4159],[127.1829,37.4149],[127.1849,37.4153],[127.1857,37.4187],[127.1914,37.4221],[127.1946,37.4254],[127.2086,37.4246],[127.2143,37.4235],[127.2209,37.4207],[127.2205,37.4201],[127.2181,37.4192],[127.2224,37.4117],[127.2339,37.4091],[127.2376,37.4089],[127.2387,37.4076],[127.2448,37.4074],[127.2458,37.4044],[127.2422,37.404],[127.2413,37.4015],[127.2486,37.3955],[127.2492,37.3939],[127.252,37.3923],[127.2475,37.389],[127.246,37.3861],[127.2433,37.3833],[127.238,37.3815]]]]}},{"type":"Feature","properties":{"c":"2829057000","n":"인천광역시 검단구 아라1동","sg":"검단구","sd":"인천광역시","p":46982,"a":2.401,"d":19567},"geometry":{"type":"MultiPolygon","coordinates":[[[[126.7025,37.5931],[126.7066,37.5916],[126.713,37.5922],[126.7219,37.5959],[126.7251,37.592],[126.7209,37.5889],[126.7178,37.5853],[126.7182,37.5829],[126.7177,37.5815],[126.7163,37.5794],[126.7133,37.5777],[126.7037,37.5803],[126.701,37.5821],[126.703,37.5865],[126.7028,37.5877],[126.7041,37.5879],[126.7035,37.5891],[126.7039,37.5904],[126.7027,37.5913],[126.7024,37.5906],[126.7013,37.5903],[126.6997,37.5919],[126.7009,37.5932],[126.7025,37.5931]]]]}},{"type":"Feature","properties":{"c":"1174051500","n":"서울특별시 강동구 강일동","sg":"강동구","sd":"서울특별시","p":34193,"a":2.192,"d":15602},"geometry":{"type":"MultiPolygon","coordinates":[[[[127.1819,37.5589],[127.1758,37.5575],[127.1715,37.5573],[127.1705,37.5624],[127.1734,37.5637],[127.1654,37.5739],[127.1623,37.5764],[127.1666,37.5789],[127.174,37.5796],[127.1777,37.5808],[127.1755,37.5784],[127.1758,37.5748],[127.1791,37.5691],[127.1798,37.5651],[127.182,37.5609],[127.1819,37.5589]]]]}},{"type":"Feature","properties":{"c":"2812557000","n":"인천광역시 제물포구 개항동","sg":"제물포구","sd":"인천광역시","p":6424,"a":2.934,"d":2190},"geometry":{"type":"MultiPolygon","coordinates":[[[[126.6271,37.4794],[126.6242,37.4795],[126.6228,37.4777],[126.6226,37.4755],[126.6158,37.4746],[126.6155,37.4731],[126.6171,37.471],[126.6163,37.4699],[126.6155,37.4702],[126.6123,37.477],[126.61,37.4764],[126.6111,37.4739],[126.6095,37.4735],[126.6084,37.476],[126.6071,37.4756],[126.6099,37.4692],[126.608,37.4672],[126.6033,37.4655],[126.6,37.4661],[126.5975,37.4699],[126.5958,37.4706],[126.5956,37.4718],[126.5977,37.4773],[126.6005,37.4815],[126.6062,37.4863],[126.6081,37.4868],[126.6098,37.4829],[126.6046,37.4813],[126.6051,37.4802],[126.612,37.4821],[126.6137,37.4789],[126.6142,37.4791],[126.6127,37.4824],[126.6168,37.4836],[126.6204,37.4807],[126.6242,37.4812],[126.628,37.4792],[126.6271,37.4794]]]]}},{"type":"Feature","properties":{"c":"4141061000","n":"경기도 군포시 대야동","sg":"군포시","sd":"경기도","p":8878,"a":12.5,"d":710},"geometry":{"type":"MultiPolygon","coordinates":[[[[126.9241,37.3319],[126.9217,37.3302],[126.9176,37.3241],[126.9142,37.3159],[126.9128,37.3156],[126.9104,37.3168],[126.9109,37.3178],[126.9077,37.3219],[126.895,37.3192],[126.8939,37.3198],[126.8915,37.3198],[126.8877,37.3179],[126.8832,37.3209],[126.8816,37.3208],[126.8781,37.3195],[126.8742,37.3209],[126.8746,37.3221],[126.8734,37.3231],[126.8727,37.3263],[126.874,37.3299],[126.8767,37.3326],[126.8792,37.3328],[126.8807,37.3335],[126.8854,37.3382],[126.8868,37.3403],[126.8877,37.3436],[126.8873,37.3467],[126.8887,37.3494],[126.8919,37.3514],[126.8937,37.3537],[126.894,37.3556],[126.8972,37.3581],[126.9012,37.3568],[126.9041,37.357],[126.9055,37.3588],[126.9101,37.3522],[126.9093,37.3454],[126.9154,37.3414],[126.9229,37.3406],[126.9244,37.3412],[126.9271,37.3404],[126.9277,37.3371],[126.924,37.3331],[126.9241,37.3319]]]]}},{"type":"Feature","properties":{"c":"4141052000","n":"경기도 군포시 군포2동","sg":"군포시","sd":"경기도","p":40224,"a":3.229,"d":12458},"geometry":{"type":"MultiPolygon","coordinates":[[[[126.9478,37.3308],[126.9444,37.3312],[126.9411,37.3345],[126.9366,37.3351],[126.9347,37.3358],[126.9241,37.3319],[126.924,37.3331],[126.9277,37.3371],[126.9271,37.3404],[126.9286,37.3414],[126.929,37.3435],[126.9341,37.3498],[126.937,37.3512],[126.9496,37.3507],[126.9502,37.3502],[126.9496,37.347],[126.9484,37.3453],[126.9479,37.3416],[126.9478,37.3308]]]]}},{"type":"Feature","properties":{"c":"4141063000","n":"경기도 군포시 송부동","sg":"군포시","sd":"경기도","p":20115,"a":5.744,"d":3502},"geometry":{"type":"MultiPolygon","coordinates":[[[[126.9274,37.3331],[126.9347,37.3358],[126.9366,37.3351],[126.9411,37.3345],[126.9444,37.3312],[126.9478,37.3308],[126.947,37.3248],[126.9451,37.3203],[126.9407,37.3212],[126.9388,37.3224],[126.9371,37.3223],[126.9356,37.3217],[126.9322,37.3184],[126.9296,37.317],[126.9303,37.3128],[126.9329,37.3086],[126.9324,37.3074],[126.9248,37.3068],[126.9209,37.3056],[126.9162,37.3052],[126.9153,37.3056],[126.9143,37.3109],[126.9155,37.3151],[126.9142,37.3159],[126.9154,37.3196],[126.9176,37.3241],[126.9217,37.3302],[126.9234,37.3317],[126.9274,37.3331]]]]}},{"type":"Feature","properties":{"c":"4148039000","n":"경기도 파주시 장단면","sg":"파주시","sd":"경기도","p":690,"a":145.208,"d":5},"geometry":{"type":"MultiPolygon","coordinates":[[[[126.7339,37.8912],[126.7331,37.8885],[126.7333,37.8858],[126.7358,37.8824],[126.7411,37.8779],[126.7521,37.8628],[126.7577,37.8565],[126.7578,37.852],[126.7563,37.8507],[126.7503,37.848],[126.7438,37.8483],[126.7296,37.8441],[126.7147,37.8432],[126.7109,37.8445],[126.7078,37.8449],[126.7041,37.8443],[126.6924,37.8412],[126.6718,37.8329],[126.6714,37.8347],[126.6689,37.8347],[126.6599,37.839],[126.6593,37.8402],[126.661,37.8436],[126.665,37.8432],[126.671,37.8458],[126.6762,37.844],[126.6796,37.846],[126.6801,37.8472],[126.6799,37.8517],[126.6859,37.8587],[126.6922,37.8684],[126.6834,37.874],[126.6815,37.8728],[126.6801,37.8703],[126.6726,37.8701],[126.6752,37.8744],[126.6719,37.8772],[126.6721,37.878],[126.6755,37.8772],[126.6799,37.8785],[126.6821,37.8797],[126.6787,37.8815],[126.6802,37.8841],[126.6797,37.8846],[126.6765,37.8846],[126.6764,37.8823],[126.6756,37.8816],[126.6741,37.8815],[126.6725,37.8822],[126.6723,37.883],[126.6745,37.8847],[126.6745,37.8859],[126.6717,37.8868],[126.6702,37.888],[126.6722,37.8887],[126.6774,37.8977],[126.677,37.9045],[126.6759,37.9062],[126.6805,37.9111],[126.6828,37.9128],[126.6846,37.9126],[126.6814,37.9156],[126.6785,37.9143],[126.6701,37.9143],[126.6679,37.9158],[126.6659,37.9183],[126.6658,37.9221],[126.6668,37.9244],[126.6686,37.9259],[126.6692,37.928],[126.6676,37.9327],[126.6693,37.9371],[126.6718,37.9397],[126.6691,37.9414],[126.6694,37.9447],[126.6724,37.9485],[126.6707,37.952],[126.6704,37.9557],[126.6729,37.9555],[126.6764,37.9535],[126.6792,37.9558],[126.6797,37.9575],[126.6813,37.9581],[126.6873,37.9572],[126.6882,37.9603],[126.69,37.961],[126.6912,37.9634],[126.6916,37.9662],[126.6946,37.967],[126.6983,37.9693],[126.7007,37.9691],[126.701,37.9714],[126.7025,37.9743],[126.7077,37.9756],[126.7088,37.9752],[126.7097,37.9735],[126.7095,37.9706],[126.712,37.9684],[126.7153,37.9693],[126.7167,37.9689],[126.7177,37.9677],[126.7177,37.9657],[126.7194,37.965],[126.722,37.9665],[126.7256,37.9669],[126.7278,37.9687],[126.7304,37.9688],[126.7351,37.9674],[126.7366,37.9658],[126.7376,37.9664],[126.74,37.9727],[126.7446,37.9742],[126.747,37.9765],[126.7481,37.979],[126.7522,37.9817],[126.7586,37.9837],[126.7605,37.9834],[126.7608,37.9841],[126.7631,37.9851],[126.7651,37.9845],[126.7728,37.9784],[126.7742,37.9788],[126.7753,37.9804],[126.7718,37.9824],[126.7735,37.984],[126.7759,37.9845],[126.7792,37.9829],[126.7822,37.9805],[126.7839,37.981],[126.7836,37.9823],[126.7937,37.9923],[126.7964,37.9937],[126.7972,37.9928],[126.8009,37.992],[126.7985,37.9877],[126.802,37.9796],[126.8045,37.9707],[126.8104,37.9677],[126.8113,37.9689],[126.8125,37.9693],[126.8147,37.9682],[126.8185,37.9641],[126.8175,37.9613],[126.8189,37.9585],[126.8207,37.9575],[126.8237,37.9582],[126.8283,37.9598],[126.8311,37.9632],[126.8327,37.964],[126.8359,37.964],[126.8358,37.9598],[126.8333,37.9556],[126.8325,37.9522],[126.8327,37.9476],[126.8297,37.9349],[126.827,37.9182],[126.8183,37.9004],[126.8117,37.8937],[126.8071,37.8913],[126.8052,37.8912],[126.7987,37.8928],[126.7952,37.8954],[126.7917,37.9036],[126.7917,37.9143],[126.7885,37.9171],[126.7844,37.9167],[126.7777,37.9149],[126.7694,37.9102],[126.7648,37.9086],[126.7474,37.9056],[126.7437,37.904],[126.7407,37.9012],[126.7343,37.893],[126.7339,37.8912]]]]}},{"type":"Feature","properties":{"c":"4180033000","n":"경기도 연천군 백학면","sg":"연천군","sd":"경기도","p":2471,"a":63.877,"d":39},"geometry":{"type":"MultiPolygon","coordinates":[[[[126.9448,38.0607],[126.9428,38.0578],[126.9347,38.0549],[126.9349,38.0517],[126.9329,38.0434],[126.929,38.0395],[126.9264,38.0341],[126.9256,38.0291],[126.9266,38.0283],[126.9284,38.0281],[126.9308,38.0287],[126.9337,38.0229],[126.9375,38.022],[126.9408,38.0176],[126.9419,38.017],[126.9474,38.0161],[126.9506,38.0162],[126.9551,38.0137],[126.9567,38.0137],[126.9639,38.0152],[126.9653,38.018],[126.9662,38.0184],[126.9673,38.0177],[126.9671,38.0126],[126.9698,38.0066],[126.9699,38.005],[126.9696,38.0033],[126.9617,37.9977],[126.9566,37.9917],[126.9525,37.988],[126.9409,37.9824],[126.9357,37.9817],[126.9317,37.9823],[126.9216,37.9859],[126.9048,37.9944],[126.8982,37.9971],[126.8955,37.9994],[126.8982,37.9998],[126.8994,38.0013],[126.8984,38.0038],[126.8961,38.005],[126.8917,38.0053],[126.8898,38.0049],[126.8873,38.003],[126.8838,38.0023],[126.8779,38.0026],[126.8746,38.0038],[126.8729,38.008],[126.8735,38.0107],[126.878,38.0128],[126.873,38.0154],[126.8725,38.0186],[126.8715,38.0197],[126.859,38.0259],[126.8537,38.0311],[126.8537,38.0332],[126.8524,38.0351],[126.8526,38.0373],[126.8546,38.0401],[126.8527,38.0436],[126.8528,38.0531],[126.8581,38.0531],[126.858,38.0603],[126.8594,38.0646],[126.8663,38.0695],[126.8671,38.0737],[126.8696,38.0779],[126.8669,38.0803],[126.8736,38.0795],[126.88,38.0775],[126.8933,38.0744],[126.8941,38.0731],[126.8931,38.0698],[126.9022,38.0639],[126.9027,38.0622],[126.9054,38.0602],[126.9133,38.0599],[126.9187,38.059],[126.9206,38.0597],[126.9208,38.0605],[126.9189,38.0627],[126.918,38.066],[126.9196,38.07],[126.918,38.0736],[126.9189,38.0795],[126.9243,38.0825],[126.9268,38.0826],[126.931,38.0817],[126.9374,38.0823],[126.9392,38.081],[126.9387,38.077],[126.9366,38.0744],[126.9375,38.0666],[126.9425,38.0654],[126.9476,38.0627],[126.9448,38.0607]]]]}},{"type":"Feature","properties":{"c":"4139059600","n":"경기도 시흥시 배곧1동","sg":"시흥시","sd":"경기도","p":35215,"a":2.661,"d":13233},"geometry":{"type":"MultiPolygon","coordinates":[[[[126.7342,37.3681],[126.727,37.3722],[126.7232,37.368],[126.7165,37.3719],[126.7298,37.3856],[126.7316,37.3865],[126.7426,37.3826],[126.7399,37.3788],[126.7393,37.3738],[126.7366,37.3699],[126.7342,37.3681]]]]}},{"type":"Feature","properties":{"c":"4146152500","n":"경기도 용인시처인구 역북동","sg":"용인시처인구","sd":"경기도","p":34627,"a":5.887,"d":5882},"geometry":{"type":"MultiPolygon","coordinates":[[[[127.1706,37.2253],[127.1705,37.2273],[127.1717,37.2293],[127.1761,37.2333],[127.1767,37.2354],[127.1803,37.2394],[127.1804,37.2404],[127.1822,37.2412],[127.1825,37.2421],[127.176,37.2445],[127.1746,37.2457],[127.1762,37.2502],[127.1757,37.2519],[127.176,37.2539],[127.1769,37.2547],[127.1872,37.2563],[127.1931,37.2558],[127.1971,37.2546],[127.1962,37.2533],[127.1967,37.251],[127.1997,37.2476],[127.2022,37.2458],[127.2018,37.2428],[127.1982,37.2372],[127.192,37.2355],[127.1909,37.2343],[127.1909,37.2273],[127.1899,37.2265],[127.1879,37.2261],[127.1773,37.2263],[127.1744,37.2246],[127.1722,37.2256],[127.1706,37.2253]]]]}},{"type":"Feature","properties":{"c":"4146554000","n":"경기도 용인시수지구 죽전1동","sg":"용인시수지구","sd":"경기도","p":28876,"a":2.311,"d":12495},"geometry":{"type":"MultiPolygon","coordinates":[[[[127.1413,37.3291],[127.1315,37.327],[127.1294,37.3276],[127.1283,37.3294],[127.1211,37.3303],[127.1159,37.3292],[127.1125,37.3272],[127.1111,37.3271],[127.1133,37.3315],[127.1127,37.3357],[127.1147,37.3353],[127.1171,37.3334],[127.1207,37.3344],[127.1233,37.337],[127.1305,37.3376],[127.1363,37.3396],[127.1395,37.3388],[127.1419,37.3363],[127.1413,37.3291]]]]}},{"type":"Feature","properties":{"c":"4146557000","n":"경기도 용인시수지구 상현1동","sg":"용인시수지구","sd":"경기도","p":19522,"a":0.871,"d":22424},"geometry":{"type":"MultiPolygon","coordinates":[[[[127.0819,37.3013],[127.0816,37.3016],[127.0807,37.3011],[127.0796,37.3018],[127.0768,37.3044],[127.0743,37.3031],[127.0744,37.3039],[127.0728,37.3051],[127.0712,37.3078],[127.0723,37.3084],[127.0728,37.3095],[127.0722,37.3103],[127.0748,37.3106],[127.0768,37.3118],[127.0783,37.3102],[127.0808,37.3108],[127.0818,37.31],[127.0832,37.3106],[127.0848,37.3095],[127.084,37.3061],[127.0829,37.3054],[127.0828,37.3019],[127.0819,37.3013]]]]}},{"type":"Feature","properties":{"c":"4122062000","n":"경기도 평택시 비전1동","sg":"평택시","sd":"경기도","p":50428,"a":13.088,"d":3853},"geometry":{"type":"MultiPolygon","coordinates":[[[[127.0951,37.0048],[127.0987,37.008],[127.1027,37.01],[127.1037,37.0142],[127.1057,37.0172],[127.1096,37.0183],[127.1123,37.0179],[127.1142,37.019],[127.1149,37.0203],[127.1141,37.0212],[127.1141,37.0228],[127.1161,37.0251],[127.1188,37.0316],[127.1223,37.0351],[127.1263,37.0333],[127.1372,37.0339],[127.1531,37.0295],[127.1525,37.0215],[127.1454,37.0167],[127.1443,37.014],[127.1448,37.0111],[127.1462,37.0105],[127.1459,37.0101],[127.145,37.0093],[127.1408,37.0087],[127.1363,37.0065],[127.1338,37.0038],[127.1297,37.0029],[127.1228,36.999],[127.1125,36.9984],[127.1016,37.0005],[127.1011,36.999],[127.0995,36.9994],[127.0946,36.9978],[127.0951,36.9972],[127.094,36.9935],[127.0875,36.9948],[127.0893,37.0011],[127.0912,37.0035],[127.0951,37.0048]]]]}},{"type":"Feature","properties":{"c":"4122051000","n":"경기도 평택시 중앙동","sg":"평택시","sd":"경기도","p":45333,"a":5.235,"d":8660},"geometry":{"type":"MultiPolygon","coordinates":[[[[127.0695,37.0279],[127.0679,37.0371],[127.066,37.0389],[127.0542,37.0465],[127.0521,37.0507],[127.0535,37.0624],[127.0582,37.0622],[127.0599,37.0632],[127.0614,37.0654],[127.0669,37.0653],[127.0681,37.0679],[127.068,37.0702],[127.0744,37.068],[127.0758,37.069],[127.0763,37.0667],[127.0752,37.0645],[127.0754,37.0606],[127.0771,37.0581],[127.0772,37.0551],[127.0786,37.0517],[127.0781,37.051],[127.0711,37.0497],[127.0693,37.0478],[127.0727,37.0421],[127.072,37.0404],[127.0694,37.0423],[127.0669,37.0407],[127.0688,37.0393],[127.07,37.0374],[127.071,37.0285],[127.0695,37.0279]]]]}},{"type":"Feature","properties":{"c":"4122066000","n":"경기도 평택시 고덕동","sg":"평택시","sd":"경기도","p":66446,"a":16.233,"d":4093},"geometry":{"type":"MultiPolygon","coordinates":[[[[127.0679,37.0262],[127.0634,37.0251],[127.045,37.0246],[127.0388,37.0249],[127.0303,37.0265],[127.0195,37.0259],[127.0194,37.0299],[127.0215,37.0318],[127.0177,37.0351],[127.017,37.0415],[127.016,37.0415],[127.0155,37.0408],[127.0138,37.0409],[127.0136,37.0438],[127.0125,37.0456],[127.0124,37.0499],[127.0129,37.0517],[127.0145,37.0523],[127.0147,37.053],[127.014,37.0537],[127.0143,37.0556],[127.0132,37.0559],[127.017,37.0583],[127.02,37.0587],[127.0216,37.0604],[127.0225,37.0602],[127.0241,37.0613],[127.0279,37.0616],[127.0334,37.0604],[127.0351,37.0608],[127.0367,37.0623],[127.0392,37.0618],[127.0398,37.0651],[127.0427,37.0673],[127.0493,37.0659],[127.0538,37.0655],[127.0524,37.054],[127.0526,37.0493],[127.0542,37.0465],[127.066,37.0389],[127.0679,37.0371],[127.0695,37.0279],[127.0694,37.0267],[127.0679,37.0262]]]]}},{"type":"Feature","properties":{"c":"4122064000","n":"경기도 평택시 세교동","sg":"평택시","sd":"경기도","p":37508,"a":6.432,"d":5831},"geometry":{"type":"MultiPolygon","coordinates":[[[[127.0824,36.9987],[127.0808,36.9981],[127.0769,37.0015],[127.0679,37.0065],[127.0675,37.0062],[127.0628,37.0094],[127.0635,37.0103],[127.0611,37.0113],[127.0601,37.0107],[127.0548,37.0189],[127.0538,37.0225],[127.0543,37.0247],[127.0634,37.0251],[127.0679,37.0262],[127.0675,37.0244],[127.0834,37.0245],[127.086,37.0238],[127.0859,37.0122],[127.0876,37.0125],[127.0888,37.0144],[127.0922,37.0123],[127.092,37.0097],[127.0907,37.0076],[127.0903,37.0045],[127.0894,37.0031],[127.0824,36.9987]]]]}},{"type":"Feature","properties":{"c":"4122060000","n":"경기도 평택시 원평동","sg":"평택시","sd":"경기도","p":12654,"a":5.793,"d":2185},"geometry":{"type":"MultiPolygon","coordinates":[[[[127.0809,36.9954],[127.1009,36.9744],[127.0997,36.9737],[127.0979,36.9749],[127.0948,36.974],[127.0938,36.9742],[127.0924,36.9764],[127.094,36.9793],[127.0932,36.9803],[127.0907,36.981],[127.0859,36.9807],[127.0836,36.9814],[127.0806,36.9833],[127.0756,36.9851],[127.073,36.9882],[127.0706,36.989],[127.0642,36.9896],[127.0624,36.9932],[127.0581,36.9925],[127.0549,36.9937],[127.0534,36.9955],[127.0527,36.9955],[127.051,36.994],[127.0499,36.9913],[127.0484,36.9909],[127.0472,36.9911],[127.0463,36.9942],[127.0477,36.9965],[127.0532,37.0019],[127.0586,37.0029],[127.0574,37.0056],[127.0583,37.0072],[127.0603,37.0085],[127.0601,37.0107],[127.0611,37.0113],[127.0635,37.0103],[127.0628,37.0094],[127.0675,37.0062],[127.0679,37.0065],[127.0769,37.0015],[127.0796,36.9994],[127.0808,36.9981],[127.0792,36.9971],[127.0809,36.9954]]]]}},{"type":"Feature","properties":{"c":"4122061000","n":"경기도 평택시 통복동","sg":"평택시","sd":"경기도","p":6768,"a":0.622,"d":10888},"geometry":{"type":"MultiPolygon","coordinates":[[[[127.0792,36.9971],[127.0894,37.0031],[127.0903,37.0045],[127.0904,37.0068],[127.0949,37.0069],[127.0961,37.0058],[127.0951,37.0048],[127.0912,37.0035],[127.0893,37.0011],[127.0875,36.9948],[127.0848,36.9951],[127.0827,36.9936],[127.0792,36.9971]]]]}},{"type":"Feature","properties":{"c":"4121065000","n":"경기도 광명시 소하2동","sg":"광명시","sd":"경기도","p":25404,"a":3.91,"d":6498},"geometry":{"type":"MultiPolygon","coordinates":[[[[126.8904,37.4315],[126.8886,37.4282],[126.8856,37.428],[126.883,37.4264],[126.8812,37.4262],[126.8772,37.4238],[126.8749,37.425],[126.8726,37.4238],[126.8705,37.4242],[126.8674,37.4267],[126.8679,37.4289],[126.8652,37.4351],[126.8666,37.4388],[126.8664,37.4436],[126.8685,37.4456],[126.878,37.4443],[126.8839,37.4456],[126.8855,37.4434],[126.8844,37.4363],[126.8915,37.436],[126.8876,37.4331],[126.8904,37.4315]]]]}},{"type":"Feature","properties":{"c":"4115051000","n":"경기도 의정부시 의정부1동","sg":"의정부시","sd":"경기도","p":38012,"a":1.917,"d":19825},"geometry":{"type":"MultiPolygon","coordinates":[[[[127.0461,37.7538],[127.0474,37.7515],[127.0514,37.748],[127.0535,37.7477],[127.0546,37.7455],[127.0542,37.7405],[127.0531,37.7374],[127.0541,37.7349],[127.0543,37.7305],[127.0514,37.7273],[127.0468,37.7301],[127.0435,37.7309],[127.0469,37.7315],[127.0452,37.7391],[127.0468,37.7387],[127.045,37.7465],[127.0426,37.7528],[127.0423,37.7579],[127.0461,37.7538]]]]}},{"type":"Feature","properties":{"c":"4128157600","n":"경기도 고양시덕양구 삼송1동","sg":"고양시덕양구","sd":"경기도","p":22234,"a":5.562,"d":3997},"geometry":{"type":"MultiPolygon","coordinates":[[[[126.8864,37.6479],[126.8847,37.6513],[126.885,37.6532],[126.884,37.6538],[126.8832,37.6557],[126.8837,37.658],[126.8854,37.6581],[126.8863,37.6567],[126.8892,37.6566],[126.8938,37.659],[126.8936,37.6649],[126.892,37.6705],[126.8946,37.6707],[126.8967,37.6716],[126.9015,37.6783],[126.9033,37.6784],[126.9051,37.6778],[126.9069,37.6754],[126.9061,37.6734],[126.9081,37.6703],[126.9113,37.6687],[126.9204,37.6696],[126.9208,37.6719],[126.928,37.6707],[126.9293,37.668],[126.9268,37.667],[126.9244,37.6669],[126.923,37.6656],[126.9239,37.6636],[126.9164,37.6616],[126.9123,37.6578],[126.9092,37.6569],[126.9033,37.6535],[126.9002,37.6506],[126.8981,37.6515],[126.8962,37.6514],[126.8864,37.6479]]]]}},{"type":"Feature","properties":{"c":"4128157700","n":"경기도 고양시덕양구 삼송2동","sg":"고양시덕양구","sd":"경기도","p":27851,"a":2.375,"d":11729},"geometry":{"type":"MultiPolygon","coordinates":[[[[126.8858,37.649],[126.8864,37.6479],[126.8846,37.6472],[126.8777,37.6425],[126.8746,37.6424],[126.8743,37.6445],[126.8757,37.6467],[126.8721,37.648],[126.8648,37.6486],[126.8641,37.6492],[126.8635,37.6521],[126.8622,37.6535],[126.8648,37.6556],[126.8649,37.6568],[126.8661,37.6573],[126.868,37.6577],[126.8695,37.6571],[126.8756,37.6572],[126.8784,37.6596],[126.8806,37.6598],[126.8837,37.658],[126.8832,37.6557],[126.884,37.6538],[126.885,37.6532],[126.8847,37.6513],[126.8858,37.649]]]]}},{"type":"Feature","properties":{"c":"4128165600","n":"경기도 고양시덕양구 행신4동","sg":"고양시덕양구","sd":"경기도","p":18530,"a":1.335,"d":13881},"geometry":{"type":"MultiPolygon","coordinates":[[[[126.8423,37.6192],[126.8426,37.6243],[126.8437,37.6252],[126.8439,37.6274],[126.8411,37.6295],[126.8457,37.6291],[126.8484,37.6295],[126.8479,37.6246],[126.8484,37.6214],[126.8513,37.6217],[126.8524,37.6227],[126.8545,37.6221],[126.8545,37.6142],[126.8535,37.6123],[126.8546,37.6107],[126.8509,37.6122],[126.8461,37.6128],[126.844,37.6141],[126.846,37.6154],[126.8466,37.617],[126.8453,37.6182],[126.8423,37.6192]]]]}},{"type":"Feature","properties":{"c":"4128552500","n":"경기도 고양시일산동구 중산1동","sg":"고양시일산동구","sd":"경기도","p":19781,"a":1.433,"d":13803},"geometry":{"type":"MultiPolygon","coordinates":[[[[126.7903,37.6888],[126.7873,37.6866],[126.7823,37.6851],[126.7825,37.6839],[126.7814,37.6841],[126.7817,37.6821],[126.7779,37.6828],[126.7769,37.6908],[126.7781,37.6958],[126.7797,37.6984],[126.7813,37.6992],[126.783,37.6982],[126.7851,37.6983],[126.7857,37.6953],[126.7892,37.694],[126.7901,37.6929],[126.7897,37.6913],[126.7903,37.6888]]]]}},{"type":"Feature","properties":{"c":"4128754600","n":"경기도 고양시일산서구 탄현2동","sg":"고양시일산서구","sd":"경기도","p":18282,"a":1.284,"d":14241},"geometry":{"type":"MultiPolygon","coordinates":[[[[126.7762,37.694],[126.7728,37.6936],[126.7689,37.698],[126.7682,37.6997],[126.7611,37.6991],[126.7611,37.704],[126.764,37.7047],[126.765,37.7041],[126.7664,37.706],[126.7661,37.707],[126.7677,37.7066],[126.7733,37.7043],[126.7737,37.7026],[126.7771,37.7006],[126.7812,37.6993],[126.7797,37.6984],[126.7762,37.694]]]]}},{"type":"Feature","properties":{"c":"4128760000","n":"경기도 고양시일산서구 덕이동","sg":"고양시일산서구","sd":"경기도","p":30439,"a":5.423,"d":5613},"geometry":{"type":"MultiPolygon","coordinates":[[[[126.7291,37.6819],[126.7291,37.6872],[126.728,37.691],[126.7284,37.7039],[126.7306,37.704],[126.7299,37.7049],[126.7361,37.7046],[126.7402,37.7051],[126.748,37.7031],[126.7555,37.7049],[126.7601,37.7033],[126.7611,37.704],[126.7614,37.6875],[126.7546,37.6888],[126.7519,37.688],[126.7443,37.6901],[126.7291,37.6819]]]]}},{"type":"Feature","properties":{"c":"4161059000","n":"경기도 광주시 오포2동","sg":"광주시","sd":"경기도","p":31999,"a":15.285,"d":2093},"geometry":{"type":"MultiPolygon","coordinates":[[[[127.2388,37.3597],[127.24,37.3607],[127.2411,37.3641],[127.2409,37.3652],[127.2375,37.3684],[127.2383,37.3702],[127.2429,37.3716],[127.2458,37.3792],[127.2427,37.3821],[127.2428,37.383],[127.246,37.3861],[127.2475,37.389],[127.252,37.3923],[127.2532,37.396],[127.2551,37.3987],[127.2608,37.4023],[127.2639,37.4022],[127.2641,37.3908],[127.2669,37.3889],[127.2705,37.3829],[127.2686,37.379],[127.2721,37.3748],[127.2733,37.3748],[127.2783,37.3728],[127.2774,37.3675],[127.279,37.3595],[127.2815,37.3569],[127.2835,37.356],[127.2826,37.3522],[127.2839,37.3497],[127.2864,37.3474],[127.2833,37.3453],[127.2806,37.3461],[127.2744,37.3429],[127.2689,37.3424],[127.265,37.3427],[127.2614,37.3484],[127.2544,37.3508],[127.2469,37.3556],[127.2436,37.3545],[127.2419,37.3533],[127.2398,37.3542],[127.2389,37.3555],[127.2388,37.3597]]]]}},{"type":"Feature","properties":{"c":"4161058000","n":"경기도 광주시 오포1동","sg":"광주시","sd":"경기도","p":30377,"a":15.873,"d":1914},"geometry":{"type":"MultiPolygon","coordinates":[[[[127.1917,37.3472],[127.1925,37.3485],[127.1908,37.3508],[127.191,37.354],[127.1893,37.3555],[127.1896,37.3568],[127.1874,37.3629],[127.1879,37.3699],[127.1926,37.3708],[127.1977,37.3732],[127.2013,37.3733],[127.2053,37.3754],[127.2083,37.378],[127.2122,37.3778],[127.2161,37.3788],[127.2193,37.3781],[127.2227,37.3764],[127.2254,37.3773],[127.2327,37.3768],[127.238,37.3815],[127.2428,37.383],[127.2427,37.3821],[127.2458,37.3792],[127.2429,37.3716],[127.2383,37.3702],[127.2375,37.3684],[127.2409,37.3652],[127.2409,37.3626],[127.24,37.3607],[127.2388,37.3597],[127.2381,37.3604],[127.2354,37.3584],[127.2337,37.358],[127.229,37.3591],[127.225,37.3553],[127.2226,37.3544],[127.2197,37.3544],[127.2186,37.3556],[127.217,37.3552],[127.2167,37.3546],[127.2179,37.3522],[127.2216,37.3493],[127.2236,37.346],[127.2229,37.3456],[127.2219,37.3466],[127.2206,37.347],[127.2191,37.3463],[127.2168,37.3407],[127.2126,37.3374],[127.2083,37.3309],[127.2007,37.3287],[127.1969,37.3347],[127.1983,37.3395],[127.198,37.3414],[127.1961,37.344],[127.1917,37.3472]]]]}},{"type":"Feature","properties":{"c":"4161060000","n":"경기도 광주시 신현동","sg":"광주시","sd":"경기도","p":35782,"a":8.153,"d":4389},"geometry":{"type":"MultiPolygon","coordinates":[[[[127.1875,37.3648],[127.1832,37.3638],[127.179,37.3618],[127.1767,37.3621],[127.1737,37.3616],[127.1699,37.3622],[127.1657,37.3618],[127.1642,37.3602],[127.1607,37.3584],[127.1582,37.3552],[127.1528,37.3544],[127.1491,37.3524],[127.1487,37.351],[127.1467,37.349],[127.1474,37.3471],[127.144,37.3462],[127.142,37.3439],[127.138,37.3412],[127.1379,37.3444],[127.1325,37.349],[127.1329,37.3505],[127.1317,37.3512],[127.1339,37.3585],[127.1395,37.36],[127.1444,37.3594],[127.1502,37.3614],[127.1529,37.3635],[127.1562,37.3686],[127.1605,37.3728],[127.1617,37.3797],[127.1679,37.3804],[127.1735,37.3827],[127.1767,37.3851],[127.1788,37.3818],[127.1784,37.3781],[127.1826,37.3769],[127.1849,37.374],[127.1853,37.3716],[127.1879,37.3699],[127.1875,37.3648]]]]}},{"type":"Feature","properties":{"c":"4148058000","n":"경기도 파주시 운정4동","sg":"파주시","sd":"경기도","p":24406,"a":6.63,"d":3681},"geometry":{"type":"MultiPolygon","coordinates":[[[[126.7611,37.7103],[126.7618,37.7134],[126.772,37.7372],[126.772,37.7395],[126.7679,37.7476],[126.7757,37.7462],[126.7762,37.7431],[126.7802,37.7411],[126.78,37.7372],[126.7835,37.7342],[126.7878,37.7331],[126.794,37.7335],[126.7944,37.7343],[126.7956,37.7336],[126.7961,37.7296],[126.7919,37.7242],[126.7901,37.7238],[126.785,37.7209],[126.7826,37.7176],[126.7779,37.7141],[126.7748,37.7102],[126.7733,37.7092],[126.7739,37.7068],[126.7733,37.7043],[126.7706,37.7057],[126.7661,37.707],[126.7664,37.706],[126.765,37.7041],[126.764,37.7047],[126.7611,37.704],[126.7611,37.7103]]]]}},{"type":"Feature","properties":{"c":"4148060000","n":"경기도 파주시 운정6동","sg":"파주시","sd":"경기도","p":39688,"a":2.958,"d":13416},"geometry":{"type":"MultiPolygon","coordinates":[[[[126.728,37.707],[126.7229,37.705],[126.7152,37.7074],[126.7117,37.7074],[126.7078,37.7097],[126.7097,37.7121],[126.705,37.7156],[126.7187,37.7163],[126.7248,37.7161],[126.7244,37.7294],[126.7269,37.7311],[126.7319,37.7236],[126.7315,37.712],[126.7302,37.7079],[126.728,37.707]]]]}},{"type":"Feature","properties":{"c":"4148054000","n":"경기도 파주시 교하동","sg":"파주시","sd":"경기도","p":6947,"a":28.33,"d":245},"geometry":{"type":"MultiPolygon","coordinates":[[[[126.7376,37.736],[126.7347,37.7448],[126.7357,37.7468],[126.737,37.7467],[126.7377,37.7474],[126.7373,37.7482],[126.7364,37.7483],[126.7328,37.7458],[126.7278,37.7443],[126.7264,37.7416],[126.721,37.7393],[126.717,37.7389],[126.712,37.7335],[126.7044,37.727],[126.7024,37.7235],[126.6996,37.7224],[126.6993,37.7212],[126.6997,37.7192],[126.7049,37.7176],[126.705,37.7156],[126.7097,37.7121],[126.7078,37.7097],[126.7117,37.7074],[126.7152,37.7074],[126.7229,37.705],[126.728,37.707],[126.7306,37.704],[126.7274,37.7041],[126.7235,37.703],[126.7171,37.7002],[126.7119,37.6997],[126.7046,37.6962],[126.6993,37.697],[126.6914,37.6891],[126.6874,37.6916],[126.6765,37.7001],[126.6797,37.7052],[126.6836,37.7134],[126.6854,37.7237],[126.6848,37.7256],[126.6774,37.735],[126.674,37.75],[126.6762,37.755],[126.69,37.7575],[126.6945,37.757],[126.6961,37.7575],[126.6978,37.7605],[126.7003,37.7617],[126.702,37.7612],[126.7034,37.7587],[126.7044,37.7585],[126.7069,37.7602],[126.7097,37.7609],[126.7111,37.76],[126.7119,37.7586],[126.7113,37.7577],[126.7111,37.7529],[126.7164,37.753],[126.7213,37.7544],[126.7224,37.7564],[126.7241,37.7575],[126.7282,37.7553],[126.7318,37.7549],[126.7346,37.7576],[126.736,37.7622],[126.7412,37.7609],[126.7469,37.7643],[126.7473,37.7658],[126.758,37.7627],[126.7622,37.7596],[126.7625,37.7563],[126.7599,37.7522],[126.7611,37.7493],[126.7648,37.7465],[126.7679,37.7476],[126.7692,37.7452],[126.7607,37.7454],[126.7582,37.745],[126.7486,37.7395],[126.7376,37.736]]]]}},{"type":"Feature","properties":{"c":"4159759000","n":"경기도 화성시동탄구 동탄9동","sg":"화성시동탄구","sd":"경기도","p":60299,"a":10.062,"d":5993},"geometry":{"type":"MultiPolygon","coordinates":[[[[127.1326,37.1682],[127.1278,37.169],[127.1276,37.1708],[127.1265,37.1709],[127.1265,37.1699],[127.1254,37.1687],[127.1244,37.1681],[127.1238,37.1688],[127.1242,37.1733],[127.1261,37.1794],[127.1243,37.1797],[127.122,37.1792],[127.1165,37.1798],[127.1137,37.1794],[127.1115,37.18],[127.1169,37.1835],[127.1132,37.184],[127.114,37.1856],[127.1158,37.1864],[127.1155,37.1888],[127.116,37.1894],[127.1166,37.1891],[127.1193,37.1897],[127.1214,37.1912],[127.1196,37.1935],[127.1228,37.1951],[127.1246,37.1951],[127.1251,37.196],[127.1315,37.1957],[127.1339,37.1965],[127.1359,37.1954],[127.1379,37.1954],[127.139,37.1962],[127.1441,37.1963],[127.1447,37.1969],[127.1488,37.1971],[127.1504,37.1982],[127.1523,37.1983],[127.1528,37.1972],[127.1555,37.1977],[127.1557,37.1967],[127.1609,37.1917],[127.1613,37.1907],[127.1602,37.1859],[127.1591,37.1841],[127.1607,37.1804],[127.1593,37.178],[127.1576,37.1768],[127.1556,37.1768],[127.1511,37.1716],[127.1484,37.1697],[127.1438,37.1702],[127.1333,37.1692],[127.1326,37.1682]]]]}},{"type":"Feature","properties":{"c":"4139059200","n":"경기도 시흥시 정왕2동","sg":"시흥시","sd":"경기도","p":26191,"a":4.859,"d":5390},"geometry":{"type":"MultiPolygon","coordinates":[[[[126.712,37.3223],[126.7018,37.3285],[126.7341,37.3612],[126.7362,37.3601],[126.737,37.354],[126.7407,37.3515],[126.7394,37.3501],[126.739,37.3503],[126.712,37.3223]]]]}},{"type":"Feature","properties":{"c":"4163057000","n":"경기도 양주시 옥정1동","sg":"양주시","sd":"경기도","p":42630,"a":13.423,"d":3176},"geometry":{"type":"MultiPolygon","coordinates":[[[[127.1063,37.8157],[127.1033,37.8165],[127.1026,37.8173],[127.1027,37.8197],[127.1005,37.8202],[127.0982,37.8217],[127.0954,37.827],[127.0867,37.8267],[127.0811,37.8257],[127.0748,37.8279],[127.0746,37.8289],[127.0766,37.8318],[127.0777,37.8317],[127.0813,37.8358],[127.0814,37.8362],[127.08,37.8361],[127.0821,37.8388],[127.0777,37.8379],[127.0736,37.8409],[127.0736,37.8418],[127.0765,37.8442],[127.0773,37.8459],[127.0761,37.8475],[127.0764,37.8484],[127.0803,37.8461],[127.0815,37.8474],[127.0841,37.8478],[127.0843,37.8491],[127.0852,37.8499],[127.0873,37.8482],[127.09,37.8473],[127.0921,37.8519],[127.092,37.8529],[127.0945,37.8539],[127.097,37.8579],[127.1002,37.8607],[127.1029,37.8656],[127.1071,37.8624],[127.1092,37.8599],[127.1089,37.8589],[127.1104,37.8556],[127.1147,37.8506],[127.1161,37.8439],[127.1157,37.8385],[127.118,37.8364],[127.1171,37.8345],[127.1182,37.8323],[127.1204,37.8309],[127.1219,37.8281],[127.1219,37.8251],[127.1208,37.8236],[127.1202,37.8174],[127.1219,37.8138],[127.122,37.8121],[127.1198,37.8097],[127.1143,37.814],[127.1099,37.816],[127.107,37.8153],[127.1063,37.8157]]]]}},{"type":"Feature","properties":{"c":"4137054600","n":"경기도 오산시 신장2동","sg":"오산시","sd":"경기도","p":22546,"a":3.594,"d":6274},"geometry":{"type":"MultiPolygon","coordinates":[[[[127.0658,37.1584],[127.0629,37.1705],[127.0616,37.1732],[127.058,37.1766],[127.0478,37.1831],[127.0505,37.184],[127.0526,37.1839],[127.0606,37.1874],[127.0619,37.1867],[127.0653,37.1864],[127.0666,37.1841],[127.0716,37.1837],[127.0722,37.176],[127.073,37.1746],[127.0723,37.174],[127.0707,37.1739],[127.0713,37.1682],[127.0732,37.167],[127.0735,37.1655],[127.0759,37.1637],[127.0754,37.1626],[127.0778,37.1623],[127.0667,37.1546],[127.0658,37.1584]]]]}},{"type":"Feature","properties":{"c":"4137052600","n":"경기도 오산시 대원2동","sg":"오산시","sd":"경기도","p":24504,"a":3.533,"d":6935},"geometry":{"type":"MultiPolygon","coordinates":[[[[127.0793,37.1282],[127.0784,37.1308],[127.0781,37.1488],[127.0842,37.1483],[127.085,37.1487],[127.0865,37.1482],[127.0882,37.1487],[127.096,37.1478],[127.0978,37.1474],[127.0992,37.1454],[127.1009,37.1461],[127.1036,37.1436],[127.1004,37.1423],[127.0977,37.1388],[127.0979,37.1369],[127.0939,37.1364],[127.0916,37.1373],[127.0877,37.1348],[127.0929,37.1293],[127.09,37.1299],[127.089,37.1279],[127.0862,37.1267],[127.0835,37.1273],[127.0826,37.1263],[127.0793,37.1258],[127.0793,37.1282]]]]}},{"type":"Feature","properties":{"c":"4119253000","n":"경기도 부천시원미구 심곡3동","sg":"부천시원미구","sd":"경기도","p":10540,"a":0.384,"d":27419},"geometry":{"type":"MultiPolygon","coordinates":[[[[126.7782,37.4929],[126.7764,37.485],[126.7748,37.4852],[126.7733,37.4864],[126.7704,37.4926],[126.7711,37.4925],[126.7712,37.4931],[126.7735,37.4927],[126.7733,37.4921],[126.7747,37.4919],[126.7748,37.4925],[126.7768,37.4933],[126.7782,37.4929]]]]}},{"type":"Feature","properties":{"c":"4119254000","n":"경기도 부천시원미구 원미1동","sg":"부천시원미구","sd":"경기도","p":16162,"a":1.083,"d":14927},"geometry":{"type":"MultiPolygon","coordinates":[[[[126.7858,37.498],[126.7868,37.498],[126.787,37.499],[126.7905,37.5017],[126.7954,37.4994],[126.7956,37.5001],[126.8013,37.4986],[126.8016,37.4965],[126.8,37.4949],[126.7995,37.4923],[126.7979,37.4922],[126.797,37.4914],[126.796,37.4922],[126.7848,37.4935],[126.7858,37.498]]]]}},{"type":"Feature","properties":{"c":"4119267000","n":"경기도 부천시원미구 상동","sg":"부천시원미구","sd":"경기도","p":17306,"a":0.838,"d":20645},"geometry":{"type":"MultiPolygon","coordinates":[[[[126.7615,37.4965],[126.7608,37.4934],[126.7657,37.4926],[126.7644,37.4885],[126.7653,37.4883],[126.7646,37.4867],[126.7535,37.4876],[126.756,37.4972],[126.7615,37.4965]]]]}},{"type":"Feature","properties":{"c":"4119266000","n":"경기도 부천시원미구 중4동","sg":"부천시원미구","sd":"경기도","p":16462,"a":0.657,"d":25060},"geometry":{"type":"MultiPolygon","coordinates":[[[[126.7647,37.5121],[126.764,37.5083],[126.7695,37.5074],[126.7692,37.504],[126.7583,37.5054],[126.7609,37.5151],[126.7644,37.5151],[126.7647,37.5121]]]]}},{"type":"Feature","properties":{"c":"4119268000","n":"경기도 부천시원미구 상1동","sg":"부천시원미구","sd":"경기도","p":23314,"a":0.637,"d":36610},"geometry":{"type":"MultiPolygon","coordinates":[[[[126.7479,37.488],[126.7479,37.4973],[126.756,37.4972],[126.7535,37.4876],[126.7479,37.488]]]]}},{"type":"Feature","properties":{"c":"4119459000","n":"경기도 부천시소사구 송내1동","sg":"부천시소사구","sd":"경기도","p":19671,"a":1.127,"d":17452},"geometry":{"type":"MultiPolygon","coordinates":[[[[126.7646,37.4867],[126.7638,37.4837],[126.7639,37.479],[126.7629,37.477],[126.7618,37.4763],[126.7591,37.4768],[126.7583,37.4788],[126.7552,37.4808],[126.7555,37.4828],[126.7545,37.4837],[126.7498,37.4853],[126.747,37.4854],[126.7426,37.4866],[126.7424,37.4885],[126.7646,37.4867]]]]}},{"type":"Feature","properties":{"c":"4119453000","n":"경기도 부천시소사구 소사본동","sg":"부천시소사구","sd":"경기도","p":25841,"a":1.963,"d":13166},"geometry":{"type":"MultiPolygon","coordinates":[[[[126.8021,37.4777],[126.8002,37.4784],[126.7956,37.4786],[126.7956,37.4714],[126.7998,37.4642],[126.7988,37.4645],[126.7965,37.464],[126.7948,37.4657],[126.7925,37.4653],[126.7893,37.4657],[126.7878,37.4668],[126.7879,37.4693],[126.7852,37.4701],[126.784,37.4733],[126.785,37.4737],[126.7874,37.4802],[126.7895,37.4811],[126.7897,37.4826],[126.7922,37.4823],[126.7918,37.4828],[126.7987,37.4828],[126.8032,37.4824],[126.8021,37.4777]]]]}},{"type":"Feature","properties":{"c":"4119457000","n":"경기도 부천시소사구 괴안동","sg":"부천시소사구","sd":"경기도","p":18095,"a":0.712,"d":25420},"geometry":{"type":"MultiPolygon","coordinates":[[[[126.8087,37.4842],[126.8113,37.4804],[126.8111,37.4783],[126.812,37.4782],[126.8107,37.4771],[126.8122,37.4758],[126.8118,37.4752],[126.8104,37.4752],[126.8082,37.4758],[126.8041,37.4736],[126.803,37.4747],[126.8012,37.4752],[126.8032,37.4824],[126.8087,37.4842]]]]}},{"type":"Feature","properties":{"c":"4119655000","n":"경기도 부천시오정구 고강1동","sg":"부천시오정구","sd":"경기도","p":11754,"a":2.009,"d":5852},"geometry":{"type":"MultiPolygon","coordinates":[[[[126.8183,37.5219],[126.8175,37.5209],[126.815,37.5208],[126.8152,37.5203],[126.8144,37.5201],[126.8133,37.5208],[126.8121,37.5204],[126.8104,37.5219],[126.8112,37.522],[126.8115,37.5298],[126.8094,37.5302],[126.8092,37.532],[126.8078,37.5324],[126.8063,37.5338],[126.807,37.5363],[126.7991,37.5375],[126.799,37.5403],[126.8008,37.5409],[126.8004,37.5417],[126.8028,37.5431],[126.8073,37.5436],[126.8124,37.5407],[126.8221,37.5407],[126.8218,37.5392],[126.8165,37.5379],[126.816,37.5358],[126.8161,37.5266],[126.8152,37.5226],[126.818,37.5228],[126.8183,37.5219]]]]}},{"type":"Feature","properties":{"c":"4119657000","n":"경기도 부천시오정구 신흥동","sg":"부천시오정구","sd":"경기도","p":16331,"a":3.191,"d":5117},"geometry":{"type":"MultiPolygon","coordinates":[[[[126.7607,37.5356],[126.7645,37.5335],[126.7646,37.5312],[126.7695,37.53],[126.771,37.5304],[126.7761,37.527],[126.7797,37.5266],[126.781,37.5273],[126.7834,37.5273],[126.7789,37.5247],[126.7789,37.5241],[126.7931,37.5225],[126.7837,37.5181],[126.7714,37.5138],[126.7699,37.5155],[126.7687,37.5154],[126.7686,37.5168],[126.7666,37.5169],[126.7656,37.518],[126.761,37.518],[126.7603,37.5241],[126.7607,37.5356]]]]}},{"type":"Feature","properties":{"c":"4119251000","n":"경기도 부천시원미구 심곡1동","sg":"부천시원미구","sd":"경기도","p":11892,"a":0.463,"d":25669},"geometry":{"type":"MultiPolygon","coordinates":[[[[126.7848,37.4935],[126.7836,37.4879],[126.7772,37.4888],[126.7786,37.4943],[126.7812,37.4929],[126.7809,37.4934],[126.7828,37.4955],[126.7837,37.4996],[126.7844,37.4982],[126.7858,37.498],[126.7848,37.4935]]]]}},{"type":"Feature","properties":{"c":"4119252000","n":"경기도 부천시원미구 심곡2동","sg":"부천시원미구","sd":"경기도","p":18272,"a":0.656,"d":27856},"geometry":{"type":"MultiPolygon","coordinates":[[[[126.7845,37.4919],[126.7888,37.4886],[126.7885,37.4874],[126.7897,37.4867],[126.7898,37.4849],[126.7918,37.4828],[126.7764,37.485],[126.7772,37.4888],[126.7836,37.4879],[126.7845,37.4919]]]]}},{"type":"Feature","properties":{"c":"4119256000","n":"경기도 부천시원미구 소사동","sg":"부천시원미구","sd":"경기도","p":5760,"a":0.566,"d":10185},"geometry":{"type":"MultiPolygon","coordinates":[[[[126.7897,37.4867],[126.7911,37.4887],[126.7943,37.4889],[126.7961,37.4898],[126.7981,37.4889],[126.7994,37.4874],[126.8001,37.4875],[126.8008,37.4846],[126.7991,37.4845],[126.7992,37.483],[126.7987,37.4828],[126.7918,37.4828],[126.7898,37.4849],[126.7897,37.4867]]]]}},{"type":"Feature","properties":{"c":"4119255000","n":"경기도 부천시원미구 원미2동","sg":"부천시원미구","sd":"경기도","p":10955,"a":0.428,"d":25578},"geometry":{"type":"MultiPolygon","coordinates":[[[[126.7961,37.4898],[126.7943,37.4889],[126.7911,37.4887],[126.7897,37.4867],[126.7885,37.4874],[126.7888,37.4886],[126.7845,37.4919],[126.7848,37.4935],[126.796,37.4922],[126.797,37.4914],[126.7961,37.4898]]]]}},{"type":"Feature","properties":{"c":"4119260000","n":"경기도 부천시원미구 도당동","sg":"부천시원미구","sd":"경기도","p":19603,"a":2.002,"d":9792},"geometry":{"type":"MultiPolygon","coordinates":[[[[126.7911,37.5068],[126.7854,37.5058],[126.7798,37.5058],[126.7764,37.5101],[126.7753,37.5151],[126.7837,37.5181],[126.7931,37.5225],[126.7953,37.5223],[126.796,37.5202],[126.7951,37.5203],[126.7953,37.5176],[126.7938,37.5173],[126.7942,37.5158],[126.7923,37.5151],[126.7902,37.513],[126.79,37.5109],[126.7912,37.5103],[126.7914,37.5091],[126.7911,37.5068]]]]}},{"type":"Feature","properties":{"c":"4119258000","n":"경기도 부천시원미구 역곡2동","sg":"부천시원미구","sd":"경기도","p":16133,"a":0.971,"d":16621},"geometry":{"type":"MultiPolygon","coordinates":[[[[126.7995,37.4927],[126.804,37.4922],[126.8078,37.4899],[126.8092,37.4908],[126.8119,37.4853],[126.8032,37.4824],[126.7987,37.4828],[126.7992,37.483],[126.7991,37.4845],[126.8008,37.4846],[126.8004,37.4867],[126.8001,37.4875],[126.7994,37.4874],[126.7981,37.4889],[126.7961,37.4898],[126.7979,37.4922],[126.7995,37.4923],[126.7995,37.4927]]]]}},{"type":"Feature","properties":{"c":"4119259000","n":"경기도 부천시원미구 춘의동","sg":"부천시원미구","sd":"경기도","p":13343,"a":2.933,"d":4550},"geometry":{"type":"MultiPolygon","coordinates":[[[[126.8144,37.4983],[126.8109,37.4978],[126.8096,37.4968],[126.806,37.4973],[126.8016,37.4965],[126.8013,37.4986],[126.7956,37.5001],[126.7954,37.4994],[126.7905,37.5017],[126.787,37.499],[126.7868,37.498],[126.7844,37.4982],[126.7823,37.5028],[126.7798,37.5058],[126.7854,37.5058],[126.7898,37.5068],[126.7902,37.5063],[126.7944,37.507],[126.7956,37.5061],[126.7975,37.5059],[126.7995,37.5068],[126.8014,37.5062],[126.8037,37.5068],[126.815,37.5057],[126.8224,37.5061],[126.8216,37.5021],[126.8202,37.5016],[126.8194,37.5005],[126.8198,37.4992],[126.8159,37.4976],[126.8144,37.4983]]]]}},{"type":"Feature","properties":{"c":"4119257000","n":"경기도 부천시원미구 역곡1동","sg":"부천시원미구","sd":"경기도","p":15976,"a":1.235,"d":12934},"geometry":{"type":"MultiPolygon","coordinates":[[[[126.8119,37.4853],[126.8092,37.4908],[126.8078,37.4899],[126.804,37.4922],[126.7995,37.4927],[126.8,37.4949],[126.8016,37.4965],[126.806,37.4973],[126.8096,37.4968],[126.8109,37.4978],[126.8144,37.4983],[126.813,37.4963],[126.8143,37.4946],[126.8144,37.4932],[126.8206,37.4908],[126.816,37.487],[126.8119,37.4853]]]]}},{"type":"Feature","properties":{"c":"4119262000","n":"경기도 부천시원미구 중동","sg":"부천시원미구","sd":"경기도","p":21022,"a":0.71,"d":29598},"geometry":{"type":"MultiPolygon","coordinates":[[[[126.7646,37.4867],[126.7653,37.4883],[126.7644,37.4885],[126.7657,37.4926],[126.7608,37.4934],[126.7617,37.4974],[126.7622,37.4976],[126.766,37.4972],[126.7658,37.496],[126.7675,37.4958],[126.767,37.4931],[126.7704,37.4926],[126.7733,37.4864],[126.7749,37.4853],[126.7646,37.4867]]]]}},{"type":"Feature","properties":{"c":"4119261000","n":"경기도 부천시원미구 약대동","sg":"부천시원미구","sd":"경기도","p":16871,"a":0.704,"d":23958},"geometry":{"type":"MultiPolygon","coordinates":[[[[126.7771,37.5088],[126.7749,37.5089],[126.7748,37.5082],[126.7692,37.5104],[126.7662,37.5124],[126.7647,37.5121],[126.7644,37.5151],[126.7609,37.5151],[126.761,37.518],[126.7656,37.518],[126.7666,37.5169],[126.7686,37.5168],[126.7687,37.5154],[126.7699,37.5155],[126.7714,37.5138],[126.7753,37.5151],[126.7771,37.5088]]]]}},{"type":"Feature","properties":{"c":"4119263000","n":"경기도 부천시원미구 중1동","sg":"부천시원미구","sd":"경기도","p":40354,"a":1.339,"d":30145},"geometry":{"type":"MultiPolygon","coordinates":[[[[126.7762,37.503],[126.7776,37.4978],[126.7713,37.4977],[126.7681,37.4985],[126.7675,37.4958],[126.7658,37.496],[126.766,37.4972],[126.7622,37.4976],[126.7615,37.4965],[126.756,37.4972],[126.7583,37.5054],[126.7762,37.503]]]]}},{"type":"Feature","properties":{"c":"4119265000","n":"경기도 부천시원미구 중3동","sg":"부천시원미구","sd":"경기도","p":21536,"a":0.783,"d":27517},"geometry":{"type":"MultiPolygon","coordinates":[[[[126.7823,37.5028],[126.7803,37.5025],[126.7692,37.504],[126.7695,37.5074],[126.764,37.5083],[126.7647,37.5121],[126.7662,37.5124],[126.7692,37.5104],[126.7748,37.5082],[126.7749,37.5089],[126.7771,37.5088],[126.7823,37.5028]]]]}},{"type":"Feature","properties":{"c":"4119264000","n":"경기도 부천시원미구 중2동","sg":"부천시원미구","sd":"경기도","p":29125,"a":1.028,"d":28332},"geometry":{"type":"MultiPolygon","coordinates":[[[[126.7675,37.4958],[126.7681,37.4985],[126.7713,37.4977],[126.7776,37.4978],[126.7762,37.503],[126.7823,37.5028],[126.7837,37.4996],[126.7828,37.4955],[126.7809,37.4934],[126.7812,37.4929],[126.7786,37.4943],[126.7782,37.4929],[126.7768,37.4933],[126.7748,37.4925],[126.7747,37.4919],[126.7733,37.4921],[126.7735,37.4927],[126.7712,37.4931],[126.7711,37.4925],[126.767,37.4931],[126.7675,37.4958]]]]}},{"type":"Feature","properties":{"c":"4119270000","n":"경기도 부천시원미구 상3동","sg":"부천시원미구","sd":"경기도","p":29977,"a":1.545,"d":19405},"geometry":{"type":"MultiPolygon","coordinates":[[[[126.7583,37.5054],[126.7422,37.5064],[126.7416,37.5089],[126.7437,37.5104],[126.7455,37.5146],[126.7506,37.515],[126.7519,37.5154],[126.752,37.5164],[126.755,37.5166],[126.7596,37.5156],[126.7603,37.5159],[126.7601,37.518],[126.761,37.518],[126.7609,37.5151],[126.7583,37.5054]]]]}},{"type":"Feature","properties":{"c":"4119269000","n":"경기도 부천시원미구 상2동","sg":"부천시원미구","sd":"경기도","p":27531,"a":1.747,"d":15761},"geometry":{"type":"MultiPolygon","coordinates":[[[[126.756,37.4972],[126.7479,37.4973],[126.7479,37.488],[126.7424,37.4885],[126.7416,37.4951],[126.7436,37.5015],[126.7422,37.5064],[126.7583,37.5054],[126.756,37.4972]]]]}},{"type":"Feature","properties":{"c":"4119460000","n":"경기도 부천시소사구 송내2동","sg":"부천시소사구","sd":"경기도","p":23503,"a":1.204,"d":19518},"geometry":{"type":"MultiPolygon","coordinates":[[[[126.7743,37.4852],[126.7739,37.479],[126.7731,37.4792],[126.7727,37.4776],[126.7717,37.4767],[126.7723,37.4761],[126.7713,37.4743],[126.7719,37.4724],[126.7716,37.4718],[126.7677,37.4718],[126.7673,37.4733],[126.7652,37.4752],[126.7622,37.4756],[126.7618,37.4763],[126.7629,37.477],[126.7639,37.479],[126.7638,37.4837],[126.7646,37.4867],[126.7743,37.4852]]]]}},{"type":"Feature","properties":{"c":"4119451000","n":"경기도 부천시소사구 심곡본1동","sg":"부천시소사구","sd":"경기도","p":15038,"a":0.754,"d":19945},"geometry":{"type":"MultiPolygon","coordinates":[[[[126.7799,37.4846],[126.7787,37.4769],[126.778,37.4764],[126.7783,37.476],[126.7792,37.4764],[126.7797,37.4755],[126.7779,37.4741],[126.7774,37.4726],[126.7781,37.4718],[126.7771,37.4722],[126.7746,37.4714],[126.7719,37.4724],[126.7713,37.4743],[126.7723,37.4761],[126.7717,37.4767],[126.7727,37.4776],[126.7731,37.4792],[126.7739,37.479],[126.7743,37.4852],[126.7799,37.4846]]]]}},{"type":"Feature","properties":{"c":"4119452000","n":"경기도 부천시소사구 심곡본동","sg":"부천시소사구","sd":"경기도","p":13837,"a":0.96,"d":14417},"geometry":{"type":"MultiPolygon","coordinates":[[[[126.7781,37.4718],[126.7774,37.4726],[126.7779,37.4741],[126.7797,37.4755],[126.7792,37.4764],[126.7783,37.476],[126.778,37.4764],[126.7787,37.4769],[126.7799,37.4846],[126.7918,37.4828],[126.7922,37.4823],[126.7897,37.4826],[126.7895,37.4811],[126.7874,37.4802],[126.7859,37.4754],[126.785,37.4747],[126.785,37.4737],[126.784,37.4733],[126.7843,37.4724],[126.7805,37.4715],[126.7781,37.4718]]]]}},{"type":"Feature","properties":{"c":"4119454000","n":"경기도 부천시소사구 소사본1동","sg":"부천시소사구","sd":"경기도","p":27090,"a":1.023,"d":26475},"geometry":{"type":"MultiPolygon","coordinates":[[[[126.7998,37.4642],[126.7956,37.4714],[126.7956,37.4786],[126.8002,37.4784],[126.8021,37.4777],[126.8012,37.4752],[126.803,37.4747],[126.8041,37.4736],[126.8063,37.4748],[126.8068,37.4741],[126.8054,37.4735],[126.8055,37.4723],[126.8043,37.4715],[126.805,37.4707],[126.8052,37.4666],[126.8037,37.4649],[126.8011,37.4637],[126.7998,37.4642]]]]}},{"type":"Feature","properties":{"c":"4119455000","n":"경기도 부천시소사구 범박동","sg":"부천시소사구","sd":"경기도","p":28319,"a":1.102,"d":25687},"geometry":{"type":"MultiPolygon","coordinates":[[[[126.8159,37.474],[126.8111,37.4649],[126.807,37.462],[126.8054,37.4617],[126.8031,37.4617],[126.8024,37.4627],[126.8009,37.4629],[126.8016,37.4642],[126.8037,37.4649],[126.8052,37.4666],[126.805,37.4707],[126.8043,37.4715],[126.8055,37.4723],[126.8054,37.4735],[126.8068,37.4741],[126.8063,37.4748],[126.8082,37.4758],[126.8096,37.4757],[126.8104,37.4752],[126.8134,37.4752],[126.8159,37.474]]]]}},{"type":"Feature","properties":{"c":"4119458000","n":"경기도 부천시소사구 역곡3동","sg":"부천시소사구","sd":"경기도","p":21688,"a":1.035,"d":20949},"geometry":{"type":"MultiPolygon","coordinates":[[[[126.8148,37.4747],[126.8118,37.4752],[126.8122,37.4758],[126.8107,37.4771],[126.812,37.4782],[126.8111,37.4783],[126.8113,37.4804],[126.8087,37.4842],[126.816,37.487],[126.8206,37.4908],[126.8227,37.49],[126.8235,37.4877],[126.8194,37.4855],[126.8196,37.4803],[126.8182,37.4781],[126.8171,37.4781],[126.8153,37.4765],[126.8148,37.4747]]]]}},{"type":"Feature","properties":{"c":"4119456000","n":"경기도 부천시소사구 옥길동","sg":"부천시소사구","sd":"경기도","p":30925,"a":2.98,"d":10378},"geometry":{"type":"MultiPolygon","coordinates":[[[[126.807,37.462],[126.8121,37.4659],[126.8159,37.474],[126.8178,37.4732],[126.8187,37.4741],[126.8185,37.4752],[126.8195,37.4751],[126.8192,37.4762],[126.8212,37.4763],[126.8217,37.4753],[126.8251,37.4768],[126.8288,37.4761],[126.8318,37.4776],[126.833,37.4773],[126.8323,37.4763],[126.832,37.4734],[126.8335,37.4687],[126.8332,37.4659],[126.8315,37.4663],[126.8311,37.4648],[126.8277,37.4632],[126.8254,37.459],[126.8238,37.4592],[126.8232,37.4583],[126.8209,37.4586],[126.8197,37.4595],[126.8177,37.4592],[126.8155,37.461],[126.8132,37.4599],[126.8133,37.4587],[126.8127,37.4592],[126.8118,37.4589],[126.8115,37.4599],[126.8089,37.4621],[126.807,37.462]]]]}},{"type":"Feature","properties":{"c":"4119654000","n":"경기도 부천시오정구 고강본동","sg":"부천시오정구","sd":"경기도","p":24538,"a":1.533,"d":16005},"geometry":{"type":"MultiPolygon","coordinates":[[[[126.8256,37.5198],[126.8226,37.521],[126.8196,37.5211],[126.8183,37.5219],[126.818,37.5228],[126.8152,37.5226],[126.8161,37.5266],[126.816,37.5358],[126.8165,37.5379],[126.8192,37.5388],[126.8218,37.5392],[126.8224,37.5365],[126.8218,37.5349],[126.8227,37.5338],[126.8235,37.5338],[126.8235,37.5325],[126.8255,37.5298],[126.8271,37.5298],[126.8281,37.529],[126.8279,37.5282],[126.8288,37.5265],[126.8264,37.525],[126.8253,37.5231],[126.8256,37.5198]]]]}},{"type":"Feature","properties":{"c":"4119651000","n":"경기도 부천시오정구 성곡동","sg":"부천시오정구","sd":"경기도","p":36908,"a":4.625,"d":7979},"geometry":{"type":"MultiPolygon","coordinates":[[[[126.8104,37.5219],[126.8121,37.5204],[126.8133,37.5208],[126.814,37.5201],[126.8152,37.5203],[126.815,37.5208],[126.8175,37.5209],[126.8183,37.5219],[126.8196,37.5211],[126.8226,37.521],[126.8256,37.5198],[126.8232,37.5162],[126.8245,37.513],[126.8239,37.511],[126.824,37.5091],[126.8247,37.5083],[126.8222,37.5076],[126.8224,37.5061],[126.815,37.5057],[126.8037,37.5068],[126.8014,37.5062],[126.7995,37.5068],[126.7975,37.5059],[126.7956,37.5061],[126.7944,37.507],[126.7911,37.5068],[126.7914,37.5091],[126.7912,37.5103],[126.79,37.5109],[126.7902,37.513],[126.7923,37.5151],[126.7942,37.5158],[126.7938,37.5173],[126.7953,37.5176],[126.7951,37.5203],[126.796,37.5202],[126.7953,37.5223],[126.8049,37.5213],[126.8104,37.5219]]]]}},{"type":"Feature","properties":{"c":"4119656000","n":"경기도 부천시오정구 오정동","sg":"부천시오정구","sd":"경기도","p":18324,"a":6.755,"d":2713},"geometry":{"type":"MultiPolygon","coordinates":[[[[126.7944,37.5358],[126.7969,37.5297],[126.7982,37.5286],[126.7974,37.5285],[126.7968,37.5271],[126.798,37.5268],[126.7975,37.5244],[126.7948,37.5233],[126.7953,37.5223],[126.7789,37.5241],[126.7789,37.5247],[126.7834,37.5273],[126.781,37.5273],[126.7797,37.5266],[126.7761,37.527],[126.771,37.5304],[126.7695,37.53],[126.7646,37.5312],[126.7645,37.5335],[126.7607,37.5356],[126.7642,37.5498],[126.765,37.5505],[126.7642,37.5508],[126.7665,37.5529],[126.7662,37.5541],[126.7678,37.5533],[126.7676,37.552],[126.7701,37.551],[126.7717,37.5483],[126.7754,37.5491],[126.7768,37.5482],[126.7776,37.5466],[126.7874,37.5459],[126.7918,37.5437],[126.792,37.5418],[126.7948,37.5415],[126.7943,37.5401],[126.7933,37.5397],[126.7942,37.5382],[126.7944,37.5358]]]]}},{"type":"Feature","properties":{"c":"4119653000","n":"경기도 부천시오정구 원종2동","sg":"부천시오정구","sd":"경기도","p":17019,"a":0.627,"d":27128},"geometry":{"type":"MultiPolygon","coordinates":[[[[126.7969,37.5297],[126.7982,37.53],[126.8049,37.5292],[126.8049,37.5213],[126.7953,37.5223],[126.7948,37.5233],[126.7975,37.5244],[126.798,37.5268],[126.7968,37.5271],[126.7974,37.5285],[126.7982,37.5286],[126.7969,37.5297]]]]}},{"type":"Feature","properties":{"c":"4119652000","n":"경기도 부천시오정구 원종1동","sg":"부천시오정구","sd":"경기도","p":23836,"a":1.378,"d":17297},"geometry":{"type":"MultiPolygon","coordinates":[[[[126.8049,37.5213],[126.8049,37.5292],[126.7982,37.53],[126.7969,37.5297],[126.7944,37.5358],[126.7984,37.5376],[126.807,37.5363],[126.8063,37.5338],[126.8078,37.5324],[126.8092,37.532],[126.8094,37.5302],[126.8115,37.5298],[126.8112,37.522],[126.8049,37.5213]]]]}},{"type":"Feature","properties":{"c":"4115063000","n":"경기도 의정부시 고산동","sg":"의정부시","sd":"경기도","p":30720,"a":11.696,"d":2627},"geometry":{"type":"MultiPolygon","coordinates":[[[[127.0807,37.7113],[127.0835,37.7141],[127.0855,37.7148],[127.0865,37.7218],[127.0878,37.7221],[127.0888,37.7247],[127.0901,37.7252],[127.0915,37.7274],[127.0877,37.7295],[127.0877,37.73],[127.0903,37.731],[127.0898,37.7322],[127.0937,37.7359],[127.0945,37.7353],[127.096,37.7357],[127.0987,37.7344],[127.1009,37.7374],[127.1053,37.7408],[127.1151,37.746],[127.1282,37.7471],[127.129,37.7455],[127.1263,37.7438],[127.1237,37.7386],[127.1237,37.735],[127.1256,37.7335],[127.1258,37.7275],[127.1241,37.726],[127.1237,37.7229],[127.123,37.7221],[127.1182,37.7208],[127.1166,37.718],[127.1126,37.7178],[127.1117,37.7172],[127.1093,37.7128],[127.109,37.7086],[127.1071,37.7077],[127.1037,37.7072],[127.1015,37.7049],[127.0991,37.7048],[127.0966,37.7022],[127.095,37.7027],[127.094,37.7038],[127.0912,37.7025],[127.0838,37.7017],[127.082,37.7034],[127.0817,37.7044],[127.0797,37.7056],[127.0792,37.7089],[127.0807,37.7113]]]]}},{"type":"Feature","properties":{"c":"1123053300","n":"서울특별시 동대문구 용두동","sg":"동대문구","sd":"서울특별시","p":22682,"a":0.73,"d":31075},"geometry":{"type":"MultiPolygon","coordinates":[[[[127.0365,37.5725],[127.0348,37.5732],[127.0346,37.574],[127.0307,37.5739],[127.0298,37.5812],[127.0316,37.5813],[127.0328,37.5781],[127.0387,37.5782],[127.0425,37.5793],[127.0449,37.5774],[127.0422,37.573],[127.0365,37.5725]]]]}},{"type":"Feature","properties":{"c":"4146153600","n":"경기도 용인시처인구 유림2동","sg":"용인시처인구","sd":"경기도","p":38349,"a":6.303,"d":6085},"geometry":{"type":"MultiPolygon","coordinates":[[[[127.2111,37.2413],[127.2135,37.2436],[127.2142,37.2452],[127.2141,37.2487],[127.2189,37.2529],[127.2192,37.2546],[127.2174,37.26],[127.214,37.2654],[127.2258,37.2666],[127.2279,37.2661],[127.2263,37.2642],[127.2302,37.2603],[127.232,37.2597],[127.2359,37.26],[127.2368,37.2607],[127.2376,37.2591],[127.2379,37.2541],[127.2359,37.2525],[127.2339,37.2519],[127.232,37.2493],[127.234,37.2489],[127.2369,37.2498],[127.2422,37.2477],[127.2432,37.243],[127.2467,37.2386],[127.2351,37.2407],[127.2304,37.2355],[127.2256,37.2342],[127.2222,37.2338],[127.2164,37.236],[127.2155,37.2384],[127.2111,37.2413]]]]}},{"type":"Feature","properties":{"c":"2829058000","n":"인천광역시 검단구 아라2동","sg":"검단구","sd":"인천광역시","p":32297,"a":1.576,"d":20496},"geometry":{"type":"MultiPolygon","coordinates":[[[[126.7219,37.5959],[126.7137,37.5923],[126.7093,37.5917],[126.7066,37.5916],[126.7044,37.5922],[126.7025,37.5931],[126.7031,37.5941],[126.702,37.5943],[126.7025,37.5958],[126.7053,37.5966],[126.7047,37.5976],[126.7028,37.5975],[126.7038,37.5997],[126.7033,37.6005],[126.7039,37.6007],[126.7046,37.6026],[126.7066,37.6034],[126.7084,37.6049],[126.7099,37.6051],[126.712,37.6048],[126.7171,37.5986],[126.7181,37.5978],[126.7191,37.5979],[126.7219,37.5959]]]]}},{"type":"Feature","properties":{"c":"2815555000","n":"인천광역시 영종구 운서2동","sg":"영종구","sd":"인천광역시","p":22864,"a":8.505,"d":2688},"geometry":{"type":"MultiPolygon","coordinates":[[[[126.5003,37.4547],[126.4897,37.4569],[126.4892,37.461],[126.4857,37.4725],[126.4856,37.4783],[126.4865,37.4816],[126.489,37.4855],[126.501,37.5016],[126.5053,37.5049],[126.5087,37.5047],[126.5101,37.5034],[126.5096,37.4996],[126.5123,37.4953],[126.5165,37.4936],[126.5172,37.4896],[126.515,37.4849],[126.5105,37.4808],[126.5074,37.4808],[126.5059,37.4835],[126.5028,37.4823],[126.4996,37.4791],[126.503,37.4771],[126.5043,37.4756],[126.5053,37.4712],[126.5071,37.4681],[126.5057,37.466],[126.5062,37.4639],[126.5003,37.4547]]]]}},{"type":"Feature","properties":{"c":"2829054000","n":"인천광역시 검단구 당하동","sg":"검단구","sd":"인천광역시","p":43349,"a":6.166,"d":7030},"geometry":{"type":"MultiPolygon","coordinates":[[[[126.6631,37.5765],[126.6615,37.5788],[126.6574,37.5792],[126.6548,37.577],[126.6497,37.5797],[126.6495,37.5826],[126.6513,37.5827],[126.6532,37.582],[126.6582,37.5829],[126.6583,37.5837],[126.667,37.5843],[126.6695,37.584],[126.6691,37.5862],[126.668,37.5868],[126.6664,37.5868],[126.664,37.5895],[126.6635,37.5909],[126.6647,37.5918],[126.6635,37.5936],[126.667,37.5943],[126.6728,37.5937],[126.6791,37.5937],[126.6884,37.5946],[126.6877,37.593],[126.6902,37.5901],[126.6901,37.5891],[126.6888,37.5881],[126.6946,37.5849],[126.693,37.5831],[126.6933,37.5822],[126.6898,37.5827],[126.6861,37.584],[126.682,37.5837],[126.6831,37.5815],[126.6822,37.5774],[126.6861,37.5761],[126.6879,37.5766],[126.6979,37.5738],[126.7003,37.572],[126.6878,37.5714],[126.6606,37.5721],[126.6631,37.5765]]]]}},{"type":"Feature","properties":{"c":"2829055000","n":"인천광역시 검단구 오류왕길동","sg":"검단구","sd":"인천광역시","p":25570,"a":27.909,"d":916},"geometry":{"type":"MultiPolygon","coordinates":[[[[126.6548,37.577],[126.6574,37.5792],[126.6615,37.5788],[126.6631,37.5765],[126.6606,37.5721],[126.6327,37.5698],[126.6069,37.5616],[126.596,37.5592],[126.5933,37.5594],[126.5815,37.5714],[126.5755,37.5834],[126.5726,37.5878],[126.5927,37.593],[126.6041,37.5988],[126.6071,37.6013],[126.6091,37.6042],[126.6125,37.6054],[126.6147,37.6059],[126.6234,37.6028],[126.6277,37.606],[126.6346,37.6063],[126.6455,37.6049],[126.6561,37.6027],[126.6639,37.5991],[126.6613,37.5968],[126.6611,37.5958],[126.6647,37.5918],[126.6635,37.5909],[126.664,37.5895],[126.6664,37.5868],[126.668,37.5868],[126.6691,37.5862],[126.6695,37.584],[126.667,37.5843],[126.6583,37.5837],[126.6582,37.5829],[126.6532,37.582],[126.6513,37.5827],[126.6495,37.5826],[126.6497,37.5797],[126.6548,37.577]]]]}},{"type":"Feature","properties":{"c":"2829056000","n":"인천광역시 검단구 마전동","sg":"검단구","sd":"인천광역시","p":20969,"a":1.132,"d":18523},"geometry":{"type":"MultiPolygon","coordinates":[[[[126.6884,37.5946],[126.6791,37.5937],[126.6728,37.5937],[126.667,37.5943],[126.6635,37.5936],[126.6611,37.5961],[126.6639,37.5991],[126.6711,37.5997],[126.6751,37.5991],[126.6802,37.5963],[126.6853,37.5975],[126.6895,37.5972],[126.6895,37.596],[126.6884,37.5946]]]]}},{"type":"Feature","properties":{"c":"2827551500","n":"인천광역시 서해구 검암경서동","sg":"서해구","sd":"인천광역시","p":43404,"a":15.513,"d":2798},"geometry":{"type":"MultiPolygon","coordinates":[[[[126.6327,37.5698],[126.6606,37.5721],[126.6878,37.5714],[126.7003,37.572],[126.6991,37.5693],[126.7001,37.5656],[126.7031,37.565],[126.7034,37.5643],[126.7021,37.5605],[126.6995,37.5589],[126.6974,37.5594],[126.6954,37.559],[126.6942,37.5579],[126.6912,37.5581],[126.6899,37.5597],[126.6863,37.5622],[126.6821,37.5621],[126.6792,37.5595],[126.6775,37.5561],[126.6704,37.5537],[126.667,37.5537],[126.6637,37.5525],[126.6606,37.5501],[126.6564,37.5495],[126.6539,37.5469],[126.6499,37.5457],[126.6501,37.5436],[126.6414,37.5473],[126.6409,37.5481],[126.6382,37.5482],[126.6365,37.5493],[126.6322,37.5504],[126.6376,37.5581],[126.6354,37.5585],[126.6293,37.557],[126.6105,37.5523],[126.6098,37.5511],[126.6045,37.5556],[126.5937,37.5543],[126.5933,37.5594],[126.596,37.5592],[126.6069,37.5616],[126.6327,37.5698]]]]}},{"type":"Feature","properties":{"c":"2815552000","n":"인천광역시 영종구 영종1동","sg":"영종구","sd":"인천광역시","p":35799,"a":2.184,"d":16393},"geometry":{"type":"MultiPolygon","coordinates":[[[[126.5534,37.4965],[126.5546,37.4956],[126.5537,37.4948],[126.5552,37.4941],[126.5558,37.4948],[126.5611,37.4914],[126.5589,37.4893],[126.5634,37.4864],[126.5655,37.4884],[126.5708,37.4849],[126.5661,37.4801],[126.5589,37.4783],[126.56,37.4812],[126.558,37.4825],[126.558,37.483],[126.5487,37.4837],[126.5461,37.4831],[126.5436,37.4873],[126.5534,37.4965]]]]}},{"type":"Feature","properties":{"c":"2815553000","n":"인천광역시 영종구 영종2동","sg":"영종구","sd":"인천광역시","p":27572,"a":3.395,"d":8122},"geometry":{"type":"MultiPolygon","coordinates":[[[[126.5708,37.4849],[126.5655,37.4884],[126.5634,37.4864],[126.5589,37.4893],[126.5611,37.4914],[126.5558,37.4948],[126.5552,37.4941],[126.5537,37.4948],[126.5546,37.4956],[126.5534,37.4965],[126.5566,37.4992],[126.56,37.501],[126.5745,37.505],[126.5768,37.5035],[126.5764,37.5027],[126.5804,37.4934],[126.5795,37.4922],[126.5804,37.4921],[126.5808,37.4926],[126.5828,37.4913],[126.5823,37.4913],[126.5823,37.4897],[126.5814,37.49],[126.5774,37.4882],[126.5765,37.4883],[126.5708,37.4849]]]]}},{"type":"Feature","properties":{"c":"4129052000","n":"경기도 과천시 갈현동","sg":"과천시","sd":"경기도","p":19745,"a":2.272,"d":8690},"geometry":{"type":"MultiPolygon","coordinates":[[[[126.9708,37.4163],[126.9742,37.4183],[126.9765,37.4188],[126.9774,37.4186],[126.9775,37.4181],[126.9792,37.418],[126.9789,37.4157],[126.9806,37.4154],[126.9811,37.4167],[126.982,37.4168],[126.9819,37.4154],[126.9834,37.4161],[126.9844,37.4151],[126.9869,37.4173],[126.9914,37.4178],[126.992,37.4175],[126.9912,37.4155],[126.9913,37.4129],[126.9906,37.412],[126.9934,37.4097],[126.9943,37.4101],[126.9954,37.4096],[127.0008,37.4057],[127.0005,37.4052],[126.9997,37.4046],[126.995,37.4051],[126.992,37.4077],[126.9883,37.4079],[126.9858,37.4066],[126.9826,37.4007],[126.9808,37.4028],[126.9783,37.4034],[126.9762,37.4061],[126.9753,37.4126],[126.9738,37.415],[126.9708,37.4163]]]]}},{"type":"Feature","properties":{"c":"4129051500","n":"경기도 과천시 원문동","sg":"과천시","sd":"경기도","p":16184,"a":2.26,"d":7161},"geometry":{"type":"MultiPolygon","coordinates":[[[[126.9914,37.4178],[126.9869,37.4173],[126.9844,37.4151],[126.9834,37.4161],[126.9819,37.4154],[126.982,37.4168],[126.9811,37.4167],[126.9806,37.4154],[126.9789,37.4157],[126.9792,37.418],[126.9775,37.4181],[126.9774,37.4186],[126.9742,37.4183],[126.9708,37.4163],[126.966,37.4182],[126.9639,37.4192],[126.9628,37.4207],[126.9609,37.426],[126.9618,37.4269],[126.9626,37.4311],[126.9642,37.4314],[126.9662,37.4275],[126.9706,37.4247],[126.9719,37.4226],[126.9711,37.4223],[126.9725,37.4213],[126.9736,37.4213],[126.9778,37.4232],[126.9807,37.423],[126.9892,37.4239],[126.9894,37.4258],[126.9963,37.4219],[126.9936,37.4185],[126.9914,37.4178]]]]}}]}